farmer_id,region,coop_member,farm_size_hectares,primary_crop,mobile_money_inflow,subsidy_status,loan_amount_requested,default_flag
NMB-AGRI-00000,Morogoro,0,9.4,Maize,4990160.445899134,0,2716000.0,1
NMB-AGRI-00001,Mwanza,0,3.3,Maize,2196688.452672162,1,2034000.0,0
NMB-AGRI-00002,Mbeya,1,4.4,Coffee,3938549.4930080967,1,568000.0,0
NMB-AGRI-00003,Mwanza,0,8.0,Rice,6530671.273508417,1,3063000.0,1
NMB-AGRI-00004,Mwanza,1,5.7,Maize,3403208.546605253,1,4364000.0,1
NMB-AGRI-00005,Arusha,1,5.7,Rice,5316162.613837087,0,3492000.0,0
NMB-AGRI-00006,Mbeya,0,1.0,Coffee,838115.7716595628,0,2031000.0,1
NMB-AGRI-00007,Mbeya,0,4.3,Rice,2677262.6479669856,1,813000.0,1
NMB-AGRI-00008,Mbeya,1,3.1,Rice,2467963.1048969175,0,4118000.0,1
NMB-AGRI-00009,Mwanza,0,10.0,Coffee,13864360.553553905,1,4720000.0,1
NMB-AGRI-00010,Morogoro,1,3.4,Rice,2726966.1426637564,0,2064000.0,1
NMB-AGRI-00011,Mbeya,1,8.9,Maize,10804203.26685426,0,3697000.0,0
NMB-AGRI-00012,Mwanza,1,6.9,Maize,7673124.849638515,1,2172000.0,1
NMB-AGRI-00013,Arusha,0,3.7,Maize,3430570.300910976,0,2611000.0,1
NMB-AGRI-00014,Morogoro,0,5.7,Maize,4212446.129780915,1,4215000.0,0
NMB-AGRI-00015,Arusha,0,8.5,Rice,7386624.944440536,0,600000.0,0
NMB-AGRI-00016,Morogoro,0,8.9,Maize,9719754.199892282,1,2746000.0,1
NMB-AGRI-00017,Mwanza,1,2.0,Rice,1701506.4294987097,0,1230000.0,1
NMB-AGRI-00018,Dodoma,1,3.7,Cashew,2645116.804224658,0,1831000.0,0
NMB-AGRI-00019,Morogoro,0,3.7,Rice,2280912.1708990387,0,3293000.0,1
NMB-AGRI-00020,Arusha,0,0.9,Maize,1241790.244118609,0,331000.0,1
NMB-AGRI-00021,Mwanza,0,6.2,Cashew,5829940.449661816,1,3050000.0,1
NMB-AGRI-00022,Morogoro,1,8.6,Coffee,9676791.566989198,0,1561000.0,1
NMB-AGRI-00023,Dodoma,0,4.1,Rice,4060682.4806609014,0,3414000.0,0
NMB-AGRI-00024,Dodoma,1,7.5,Maize,10294248.887684725,0,880000.0,1
NMB-AGRI-00025,Mbeya,0,6.5,Maize,6805076.54091337,0,3732000.0,1
NMB-AGRI-00026,Mbeya,1,4.1,Maize,4021203.8135913643,0,3299000.0,0
NMB-AGRI-00027,Arusha,1,1.8,Coffee,2564281.782759083,0,4862000.0,1
NMB-AGRI-00028,Morogoro,0,7.2,Cashew,8781765.091526551,0,4574000.0,1
NMB-AGRI-00029,Morogoro,0,8.6,Cashew,5259329.203182973,1,1560000.0,0
NMB-AGRI-00030,Mbeya,1,7.0,Maize,4743931.228377699,0,331000.0,0
NMB-AGRI-00031,Morogoro,0,0.7,Rice,900986.0040576094,1,3346000.0,1
NMB-AGRI-00032,Morogoro,1,2.6,Maize,3473213.4350678814,0,3094000.0,0
NMB-AGRI-00033,Dodoma,1,1.2,Maize,1254228.9949083559,0,332000.0,1
NMB-AGRI-00034,Mbeya,1,5.9,Rice,6221285.844413172,0,789000.0,0
NMB-AGRI-00035,Mwanza,1,7.7,Maize,8715883.813956123,0,3007000.0,0
NMB-AGRI-00036,Mbeya,0,1.6,Coffee,1502585.2388522234,0,4577000.0,0
NMB-AGRI-00037,Mwanza,0,8.5,Maize,10031692.549613183,1,4551000.0,1
NMB-AGRI-00038,Dodoma,1,5.8,Coffee,3529191.293885211,0,927000.0,1
NMB-AGRI-00039,Arusha,0,7.1,Maize,10375082.620808443,1,2046000.0,1
NMB-AGRI-00040,Morogoro,1,9.7,Cashew,12126501.790810741,0,407000.0,1
NMB-AGRI-00041,Dodoma,0,1.3,Rice,1470526.465211709,0,2453000.0,1
NMB-AGRI-00042,Morogoro,0,9.1,Cashew,7428530.718786274,0,3815000.0,1
NMB-AGRI-00043,Arusha,1,1.7,Maize,1123624.3286764396,1,3992000.0,0
NMB-AGRI-00044,Arusha,0,4.2,Maize,3819240.4480815674,0,2595000.0,0
NMB-AGRI-00045,Dodoma,1,8.6,Coffee,9989559.968936903,1,660000.0,1
NMB-AGRI-00046,Arusha,1,9.1,Maize,10316758.665150307,0,2031000.0,0
NMB-AGRI-00047,Mwanza,1,5.3,Maize,4677998.121847528,0,4674000.0,0
NMB-AGRI-00048,Arusha,1,6.1,Maize,6791047.00238209,0,1302000.0,1
NMB-AGRI-00049,Morogoro,1,7.2,Cashew,9458987.728086341,1,1735000.0,0
NMB-AGRI-00050,Morogoro,1,8.4,Coffee,4420792.0876359,1,3785000.0,1
NMB-AGRI-00051,Morogoro,0,1.7,Cashew,1616055.7814814686,0,3721000.0,1
NMB-AGRI-00052,Morogoro,1,8.2,Coffee,10320152.873427685,1,4579000.0,0
NMB-AGRI-00053,Mwanza,1,5.1,Cashew,5335336.799363223,0,2063000.0,0
NMB-AGRI-00054,Mbeya,1,4.8,Maize,5527085.222059536,1,2670000.0,1
NMB-AGRI-00055,Dodoma,1,4.5,Cashew,4575043.766724039,1,2443000.0,0
NMB-AGRI-00056,Morogoro,0,5.3,Cashew,7906935.086816248,1,4653000.0,1
NMB-AGRI-00057,Arusha,1,9.5,Coffee,5268904.596645864,1,3893000.0,0
NMB-AGRI-00058,Morogoro,1,5.7,Coffee,5648955.484102551,0,4191000.0,0
NMB-AGRI-00059,Arusha,0,9.6,Cashew,5677598.871499369,0,839000.0,1
NMB-AGRI-00060,Arusha,1,2.2,Coffee,1451528.236649855,0,4001000.0,0
NMB-AGRI-00061,Morogoro,1,7.4,Coffee,6534483.793095138,0,2278000.0,1
NMB-AGRI-00062,Mwanza,1,8.2,Coffee,5375428.750303996,0,312000.0,1
NMB-AGRI-00063,Arusha,1,7.0,Rice,10245810.161696557,0,488000.0,0
NMB-AGRI-00064,Arusha,1,6.3,Coffee,9114775.593368502,0,3454000.0,1
NMB-AGRI-00065,Morogoro,0,5.9,Rice,4933046.912701562,0,1986000.0,1
NMB-AGRI-00066,Arusha,1,8.7,Rice,9915805.09472781,0,4367000.0,0
NMB-AGRI-00067,Arusha,0,8.3,Coffee,8580152.560928425,0,3725000.0,1
NMB-AGRI-00068,Morogoro,1,1.7,Cashew,2236497.8668768066,1,304000.0,1
NMB-AGRI-00069,Morogoro,1,8.6,Coffee,9696032.244425705,0,3497000.0,1
NMB-AGRI-00070,Dodoma,0,4.4,Maize,2201110.7997584734,1,1123000.0,1
NMB-AGRI-00071,Mwanza,0,2.9,Cashew,3663205.718268243,0,2228000.0,1
NMB-AGRI-00072,Mwanza,1,8.8,Rice,10972263.467405839,0,3199000.0,1
NMB-AGRI-00073,Arusha,0,4.6,Rice,4644724.445605813,0,4389000.0,0
NMB-AGRI-00074,Mwanza,1,8.2,Cashew,11503935.580511041,0,2389000.0,0
NMB-AGRI-00075,Arusha,0,3.0,Cashew,4225338.617071205,0,4081000.0,1
NMB-AGRI-00076,Dodoma,0,0.5,Coffee,511955.8383521986,0,3958000.0,1
NMB-AGRI-00077,Morogoro,1,5.2,Rice,5761538.802221996,0,2190000.0,0
NMB-AGRI-00078,Morogoro,1,1.5,Maize,2244783.1078870087,0,2605000.0,0
NMB-AGRI-00079,Morogoro,1,7.7,Coffee,6150915.808047915,1,3562000.0,1
NMB-AGRI-00080,Mwanza,0,3.1,Cashew,2556313.45116558,0,350000.0,0
NMB-AGRI-00081,Dodoma,1,4.7,Rice,3209037.342518433,0,4476000.0,1
NMB-AGRI-00082,Mwanza,1,1.3,Cashew,1814627.020905228,0,3895000.0,0
NMB-AGRI-00083,Mwanza,1,3.2,Cashew,3982362.8478376525,0,1397000.0,1
NMB-AGRI-00084,Dodoma,1,7.9,Cashew,4784578.506074911,1,4910000.0,0
NMB-AGRI-00085,Dodoma,1,1.9,Coffee,2815357.9672761345,0,1061000.0,1
NMB-AGRI-00086,Dodoma,1,6.6,Maize,8124347.273863366,0,4588000.0,0
NMB-AGRI-00087,Dodoma,0,9.2,Maize,12424803.408365764,0,1757000.0,1
NMB-AGRI-00088,Morogoro,1,7.0,Rice,3837055.524212407,0,3863000.0,1
NMB-AGRI-00089,Mbeya,0,8.2,Cashew,8240679.535325774,0,2391000.0,0
NMB-AGRI-00090,Mbeya,1,1.5,Maize,1797897.4300905587,1,3735000.0,0
NMB-AGRI-00091,Dodoma,0,2.9,Cashew,3024545.09525834,0,948000.0,0
NMB-AGRI-00092,Mbeya,1,9.0,Rice,10499827.191293497,0,1494000.0,1
NMB-AGRI-00093,Mbeya,1,7.3,Cashew,9620480.66421045,0,679000.0,0
NMB-AGRI-00094,Dodoma,0,6.6,Maize,5770624.615537294,0,4353000.0,0
NMB-AGRI-00095,Mbeya,0,6.8,Cashew,9170946.994207226,0,1622000.0,1
NMB-AGRI-00096,Mwanza,0,4.4,Maize,2916830.8609672794,0,3533000.0,1
NMB-AGRI-00097,Arusha,1,0.9,Rice,693797.4495237373,0,4137000.0,0
NMB-AGRI-00098,Arusha,1,8.0,Cashew,4346764.959418606,0,4527000.0,0
NMB-AGRI-00099,Dodoma,0,6.9,Maize,5964544.998213233,0,710000.0,0
NMB-AGRI-00100,Morogoro,1,5.0,Rice,4399547.724120602,0,4486000.0,0
NMB-AGRI-00101,Dodoma,0,9.0,Cashew,11747435.37486526,0,1147000.0,0
NMB-AGRI-00102,Morogoro,1,3.7,Rice,4266583.480071728,0,3737000.0,0
NMB-AGRI-00103,Arusha,1,3.3,Maize,3091184.4419136997,0,3698000.0,0
NMB-AGRI-00104,Dodoma,0,8.8,Cashew,10138603.011888986,0,241000.0,0
NMB-AGRI-00105,Mwanza,1,8.1,Cashew,4477545.139177099,1,1259000.0,0
NMB-AGRI-00106,Mbeya,0,5.4,Cashew,3673466.2944992315,1,2561000.0,1
NMB-AGRI-00107,Morogoro,0,1.7,Rice,1915811.3539109835,1,2216000.0,1
NMB-AGRI-00108,Mbeya,0,2.5,Rice,2853417.0480632554,1,4609000.0,1
NMB-AGRI-00109,Mbeya,0,6.7,Maize,8536702.21333976,1,1927000.0,0
NMB-AGRI-00110,Dodoma,1,4.2,Coffee,3792598.988025129,1,4698000.0,1
NMB-AGRI-00111,Mbeya,1,8.4,Cashew,10269454.411575712,1,2405000.0,1
NMB-AGRI-00112,Mwanza,1,9.5,Cashew,11247813.1593218,1,4829000.0,1
NMB-AGRI-00113,Mbeya,0,8.2,Maize,11999825.702632762,0,3739000.0,0
NMB-AGRI-00114,Dodoma,0,4.1,Cashew,2932033.9283411843,0,4181000.0,0
NMB-AGRI-00115,Mwanza,1,8.0,Rice,8413436.510021117,1,703000.0,0
NMB-AGRI-00116,Arusha,1,3.8,Rice,4186704.880019783,0,3013000.0,1
NMB-AGRI-00117,Mbeya,0,2.1,Cashew,3147160.5583618637,1,885000.0,1
NMB-AGRI-00118,Dodoma,1,0.8,Cashew,560947.3137333214,0,1629000.0,1
NMB-AGRI-00119,Arusha,1,4.2,Rice,4297515.6838626275,0,3193000.0,1
NMB-AGRI-00120,Arusha,1,9.1,Cashew,7700286.3001941135,1,3686000.0,0
NMB-AGRI-00121,Morogoro,1,2.8,Rice,2872500.3120211996,1,388000.0,1
NMB-AGRI-00122,Mwanza,0,2.5,Coffee,1830321.5052577648,0,2749000.0,1
NMB-AGRI-00123,Mbeya,0,9.7,Coffee,5311840.070746635,1,2914000.0,1
NMB-AGRI-00124,Dodoma,1,0.7,Cashew,750795.8177283823,1,578000.0,1
NMB-AGRI-00125,Morogoro,0,8.0,Cashew,6686834.526886657,0,2603000.0,1
NMB-AGRI-00126,Mwanza,1,3.6,Cashew,2454989.0462943614,0,3626000.0,1
NMB-AGRI-00127,Morogoro,1,0.9,Rice,741542.0094702304,0,455000.0,1
NMB-AGRI-00128,Mwanza,0,9.2,Coffee,5053377.853319254,0,3849000.0,1
NMB-AGRI-00129,Mwanza,1,1.8,Coffee,2610796.021362186,0,2967000.0,1
NMB-AGRI-00130,Mbeya,0,5.7,Maize,6162543.115347585,0,4199000.0,1
NMB-AGRI-00131,Mwanza,1,3.1,Maize,4075782.9121757774,0,1247000.0,0
NMB-AGRI-00132,Morogoro,1,1.1,Cashew,1015430.0173025036,1,4200000.0,1
NMB-AGRI-00133,Mwanza,1,1.0,Rice,1403314.6675661858,0,654000.0,0
NMB-AGRI-00134,Mbeya,1,1.6,Cashew,1573309.1544836054,0,2138000.0,0
NMB-AGRI-00135,Mbeya,1,1.2,Coffee,1288734.3866408032,0,1158000.0,1
NMB-AGRI-00136,Morogoro,1,7.7,Cashew,7636813.646482457,1,4405000.0,1
NMB-AGRI-00137,Arusha,1,5.1,Cashew,6289719.308925023,1,3584000.0,1
NMB-AGRI-00138,Arusha,0,3.8,Coffee,4053293.094887837,0,322000.0,1
NMB-AGRI-00139,Mwanza,0,4.5,Coffee,3472195.15611179,1,246000.0,0
NMB-AGRI-00140,Dodoma,0,9.3,Coffee,6003517.641300611,1,1598000.0,1
NMB-AGRI-00141,Mwanza,0,9.2,Coffee,10176344.377723394,1,888000.0,0
NMB-AGRI-00142,Morogoro,1,7.3,Maize,7221013.719293364,1,3225000.0,1
NMB-AGRI-00143,Morogoro,1,8.9,Rice,5304183.700595406,0,3386000.0,0
NMB-AGRI-00144,Morogoro,1,3.5,Rice,3134661.1302764392,0,4721000.0,0
NMB-AGRI-00145,Morogoro,0,4.1,Coffee,4160583.330201859,0,4770000.0,0
NMB-AGRI-00146,Morogoro,1,6.3,Rice,8359427.373101217,0,3363000.0,0
NMB-AGRI-00147,Mbeya,0,6.4,Rice,3687046.7573335194,0,227000.0,1
NMB-AGRI-00148,Arusha,1,5.1,Rice,4327326.276054614,1,1923000.0,0
NMB-AGRI-00149,Morogoro,1,4.3,Rice,5687421.327654657,0,2663000.0,1
NMB-AGRI-00150,Dodoma,0,9.9,Coffee,11369396.92453863,1,2596000.0,0
NMB-AGRI-00151,Dodoma,0,8.3,Cashew,6556654.070971431,0,3096000.0,1
NMB-AGRI-00152,Dodoma,0,4.6,Cashew,6188541.561304154,0,4811000.0,1
NMB-AGRI-00153,Dodoma,1,7.4,Cashew,7350372.496163924,0,4449000.0,0
NMB-AGRI-00154,Mbeya,1,3.1,Maize,3094890.863062428,0,723000.0,1
NMB-AGRI-00155,Dodoma,1,1.5,Rice,2214881.0088005764,1,1477000.0,1
NMB-AGRI-00156,Morogoro,0,3.8,Coffee,5499042.712298239,1,4199000.0,1
NMB-AGRI-00157,Mwanza,1,4.3,Coffee,3691690.5384903285,0,4157000.0,0
NMB-AGRI-00158,Dodoma,1,0.7,Maize,448405.39006415766,1,1522000.0,0
NMB-AGRI-00159,Mbeya,1,8.2,Coffee,6770467.20468037,1,3707000.0,0
NMB-AGRI-00160,Mbeya,0,3.9,Cashew,2068884.7152144134,0,3426000.0,0
NMB-AGRI-00161,Dodoma,0,6.0,Maize,3124607.3202623473,0,2473000.0,1
NMB-AGRI-00162,Mwanza,1,1.2,Coffee,1074626.563501703,0,1167000.0,1
NMB-AGRI-00163,Dodoma,0,2.2,Maize,3170243.609933915,0,4465000.0,0
NMB-AGRI-00164,Mbeya,0,9.0,Maize,12342216.071089868,1,3454000.0,0
NMB-AGRI-00165,Arusha,0,6.3,Coffee,6372089.853681025,0,1011000.0,1
NMB-AGRI-00166,Morogoro,1,9.5,Cashew,10119650.621122891,0,3583000.0,1
NMB-AGRI-00167,Mbeya,1,10.0,Coffee,5059334.967460565,0,3759000.0,1
NMB-AGRI-00168,Dodoma,1,4.0,Rice,2862004.623335062,1,4457000.0,1
NMB-AGRI-00169,Morogoro,1,3.3,Rice,1731754.6188834663,1,1270000.0,1
NMB-AGRI-00170,Dodoma,1,8.7,Coffee,10914493.93444987,0,4946000.0,1
NMB-AGRI-00171,Dodoma,0,10.0,Cashew,6456457.960264977,0,936000.0,1
NMB-AGRI-00172,Arusha,1,6.5,Rice,8898806.166099312,0,3083000.0,1
NMB-AGRI-00173,Morogoro,0,8.1,Rice,9260926.940773884,1,3354000.0,0
NMB-AGRI-00174,Morogoro,1,7.9,Coffee,5762407.544474135,0,2211000.0,0
NMB-AGRI-00175,Arusha,0,3.9,Coffee,2565109.236624674,1,2480000.0,1
NMB-AGRI-00176,Mbeya,0,6.0,Coffee,6765748.2055383185,1,4476000.0,1
NMB-AGRI-00177,Dodoma,0,8.4,Maize,11767030.634371517,0,3297000.0,0
NMB-AGRI-00178,Mwanza,0,7.0,Maize,8528521.532400671,0,2586000.0,1
NMB-AGRI-00179,Dodoma,0,0.7,Maize,593982.6561223643,0,816000.0,0
NMB-AGRI-00180,Dodoma,0,3.7,Coffee,4023319.3024939946,0,235000.0,1
NMB-AGRI-00181,Mbeya,1,1.9,Cashew,1540447.2212076003,0,800000.0,0
NMB-AGRI-00182,Dodoma,1,2.7,Rice,4047703.830302379,0,4790000.0,1
NMB-AGRI-00183,Arusha,1,9.1,Maize,11364436.615002846,0,3868000.0,1
NMB-AGRI-00184,Arusha,1,0.9,Cashew,1002943.4757810782,0,4842000.0,0
NMB-AGRI-00185,Morogoro,1,2.6,Coffee,2400473.771191156,1,371000.0,0
NMB-AGRI-00186,Mwanza,1,3.4,Maize,3801717.7868824946,0,3465000.0,1
NMB-AGRI-00187,Dodoma,1,6.4,Coffee,5386342.799790943,0,413000.0,0
NMB-AGRI-00188,Dodoma,0,5.6,Cashew,2961643.1009649723,1,3954000.0,1
NMB-AGRI-00189,Mbeya,0,2.6,Maize,2327230.1581272455,0,2029000.0,0
NMB-AGRI-00190,Arusha,1,2.1,Maize,3004009.721117721,1,660000.0,1
NMB-AGRI-00191,Mwanza,1,2.7,Maize,3041012.955889438,1,2927000.0,1
NMB-AGRI-00192,Morogoro,1,5.3,Maize,3094965.2262757784,0,1545000.0,0
NMB-AGRI-00193,Arusha,0,3.1,Cashew,4293480.201524581,0,3366000.0,1
NMB-AGRI-00194,Morogoro,0,9.5,Maize,7304311.068744391,0,3359000.0,1
NMB-AGRI-00195,Mbeya,1,4.9,Rice,3644470.5161053645,0,3584000.0,1
NMB-AGRI-00196,Mbeya,0,1.1,Rice,876800.065658353,0,4964000.0,1
NMB-AGRI-00197,Dodoma,1,7.4,Coffee,7971296.547332086,1,2056000.0,0
NMB-AGRI-00198,Mwanza,1,3.6,Maize,3760877.136362316,0,2434000.0,1
NMB-AGRI-00199,Morogoro,1,6.7,Rice,6642472.155973308,0,4062000.0,0
NMB-AGRI-00200,Arusha,1,3.2,Rice,3896117.963240406,1,2976000.0,1
NMB-AGRI-00201,Mbeya,1,5.9,Rice,4817572.614876258,1,379000.0,1
NMB-AGRI-00202,Dodoma,1,7.8,Cashew,10000103.268264962,0,4247000.0,1
NMB-AGRI-00203,Dodoma,1,9.3,Maize,6280491.608920972,0,447000.0,0
NMB-AGRI-00204,Morogoro,1,3.0,Cashew,3847862.367231028,0,1020000.0,1
NMB-AGRI-00205,Mbeya,0,3.7,Cashew,4306097.389426046,1,690000.0,1
NMB-AGRI-00206,Mwanza,0,4.9,Rice,5797720.716783173,0,574000.0,1
NMB-AGRI-00207,Mbeya,0,9.3,Rice,9128446.59328352,1,323000.0,0
NMB-AGRI-00208,Morogoro,1,9.1,Coffee,10619713.947395869,0,464000.0,1
NMB-AGRI-00209,Morogoro,1,1.4,Maize,811715.8651832404,1,2324000.0,0
NMB-AGRI-00210,Mbeya,1,1.8,Maize,2432792.010688861,0,1414000.0,1
NMB-AGRI-00211,Morogoro,0,5.2,Rice,2888845.6141357594,1,807000.0,1
NMB-AGRI-00212,Mbeya,0,1.5,Rice,973112.2648072463,1,3362000.0,1
NMB-AGRI-00213,Arusha,1,3.8,Maize,4091800.8922894984,0,1285000.0,1
NMB-AGRI-00214,Mbeya,0,1.9,Coffee,2354881.7653677138,1,291000.0,1
NMB-AGRI-00215,Mbeya,1,6.5,Rice,3745635.1682506474,1,2208000.0,0
NMB-AGRI-00216,Morogoro,1,9.5,Coffee,13497265.734162036,1,1690000.0,1
NMB-AGRI-00217,Morogoro,1,10.0,Cashew,14736076.488006987,0,1729000.0,1
NMB-AGRI-00218,Dodoma,0,4.1,Rice,4534395.709331615,0,2337000.0,1
NMB-AGRI-00219,Dodoma,0,6.2,Cashew,6083709.423336387,1,3411000.0,1
NMB-AGRI-00220,Arusha,0,8.6,Rice,10675996.761605848,1,3159000.0,1
NMB-AGRI-00221,Dodoma,1,1.6,Cashew,1325371.763723529,0,4699000.0,0
NMB-AGRI-00222,Mbeya,1,7.1,Rice,7052177.482146255,1,2685000.0,1
NMB-AGRI-00223,Morogoro,0,4.4,Coffee,6231064.517983366,0,2468000.0,0
NMB-AGRI-00224,Dodoma,1,2.5,Coffee,3639138.563103834,1,1224000.0,1
NMB-AGRI-00225,Dodoma,1,4.3,Coffee,6136397.199020095,0,3826000.0,1
NMB-AGRI-00226,Arusha,0,1.2,Cashew,914937.6803566081,0,876000.0,1
NMB-AGRI-00227,Arusha,1,7.1,Coffee,5200530.18553902,0,2557000.0,1
NMB-AGRI-00228,Mbeya,1,2.9,Cashew,2313227.0671950113,0,2222000.0,1
NMB-AGRI-00229,Morogoro,0,3.5,Rice,3294588.893359611,0,3360000.0,1
NMB-AGRI-00230,Arusha,0,1.7,Cashew,1384084.6017463382,0,4605000.0,1
NMB-AGRI-00231,Dodoma,1,8.7,Rice,7605651.322929803,0,4744000.0,0
NMB-AGRI-00232,Morogoro,1,5.2,Maize,5827312.1510279495,0,1005000.0,1
NMB-AGRI-00233,Morogoro,1,5.9,Maize,7448901.494854459,1,1457000.0,0
NMB-AGRI-00234,Dodoma,1,5.9,Maize,7289793.369780712,0,4096000.0,1
NMB-AGRI-00235,Arusha,1,4.4,Cashew,5783463.69514827,0,2688000.0,0
NMB-AGRI-00236,Dodoma,0,2.3,Maize,1224024.1273954248,0,2375000.0,1
NMB-AGRI-00237,Morogoro,1,7.6,Maize,4162776.801558546,1,3611000.0,1
NMB-AGRI-00238,Mwanza,1,1.7,Maize,2191951.0331706693,1,3089000.0,0
NMB-AGRI-00239,Mwanza,0,1.5,Rice,1549618.2334869478,0,4859000.0,1
NMB-AGRI-00240,Mbeya,1,7.2,Coffee,7762612.851087267,1,3003000.0,0
NMB-AGRI-00241,Dodoma,1,2.5,Cashew,1381467.1505359425,1,2437000.0,0
NMB-AGRI-00242,Dodoma,0,3.4,Maize,2568066.923982321,0,2806000.0,1
NMB-AGRI-00243,Mbeya,1,5.0,Rice,5691771.524427389,1,4081000.0,0
NMB-AGRI-00244,Mbeya,0,4.8,Coffee,6524073.072531246,0,3141000.0,0
NMB-AGRI-00245,Mbeya,0,7.2,Coffee,10202280.459706098,0,3306000.0,0
NMB-AGRI-00246,Morogoro,0,6.4,Coffee,6402684.773344523,0,4863000.0,0
NMB-AGRI-00247,Dodoma,1,6.6,Rice,6900129.936072105,0,3168000.0,1
NMB-AGRI-00248,Morogoro,1,7.3,Maize,9731262.306803634,0,2025000.0,1
NMB-AGRI-00249,Mbeya,0,3.3,Coffee,3424161.1824662704,0,3518000.0,0
NMB-AGRI-00250,Dodoma,1,3.6,Rice,3660690.6919343425,0,3365000.0,1
NMB-AGRI-00251,Morogoro,0,4.7,Rice,6603894.977476482,0,266000.0,1
NMB-AGRI-00252,Morogoro,1,3.4,Cashew,4385771.251589992,0,2443000.0,1
NMB-AGRI-00253,Mbeya,1,9.9,Rice,13949818.010976817,0,3766000.0,0
NMB-AGRI-00254,Dodoma,1,8.2,Coffee,5889625.84920546,0,2595000.0,1
NMB-AGRI-00255,Mbeya,1,2.1,Coffee,2151188.5219762493,1,3942000.0,0
NMB-AGRI-00256,Dodoma,0,0.6,Rice,805483.2771560148,0,2364000.0,1
NMB-AGRI-00257,Mwanza,0,0.9,Coffee,550033.044720398,0,4920000.0,1
NMB-AGRI-00258,Arusha,1,2.8,Rice,3625054.0320230927,0,1606000.0,0
NMB-AGRI-00259,Arusha,1,1.6,Coffee,1092757.4134637911,0,642000.0,0
NMB-AGRI-00260,Arusha,0,5.6,Cashew,7325465.027917799,0,2264000.0,1
NMB-AGRI-00261,Mbeya,0,8.7,Maize,9674408.156744752,0,2800000.0,1
NMB-AGRI-00262,Mwanza,0,7.5,Cashew,5199269.936136504,1,1876000.0,1
NMB-AGRI-00263,Dodoma,1,2.5,Cashew,2433385.448332003,0,1363000.0,0
NMB-AGRI-00264,Morogoro,0,4.3,Maize,5082192.215781318,0,3426000.0,1
NMB-AGRI-00265,Dodoma,1,5.3,Coffee,6009420.374682775,0,2010000.0,1
NMB-AGRI-00266,Morogoro,1,8.2,Maize,7603427.009099976,1,3231000.0,0
NMB-AGRI-00267,Dodoma,1,8.5,Rice,11894615.49582788,1,3940000.0,1
NMB-AGRI-00268,Mwanza,0,9.1,Maize,9275297.071839383,0,3853000.0,1
NMB-AGRI-00269,Morogoro,1,5.3,Cashew,5331096.682202049,0,2001000.0,0
NMB-AGRI-00270,Mbeya,0,7.1,Maize,3991979.188584325,1,2926000.0,0
NMB-AGRI-00271,Dodoma,1,1.6,Coffee,2275392.6236762195,0,2358000.0,0
NMB-AGRI-00272,Dodoma,1,5.9,Cashew,3994987.755202401,0,4380000.0,1
NMB-AGRI-00273,Morogoro,0,2.9,Rice,2982199.610966007,0,4418000.0,0
NMB-AGRI-00274,Mbeya,1,4.6,Coffee,5996410.966441426,0,1850000.0,0
NMB-AGRI-00275,Mbeya,1,6.5,Cashew,4650446.300211682,1,640000.0,1
NMB-AGRI-00276,Mwanza,1,2.9,Rice,2979382.5409154394,1,1004000.0,0
NMB-AGRI-00277,Mbeya,0,1.0,Coffee,740684.9092233409,1,1962000.0,1
NMB-AGRI-00278,Mbeya,1,0.6,Rice,755816.998679947,0,2908000.0,0
NMB-AGRI-00279,Mbeya,1,0.7,Maize,745038.8175112054,0,3353000.0,0
NMB-AGRI-00280,Arusha,1,0.6,Maize,813585.516237086,0,1791000.0,0
NMB-AGRI-00281,Mwanza,1,1.5,Rice,2091837.0043160743,1,3404000.0,1
NMB-AGRI-00282,Dodoma,0,2.8,Maize,3216453.7508471147,1,4701000.0,0
NMB-AGRI-00283,Morogoro,1,2.6,Rice,3186017.2400132557,0,3330000.0,1
NMB-AGRI-00284,Dodoma,1,9.9,Coffee,10387278.98887995,0,961000.0,0
NMB-AGRI-00285,Mwanza,1,3.4,Cashew,3007057.6924291016,0,2982000.0,0
NMB-AGRI-00286,Morogoro,1,1.7,Rice,1951800.4691354188,1,2801000.0,1
NMB-AGRI-00287,Mwanza,0,5.7,Cashew,8027245.153877775,0,4379000.0,1
NMB-AGRI-00288,Mbeya,0,8.7,Cashew,7975119.30975351,0,1881000.0,0
NMB-AGRI-00289,Morogoro,0,6.9,Rice,5619429.181979188,0,2230000.0,1
NMB-AGRI-00290,Mbeya,0,3.3,Maize,2931841.897223494,0,3074000.0,0
NMB-AGRI-00291,Dodoma,1,5.8,Coffee,5425306.255227278,1,2717000.0,1
NMB-AGRI-00292,Dodoma,0,7.3,Cashew,4186995.5115373284,1,3651000.0,0
NMB-AGRI-00293,Morogoro,0,7.4,Coffee,7388469.619218959,1,394000.0,1
NMB-AGRI-00294,Morogoro,1,6.8,Cashew,6761336.886740405,1,2905000.0,0
NMB-AGRI-00295,Mwanza,1,8.8,Rice,9578305.683236605,0,784000.0,0
NMB-AGRI-00296,Mwanza,1,8.8,Maize,7592816.268147717,0,1713000.0,0
NMB-AGRI-00297,Mbeya,1,6.0,Coffee,6678645.575733539,0,3376000.0,1
NMB-AGRI-00298,Morogoro,0,4.6,Cashew,6339795.027261333,1,956000.0,0
NMB-AGRI-00299,Dodoma,1,6.6,Rice,9606108.537268085,0,1682000.0,1
NMB-AGRI-00300,Mwanza,1,8.3,Rice,8993981.393970713,0,3574000.0,0
NMB-AGRI-00301,Mwanza,0,0.6,Cashew,325554.5723821878,0,3324000.0,1
NMB-AGRI-00302,Dodoma,1,9.9,Cashew,14545436.37294438,0,637000.0,1
NMB-AGRI-00303,Mwanza,1,2.2,Cashew,2652896.533971764,1,2971000.0,1
NMB-AGRI-00304,Mbeya,0,5.0,Maize,4179818.2427682607,1,907000.0,1
NMB-AGRI-00305,Morogoro,0,8.8,Cashew,5694987.768480766,0,1411000.0,0
NMB-AGRI-00306,Dodoma,0,2.6,Cashew,1672888.391814315,0,2404000.0,0
NMB-AGRI-00307,Morogoro,0,5.0,Maize,3338722.030698014,1,725000.0,1
NMB-AGRI-00308,Mwanza,1,1.8,Rice,982030.5389048767,1,4970000.0,1
NMB-AGRI-00309,Mwanza,1,4.3,Cashew,6029263.01120752,0,994000.0,0
NMB-AGRI-00310,Dodoma,0,2.2,Coffee,2289690.11222014,0,3950000.0,1
NMB-AGRI-00311,Mbeya,1,4.0,Rice,4799837.650855349,0,4183000.0,1
NMB-AGRI-00312,Arusha,1,4.0,Coffee,5312434.03707323,0,4973000.0,1
NMB-AGRI-00313,Dodoma,1,9.9,Cashew,12786255.962698683,1,2258000.0,1
NMB-AGRI-00314,Arusha,1,10.0,Maize,13826056.237288415,0,4396000.0,1
NMB-AGRI-00315,Arusha,0,1.6,Maize,2347607.396039923,0,4796000.0,1
NMB-AGRI-00316,Mbeya,1,7.4,Maize,6949122.549090353,0,1030000.0,1
NMB-AGRI-00317,Arusha,1,1.0,Cashew,1450335.4666683907,0,2501000.0,0
NMB-AGRI-00318,Arusha,1,0.8,Cashew,978631.9586742532,0,488000.0,1
NMB-AGRI-00319,Mbeya,1,1.5,Coffee,856002.2854621176,0,3179000.0,0
NMB-AGRI-00320,Arusha,0,9.7,Maize,11463296.275759751,0,2991000.0,1
NMB-AGRI-00321,Arusha,1,9.4,Cashew,11155136.600285577,0,1180000.0,0
NMB-AGRI-00322,Arusha,0,2.3,Rice,3233479.296722812,0,4030000.0,1
NMB-AGRI-00323,Dodoma,1,2.0,Cashew,1745864.264940184,0,379000.0,1
NMB-AGRI-00324,Dodoma,1,2.8,Cashew,3037752.200761089,0,4070000.0,0
NMB-AGRI-00325,Dodoma,0,5.4,Rice,2765812.7754634097,0,328000.0,1
NMB-AGRI-00326,Mbeya,1,5.9,Maize,4909243.928869883,0,3353000.0,0
NMB-AGRI-00327,Mwanza,0,2.6,Rice,1461833.6880128307,0,578000.0,0
NMB-AGRI-00328,Arusha,1,7.7,Maize,7868421.890289706,1,1406000.0,0
NMB-AGRI-00329,Arusha,1,3.4,Rice,4479322.011723641,1,3665000.0,1
NMB-AGRI-00330,Mbeya,1,9.3,Coffee,6569917.036800343,0,1546000.0,1
NMB-AGRI-00331,Arusha,1,6.7,Maize,6883855.005237116,1,2654000.0,0
NMB-AGRI-00332,Dodoma,1,4.6,Cashew,3238439.727949528,0,4593000.0,1
NMB-AGRI-00333,Mwanza,1,8.0,Coffee,4965507.742769923,0,438000.0,0
NMB-AGRI-00334,Morogoro,1,8.3,Maize,8391273.373055043,0,4093000.0,0
NMB-AGRI-00335,Arusha,1,3.3,Maize,1911190.449134101,0,513000.0,1
NMB-AGRI-00336,Dodoma,0,3.7,Maize,4023212.135210561,0,809000.0,0
NMB-AGRI-00337,Morogoro,1,9.4,Rice,4994572.130361227,0,773000.0,1
NMB-AGRI-00338,Mwanza,0,2.1,Maize,1274101.4409235888,1,4972000.0,1
NMB-AGRI-00339,Morogoro,1,0.9,Cashew,944997.736938622,0,1065000.0,0
NMB-AGRI-00340,Dodoma,0,4.8,Maize,5238755.581914787,0,4504000.0,1
NMB-AGRI-00341,Morogoro,0,8.1,Cashew,4284794.13375944,0,4956000.0,1
NMB-AGRI-00342,Mbeya,1,7.8,Cashew,8372338.9464121545,0,2042000.0,0
NMB-AGRI-00343,Morogoro,1,9.2,Cashew,12314223.23297746,1,3229000.0,0
NMB-AGRI-00344,Arusha,0,5.6,Coffee,6844970.592846142,1,3940000.0,1
NMB-AGRI-00345,Arusha,0,1.5,Cashew,946777.6558811979,1,2085000.0,0
NMB-AGRI-00346,Mbeya,1,6.1,Rice,6664095.3501380505,0,977000.0,1
NMB-AGRI-00347,Dodoma,1,7.9,Maize,9260794.750586286,0,2282000.0,0
NMB-AGRI-00348,Arusha,0,1.4,Rice,752123.6824532084,0,3905000.0,0
NMB-AGRI-00349,Mwanza,0,2.1,Coffee,2846230.104235607,0,3948000.0,1
NMB-AGRI-00350,Arusha,1,0.6,Maize,843760.4383738982,0,1307000.0,1
NMB-AGRI-00351,Arusha,0,6.1,Cashew,8237758.867509776,1,1040000.0,0
NMB-AGRI-00352,Dodoma,1,8.9,Maize,11789220.065103108,0,4619000.0,0
NMB-AGRI-00353,Morogoro,1,6.9,Coffee,8590259.869380163,0,411000.0,1
NMB-AGRI-00354,Arusha,1,9.8,Coffee,11107633.906563211,1,3727000.0,1
NMB-AGRI-00355,Mbeya,0,1.1,Rice,1296489.7054870774,1,423000.0,1
NMB-AGRI-00356,Morogoro,1,9.1,Maize,11888197.169348346,0,4222000.0,1
NMB-AGRI-00357,Mwanza,1,8.2,Maize,9532487.358562697,0,4546000.0,0
NMB-AGRI-00358,Dodoma,1,3.5,Maize,2897044.3483872483,0,1628000.0,1
NMB-AGRI-00359,Mwanza,1,9.7,Rice,8496822.690965133,0,555000.0,0
NMB-AGRI-00360,Morogoro,1,3.2,Coffee,4470583.898791335,0,2507000.0,0
NMB-AGRI-00361,Morogoro,1,8.9,Cashew,4602386.563594741,0,1633000.0,0
NMB-AGRI-00362,Morogoro,1,8.9,Maize,10669503.17307411,0,2202000.0,1
NMB-AGRI-00363,Mwanza,1,7.7,Rice,11201787.15367416,0,3392000.0,0
NMB-AGRI-00364,Morogoro,1,5.9,Rice,7116746.202752044,1,1207000.0,0
NMB-AGRI-00365,Mwanza,1,1.6,Cashew,2390259.1811708515,1,1913000.0,1
NMB-AGRI-00366,Morogoro,0,5.6,Coffee,6650251.470958652,0,3956000.0,1
NMB-AGRI-00367,Mbeya,1,3.9,Maize,2084015.8139457584,1,3290000.0,0
NMB-AGRI-00368,Morogoro,1,8.0,Maize,10616079.05317539,0,1766000.0,1
NMB-AGRI-00369,Mwanza,0,7.7,Rice,6041650.321932757,0,3389000.0,0
NMB-AGRI-00370,Arusha,0,9.2,Coffee,8703726.476112857,0,3874000.0,1
NMB-AGRI-00371,Morogoro,1,0.6,Maize,487255.1495442493,0,3044000.0,1
NMB-AGRI-00372,Arusha,1,8.2,Cashew,6302143.670919372,0,1350000.0,1
NMB-AGRI-00373,Mbeya,1,9.4,Coffee,8755213.614495981,1,201000.0,1
NMB-AGRI-00374,Dodoma,0,8.0,Coffee,7030011.58752539,0,4054000.0,1
NMB-AGRI-00375,Mbeya,1,1.7,Rice,1926675.5891324019,1,4149000.0,1
NMB-AGRI-00376,Morogoro,0,1.3,Rice,1707096.561283764,0,3549000.0,1
NMB-AGRI-00377,Arusha,1,0.7,Maize,557962.0572310685,0,568000.0,1
NMB-AGRI-00378,Arusha,0,6.5,Rice,4639187.493343113,0,3009000.0,1
NMB-AGRI-00379,Mwanza,0,6.5,Coffee,7584819.260657226,0,4141000.0,0
NMB-AGRI-00380,Arusha,0,9.9,Maize,11586168.651724739,0,2070000.0,1
NMB-AGRI-00381,Mwanza,0,4.3,Maize,6024864.328930538,0,1150000.0,0
NMB-AGRI-00382,Dodoma,0,3.7,Coffee,1908999.03987725,0,3021000.0,0
NMB-AGRI-00383,Morogoro,0,6.4,Maize,8659460.237545663,0,4166000.0,1
NMB-AGRI-00384,Mwanza,1,8.3,Cashew,8474318.035471363,0,435000.0,1
NMB-AGRI-00385,Dodoma,1,9.4,Cashew,10540239.638217729,0,3065000.0,0
NMB-AGRI-00386,Arusha,0,8.1,Maize,4790108.66854746,0,3287000.0,0
NMB-AGRI-00387,Arusha,1,4.6,Rice,4290028.69121141,1,3091000.0,1
NMB-AGRI-00388,Dodoma,0,6.5,Cashew,4727465.647050405,1,3320000.0,0
NMB-AGRI-00389,Arusha,1,8.6,Maize,6486335.258709578,0,3231000.0,1
NMB-AGRI-00390,Dodoma,0,5.2,Cashew,5221294.596315342,0,826000.0,1
NMB-AGRI-00391,Mwanza,0,2.6,Rice,3412385.4710480925,0,1328000.0,1
NMB-AGRI-00392,Mwanza,1,2.1,Coffee,2611939.953304198,1,3171000.0,1
NMB-AGRI-00393,Dodoma,1,0.5,Maize,545499.979542977,0,285000.0,0
NMB-AGRI-00394,Mwanza,1,7.3,Maize,7587752.807100309,0,3247000.0,0
NMB-AGRI-00395,Mwanza,1,1.6,Maize,1483689.669175184,0,3394000.0,0
NMB-AGRI-00396,Mwanza,1,2.8,Maize,4123587.9259718815,0,1348000.0,1
NMB-AGRI-00397,Mbeya,0,3.3,Maize,3498635.4289729693,1,3071000.0,1
NMB-AGRI-00398,Morogoro,0,5.8,Maize,4373005.110210888,1,2764000.0,1
NMB-AGRI-00399,Arusha,0,4.3,Rice,3139390.40577217,0,1451000.0,1
NMB-AGRI-00400,Mbeya,0,6.9,Coffee,7668335.91234848,1,2422000.0,1
NMB-AGRI-00401,Mwanza,1,1.0,Rice,1022827.5273109288,0,4566000.0,1
NMB-AGRI-00402,Dodoma,1,1.7,Rice,863086.2650230117,1,2248000.0,1
NMB-AGRI-00403,Mwanza,0,5.2,Coffee,6916339.935418053,1,3223000.0,0
NMB-AGRI-00404,Morogoro,1,3.7,Rice,4455252.710660009,0,370000.0,0
NMB-AGRI-00405,Mwanza,1,3.3,Cashew,3834036.6559377415,1,573000.0,0
NMB-AGRI-00406,Dodoma,0,1.1,Rice,625658.723467425,0,590000.0,0
NMB-AGRI-00407,Morogoro,0,9.0,Maize,7758502.651552423,0,3936000.0,1
NMB-AGRI-00408,Mwanza,0,7.1,Cashew,10191214.051202781,0,1881000.0,1
NMB-AGRI-00409,Morogoro,0,1.7,Cashew,2316401.7102803183,0,1293000.0,0
NMB-AGRI-00410,Arusha,0,1.1,Coffee,864097.2316564869,0,3787000.0,0
NMB-AGRI-00411,Arusha,1,9.8,Rice,6439177.064171559,0,1016000.0,1
NMB-AGRI-00412,Mwanza,0,7.0,Rice,6643615.700180039,1,1383000.0,0
NMB-AGRI-00413,Morogoro,0,4.5,Cashew,3851236.704004474,0,2268000.0,0
NMB-AGRI-00414,Dodoma,1,7.2,Rice,8512029.912283136,0,1791000.0,1
NMB-AGRI-00415,Mwanza,1,7.7,Rice,11291548.03764926,0,3010000.0,1
NMB-AGRI-00416,Arusha,1,7.9,Coffee,6817711.454862235,0,1822000.0,0
NMB-AGRI-00417,Arusha,0,5.0,Cashew,2811120.86326121,0,2086000.0,1
NMB-AGRI-00418,Mwanza,0,4.6,Maize,6429024.438374972,0,4342000.0,1
NMB-AGRI-00419,Morogoro,1,0.6,Cashew,322769.8381439225,1,4446000.0,1
NMB-AGRI-00420,Arusha,0,9.3,Coffee,13510722.843525998,0,4173000.0,0
NMB-AGRI-00421,Morogoro,0,6.2,Coffee,7220392.453656047,0,4351000.0,0
NMB-AGRI-00422,Arusha,1,2.4,Coffee,3460054.1002606773,1,2935000.0,1
NMB-AGRI-00423,Arusha,1,9.2,Rice,6436869.117170599,0,3302000.0,1
NMB-AGRI-00424,Mbeya,1,9.2,Cashew,4974438.116335031,0,2874000.0,1
NMB-AGRI-00425,Arusha,1,9.9,Rice,9783278.78493727,0,3971000.0,1
NMB-AGRI-00426,Dodoma,1,8.8,Rice,8365486.048217103,1,2845000.0,1
NMB-AGRI-00427,Mwanza,0,10.0,Cashew,8314922.732548827,1,733000.0,1
NMB-AGRI-00428,Mwanza,0,2.8,Coffee,4081438.1282883533,1,4086000.0,1
NMB-AGRI-00429,Morogoro,0,8.5,Maize,11241961.723372173,0,3851000.0,0
NMB-AGRI-00430,Arusha,0,8.3,Maize,9641130.777417425,0,4137000.0,1
NMB-AGRI-00431,Dodoma,1,2.7,Cashew,1789717.387422135,1,1114000.0,1
NMB-AGRI-00432,Morogoro,1,1.4,Cashew,1728052.7715059344,0,1504000.0,1
NMB-AGRI-00433,Mbeya,1,9.8,Coffee,12024722.056057297,0,1620000.0,0
NMB-AGRI-00434,Morogoro,0,3.3,Cashew,3052724.9729328244,1,2639000.0,1
NMB-AGRI-00435,Morogoro,0,8.8,Cashew,12538116.005483322,0,843000.0,1
NMB-AGRI-00436,Arusha,0,0.5,Coffee,333488.9411145052,0,2050000.0,0
NMB-AGRI-00437,Mbeya,0,0.7,Coffee,537136.293688165,1,1074000.0,0
NMB-AGRI-00438,Morogoro,0,4.9,Rice,2759799.262328105,0,1471000.0,0
NMB-AGRI-00439,Dodoma,1,2.8,Cashew,3627262.6828972446,0,3591000.0,1
NMB-AGRI-00440,Dodoma,1,7.1,Maize,7964491.64127732,1,4303000.0,1
NMB-AGRI-00441,Mwanza,1,5.9,Cashew,4808147.803519373,1,310000.0,0
NMB-AGRI-00442,Mbeya,1,1.2,Maize,796576.3963131785,0,2916000.0,1
NMB-AGRI-00443,Mbeya,1,2.0,Maize,1080295.5400574808,0,373000.0,1
NMB-AGRI-00444,Mwanza,0,4.2,Maize,2800331.388228934,1,609000.0,0
NMB-AGRI-00445,Morogoro,0,2.3,Rice,2192554.6865766137,0,3584000.0,0
NMB-AGRI-00446,Mbeya,0,8.0,Coffee,5977415.752084849,0,3731000.0,0
NMB-AGRI-00447,Dodoma,1,4.5,Coffee,3415419.7984438506,0,4107000.0,0
NMB-AGRI-00448,Dodoma,1,1.4,Rice,1925806.9133348002,1,2476000.0,0
NMB-AGRI-00449,Arusha,0,5.1,Coffee,5177202.1346516125,1,4327000.0,0
NMB-AGRI-00450,Mbeya,1,1.4,Rice,1720952.7623797804,0,1001000.0,1
NMB-AGRI-00451,Morogoro,1,1.7,Cashew,910708.6133478432,1,1399000.0,0
NMB-AGRI-00452,Mwanza,0,2.8,Rice,2422457.39589848,1,846000.0,1
NMB-AGRI-00453,Mwanza,0,8.7,Coffee,8518773.322340343,0,4028000.0,1
NMB-AGRI-00454,Morogoro,1,9.3,Coffee,6383676.753454718,0,1298000.0,1
NMB-AGRI-00455,Arusha,1,8.3,Cashew,5147589.793997971,0,946000.0,1
NMB-AGRI-00456,Mwanza,0,3.7,Rice,5070123.980449418,1,3191000.0,1
NMB-AGRI-00457,Mbeya,1,3.1,Cashew,4462238.04400937,0,570000.0,1
NMB-AGRI-00458,Arusha,0,5.7,Maize,3299198.178858822,0,416000.0,0
NMB-AGRI-00459,Mbeya,1,7.4,Rice,6282738.472814079,0,712000.0,0
NMB-AGRI-00460,Dodoma,1,9.9,Cashew,14437027.718630292,0,201000.0,0
NMB-AGRI-00461,Arusha,1,1.7,Cashew,991374.9463251904,1,3546000.0,1
NMB-AGRI-00462,Mwanza,1,1.0,Coffee,1143641.372878726,0,2899000.0,1
NMB-AGRI-00463,Arusha,1,7.1,Rice,10452771.73386574,1,1207000.0,0
NMB-AGRI-00464,Arusha,1,8.4,Maize,12417078.816083547,0,1318000.0,1
NMB-AGRI-00465,Arusha,0,8.5,Maize,8255398.3126818165,0,4093000.0,1
NMB-AGRI-00466,Arusha,1,6.9,Rice,4572968.843698427,1,2609000.0,1
NMB-AGRI-00467,Mbeya,0,9.6,Rice,6740009.423783413,0,3553000.0,0
NMB-AGRI-00468,Dodoma,1,5.4,Cashew,7503847.533671732,0,2373000.0,0
NMB-AGRI-00469,Morogoro,1,9.2,Coffee,12987483.63983357,1,1341000.0,1
NMB-AGRI-00470,Arusha,1,9.7,Coffee,10746432.545573479,0,4858000.0,0
NMB-AGRI-00471,Mwanza,1,8.5,Coffee,10762499.395494247,0,2915000.0,0
NMB-AGRI-00472,Arusha,1,3.4,Rice,4215766.254999388,0,829000.0,0
NMB-AGRI-00473,Mwanza,0,2.4,Coffee,2788371.835173857,0,2149000.0,1
NMB-AGRI-00474,Mbeya,1,5.7,Cashew,7565478.642770053,1,1781000.0,0
NMB-AGRI-00475,Mwanza,0,4.8,Rice,5689951.790593541,1,1228000.0,1
NMB-AGRI-00476,Morogoro,0,8.8,Rice,9099220.290577995,0,4681000.0,0
NMB-AGRI-00477,Dodoma,0,1.5,Coffee,1105434.543882235,1,4428000.0,0
NMB-AGRI-00478,Mwanza,1,2.9,Maize,3607275.6179439956,1,1156000.0,0
NMB-AGRI-00479,Mwanza,1,7.6,Maize,7398127.795570886,0,1890000.0,1
NMB-AGRI-00480,Dodoma,1,1.4,Cashew,1112708.357610513,0,3859000.0,0
NMB-AGRI-00481,Morogoro,1,3.5,Coffee,4556811.965096215,0,1201000.0,1
NMB-AGRI-00482,Arusha,0,4.2,Coffee,5026197.121482719,1,3040000.0,1
NMB-AGRI-00483,Mwanza,0,6.4,Rice,9198973.20399808,1,3559000.0,1
NMB-AGRI-00484,Dodoma,1,2.0,Rice,1330883.2800377556,0,3339000.0,0
NMB-AGRI-00485,Mbeya,1,8.7,Coffee,9997946.776337491,1,3591000.0,1
NMB-AGRI-00486,Dodoma,1,4.8,Rice,3572349.4468232444,0,3592000.0,1
NMB-AGRI-00487,Mbeya,0,9.2,Coffee,12912963.464775102,0,4831000.0,1
NMB-AGRI-00488,Morogoro,1,4.9,Cashew,2937547.129857417,1,1863000.0,0
NMB-AGRI-00489,Arusha,1,3.1,Rice,3584101.59997912,0,4417000.0,0
NMB-AGRI-00490,Dodoma,0,1.8,Coffee,2323954.298750454,0,305000.0,0
NMB-AGRI-00491,Mwanza,1,0.5,Rice,427458.9201823536,0,1583000.0,1
NMB-AGRI-00492,Morogoro,1,5.6,Cashew,8143173.24454933,0,434000.0,0
NMB-AGRI-00493,Dodoma,1,1.5,Rice,2026096.0268790561,0,3326000.0,0
NMB-AGRI-00494,Mwanza,0,4.2,Coffee,3337396.858676594,0,684000.0,0
NMB-AGRI-00495,Dodoma,1,6.1,Rice,3096000.665567592,1,4259000.0,0
NMB-AGRI-00496,Mbeya,0,3.1,Rice,2469637.245965989,1,3304000.0,0
NMB-AGRI-00497,Dodoma,0,2.2,Coffee,1718883.0350356337,0,338000.0,0
NMB-AGRI-00498,Dodoma,1,7.9,Maize,10980720.399257181,0,3631000.0,1
NMB-AGRI-00499,Dodoma,1,9.5,Rice,13937651.193420101,1,4338000.0,1
NMB-AGRI-00500,Morogoro,0,1.5,Rice,855659.9789553905,0,3373000.0,0
NMB-AGRI-00501,Dodoma,1,2.0,Cashew,1942589.6570666335,0,347000.0,0
NMB-AGRI-00502,Mwanza,1,9.6,Maize,10063987.185886038,0,4318000.0,0
NMB-AGRI-00503,Mbeya,1,0.9,Cashew,533620.4951967329,0,3716000.0,1
NMB-AGRI-00504,Mbeya,1,9.8,Coffee,8599477.549547723,0,2017000.0,1
NMB-AGRI-00505,Dodoma,1,0.5,Coffee,408541.2086964753,0,1777000.0,0
NMB-AGRI-00506,Morogoro,1,8.8,Cashew,9117295.918078369,0,2503000.0,0
NMB-AGRI-00507,Morogoro,0,3.4,Rice,3948049.059088589,1,4362000.0,0
NMB-AGRI-00508,Mwanza,0,9.4,Maize,11312760.038667727,1,1410000.0,1
NMB-AGRI-00509,Dodoma,1,3.5,Cashew,2228642.582646856,0,685000.0,1
NMB-AGRI-00510,Mbeya,1,6.7,Cashew,8796749.603028962,1,4350000.0,1
NMB-AGRI-00511,Morogoro,1,1.3,Coffee,1532104.638727987,0,326000.0,1
NMB-AGRI-00512,Dodoma,0,2.8,Rice,3889409.766890815,0,4573000.0,1
NMB-AGRI-00513,Morogoro,0,7.8,Maize,7404821.263596387,1,1668000.0,0
NMB-AGRI-00514,Morogoro,1,5.5,Cashew,7666393.694972053,0,2639000.0,0
NMB-AGRI-00515,Mbeya,0,9.3,Maize,12701699.337911502,0,835000.0,1
NMB-AGRI-00516,Arusha,1,4.6,Maize,4316682.92885264,0,4531000.0,1
NMB-AGRI-00517,Mwanza,0,8.8,Cashew,7754061.174578213,1,3799000.0,0
NMB-AGRI-00518,Mwanza,1,4.8,Maize,6877497.671857233,0,4636000.0,0
NMB-AGRI-00519,Mbeya,1,9.8,Coffee,11908614.398476692,1,3479000.0,0
NMB-AGRI-00520,Morogoro,0,9.6,Rice,13711155.325805526,1,1087000.0,1
NMB-AGRI-00521,Dodoma,1,3.6,Rice,4669109.204024927,1,1680000.0,1
NMB-AGRI-00522,Morogoro,0,8.9,Rice,9872747.209693588,0,2537000.0,1
NMB-AGRI-00523,Mbeya,1,8.6,Coffee,5296333.8822323745,0,3115000.0,0
NMB-AGRI-00524,Mwanza,1,2.5,Coffee,1978701.6814477462,0,4647000.0,0
NMB-AGRI-00525,Morogoro,1,6.4,Coffee,9400591.405429706,0,2043000.0,1
NMB-AGRI-00526,Mwanza,1,1.2,Rice,983306.5184570453,1,3575000.0,0
NMB-AGRI-00527,Dodoma,1,8.4,Maize,4983340.906197115,0,4813000.0,1
NMB-AGRI-00528,Mwanza,0,2.2,Coffee,2656617.3830225035,1,931000.0,0
NMB-AGRI-00529,Mwanza,0,1.2,Cashew,1480805.105452421,0,4341000.0,1
NMB-AGRI-00530,Arusha,1,4.3,Coffee,3377468.197234748,1,2219000.0,1
NMB-AGRI-00531,Arusha,1,6.0,Cashew,4786031.876077822,0,3716000.0,1
NMB-AGRI-00532,Arusha,1,8.6,Rice,8332479.675375542,0,1609000.0,1
NMB-AGRI-00533,Mwanza,1,9.8,Cashew,5113531.707670105,1,1803000.0,0
NMB-AGRI-00534,Mbeya,1,4.7,Coffee,6059818.148697469,0,330000.0,1
NMB-AGRI-00535,Mwanza,1,1.1,Coffee,898797.6660015383,0,4863000.0,0
NMB-AGRI-00536,Mbeya,1,7.6,Maize,10288599.575215029,0,4105000.0,1
NMB-AGRI-00537,Mbeya,1,5.9,Rice,7685519.4874402,0,651000.0,1
NMB-AGRI-00538,Arusha,1,4.8,Cashew,5574729.758970158,1,4998000.0,0
NMB-AGRI-00539,Morogoro,0,3.4,Rice,2804574.5481375814,1,3104000.0,0
NMB-AGRI-00540,Dodoma,0,5.3,Coffee,5386477.776804201,0,4298000.0,1
NMB-AGRI-00541,Arusha,0,3.7,Maize,3495868.2531124484,0,520000.0,0
NMB-AGRI-00542,Arusha,0,7.7,Coffee,6459390.524114792,0,2069000.0,0
NMB-AGRI-00543,Morogoro,0,5.7,Coffee,7684376.849028116,1,3414000.0,1
NMB-AGRI-00544,Dodoma,1,8.8,Coffee,8654862.256283455,1,711000.0,0
NMB-AGRI-00545,Mwanza,1,5.7,Cashew,7596521.657443736,1,2547000.0,1
NMB-AGRI-00546,Mwanza,1,2.8,Coffee,1694611.7275971079,0,2325000.0,1
NMB-AGRI-00547,Arusha,1,8.6,Rice,5512813.181962887,0,1237000.0,0
NMB-AGRI-00548,Dodoma,0,5.8,Rice,8568457.769655263,0,1641000.0,1
NMB-AGRI-00549,Arusha,0,2.5,Maize,2719421.156515224,0,4842000.0,1
NMB-AGRI-00550,Mbeya,0,6.4,Rice,6462525.910393913,1,1586000.0,1
NMB-AGRI-00551,Arusha,1,3.9,Coffee,3990308.6462620352,0,1224000.0,0
NMB-AGRI-00552,Arusha,0,8.5,Coffee,6079784.579279308,1,2774000.0,0
NMB-AGRI-00553,Mwanza,0,4.8,Rice,5849778.957609471,0,3421000.0,1
NMB-AGRI-00554,Mwanza,1,7.4,Maize,4327376.615600183,1,3680000.0,0
NMB-AGRI-00555,Mwanza,1,1.4,Maize,1502653.1983442325,0,3820000.0,1
NMB-AGRI-00556,Mbeya,0,4.3,Rice,4604305.825319376,0,377000.0,0
NMB-AGRI-00557,Mwanza,1,9.8,Cashew,13859046.556508409,0,2090000.0,0
NMB-AGRI-00558,Dodoma,1,8.2,Cashew,8414699.042859854,1,3915000.0,0
NMB-AGRI-00559,Morogoro,1,2.0,Cashew,1274125.391948359,0,4543000.0,1
NMB-AGRI-00560,Dodoma,1,3.1,Cashew,3325535.1036693044,1,3091000.0,0
NMB-AGRI-00561,Dodoma,0,3.6,Rice,2128779.5197151965,0,451000.0,1
NMB-AGRI-00562,Mwanza,0,6.7,Maize,4715418.696509476,0,2104000.0,0
NMB-AGRI-00563,Morogoro,1,7.7,Coffee,4089536.0982431043,1,556000.0,1
NMB-AGRI-00564,Morogoro,1,7.6,Coffee,7701031.226692187,0,3793000.0,1
NMB-AGRI-00565,Morogoro,1,5.3,Rice,3098022.861055934,0,505000.0,1
NMB-AGRI-00566,Mbeya,1,8.2,Coffee,7949033.903956898,0,1092000.0,1
NMB-AGRI-00567,Mwanza,1,4.7,Cashew,6734841.666023478,1,2201000.0,0
NMB-AGRI-00568,Morogoro,1,1.7,Maize,2073594.4021328646,0,2421000.0,0
NMB-AGRI-00569,Mbeya,1,5.9,Rice,3406728.8779292293,0,2151000.0,1
NMB-AGRI-00570,Arusha,1,9.5,Maize,6879993.21598401,0,2424000.0,1
NMB-AGRI-00571,Arusha,0,8.0,Rice,9389299.359147474,0,3624000.0,1
NMB-AGRI-00572,Mbeya,1,6.0,Rice,8368211.166145102,0,1972000.0,0
NMB-AGRI-00573,Mbeya,0,6.6,Rice,3517262.672642095,0,2829000.0,1
NMB-AGRI-00574,Mwanza,0,9.3,Rice,12205795.525001526,1,1656000.0,1
NMB-AGRI-00575,Mwanza,1,4.6,Maize,4884343.849556221,0,1897000.0,1
NMB-AGRI-00576,Arusha,0,3.6,Coffee,3765928.771067013,1,3146000.0,0
NMB-AGRI-00577,Morogoro,0,9.8,Rice,14286569.19098291,1,2554000.0,1
NMB-AGRI-00578,Arusha,0,8.7,Cashew,10854508.129591925,1,3671000.0,1
NMB-AGRI-00579,Morogoro,1,3.6,Rice,4860427.925002003,0,2891000.0,0
NMB-AGRI-00580,Morogoro,1,4.9,Maize,4184578.290768867,0,4057000.0,1
NMB-AGRI-00581,Mwanza,1,4.4,Rice,4639201.779645003,1,2328000.0,1
NMB-AGRI-00582,Dodoma,0,1.9,Cashew,2119270.7871127645,0,2557000.0,1
NMB-AGRI-00583,Dodoma,1,9.6,Maize,7887205.827479664,0,3416000.0,0
NMB-AGRI-00584,Mbeya,1,4.3,Rice,4602066.937273817,1,1262000.0,1
NMB-AGRI-00585,Mwanza,0,8.8,Cashew,6482567.339421483,0,2052000.0,1
NMB-AGRI-00586,Morogoro,1,2.3,Maize,1479764.0434569507,0,3199000.0,1
NMB-AGRI-00587,Dodoma,0,5.7,Rice,4981630.4778807955,0,339000.0,0
NMB-AGRI-00588,Morogoro,1,0.7,Cashew,867502.7401225058,1,2297000.0,1
NMB-AGRI-00589,Dodoma,1,7.8,Maize,11046259.754976321,0,3074000.0,0
NMB-AGRI-00590,Dodoma,1,6.0,Rice,5746284.308989395,1,4843000.0,0
NMB-AGRI-00591,Dodoma,0,6.4,Maize,7314071.604962763,0,4410000.0,0
NMB-AGRI-00592,Mwanza,1,1.0,Cashew,603037.1309751004,0,1548000.0,0
NMB-AGRI-00593,Arusha,1,2.5,Rice,3511159.3963808217,0,2635000.0,1
NMB-AGRI-00594,Morogoro,1,1.2,Rice,1282325.0562839212,0,471000.0,1
NMB-AGRI-00595,Mwanza,1,3.2,Rice,4097082.3924005027,0,1356000.0,1
NMB-AGRI-00596,Mwanza,0,6.5,Cashew,8413867.80598906,0,3919000.0,1
NMB-AGRI-00597,Mwanza,0,5.9,Coffee,4463235.105571825,1,792000.0,0
NMB-AGRI-00598,Mwanza,1,6.3,Rice,6483799.055045652,0,1437000.0,0
NMB-AGRI-00599,Mwanza,1,5.7,Cashew,8324734.583897572,0,4731000.0,1
NMB-AGRI-00600,Mbeya,1,3.1,Maize,1827867.0889445662,0,4155000.0,0
NMB-AGRI-00601,Morogoro,0,2.8,Maize,3312539.7144827778,1,3953000.0,0
NMB-AGRI-00602,Mwanza,1,1.8,Cashew,2632075.34046331,0,4350000.0,0
NMB-AGRI-00603,Morogoro,0,8.6,Coffee,6884963.129264589,0,3798000.0,0
NMB-AGRI-00604,Mbeya,1,6.4,Cashew,8713266.696987828,1,779000.0,0
NMB-AGRI-00605,Mbeya,1,2.3,Maize,3297412.354439025,0,2679000.0,1
NMB-AGRI-00606,Morogoro,1,2.2,Maize,2743589.6606686157,0,2332000.0,1
NMB-AGRI-00607,Dodoma,0,8.8,Rice,6435689.148301234,0,1694000.0,1
NMB-AGRI-00608,Arusha,1,7.6,Coffee,6338405.463082112,1,4203000.0,1
NMB-AGRI-00609,Dodoma,0,6.8,Cashew,3643503.202040569,0,2428000.0,1
NMB-AGRI-00610,Dodoma,0,4.4,Maize,5858394.230679563,0,489000.0,0
NMB-AGRI-00611,Dodoma,1,3.0,Maize,4048833.5595332393,1,1520000.0,0
NMB-AGRI-00612,Mwanza,1,9.8,Maize,11100561.037668688,0,1297000.0,1
NMB-AGRI-00613,Mbeya,0,8.1,Cashew,6905475.595237196,1,4460000.0,1
NMB-AGRI-00614,Dodoma,1,3.4,Cashew,1961157.49397573,0,3308000.0,1
NMB-AGRI-00615,Mbeya,1,8.6,Coffee,10776295.445268221,0,2890000.0,1
NMB-AGRI-00616,Morogoro,1,7.7,Rice,9444251.690796407,0,2632000.0,1
NMB-AGRI-00617,Arusha,0,3.3,Rice,4661588.3217383735,0,3321000.0,0
NMB-AGRI-00618,Morogoro,1,4.6,Rice,5660447.296624666,0,3823000.0,1
NMB-AGRI-00619,Morogoro,0,2.3,Maize,3055998.367161204,0,2861000.0,1
NMB-AGRI-00620,Mwanza,0,1.6,Rice,1993527.3886463994,0,4704000.0,1
NMB-AGRI-00621,Arusha,0,7.4,Maize,8367085.193511141,1,4889000.0,0
NMB-AGRI-00622,Morogoro,1,3.0,Coffee,2780899.182573028,0,4978000.0,0
NMB-AGRI-00623,Morogoro,0,8.3,Maize,11637573.661730908,1,3413000.0,1
NMB-AGRI-00624,Arusha,0,10.0,Coffee,11509685.719074698,1,4677000.0,0
NMB-AGRI-00625,Arusha,0,1.2,Coffee,1078026.386359091,1,2142000.0,0
NMB-AGRI-00626,Morogoro,1,5.0,Rice,2917346.475909786,1,4326000.0,1
NMB-AGRI-00627,Arusha,1,8.1,Rice,6404709.332825496,0,4564000.0,1
NMB-AGRI-00628,Morogoro,0,8.0,Maize,8349813.8786413185,1,4540000.0,1
NMB-AGRI-00629,Morogoro,1,7.7,Cashew,5972392.349124698,1,4188000.0,1
NMB-AGRI-00630,Mwanza,1,3.8,Rice,2740694.322088028,1,2152000.0,0
NMB-AGRI-00631,Dodoma,1,4.8,Rice,4931488.867621667,0,963000.0,1
NMB-AGRI-00632,Morogoro,0,6.2,Cashew,4152886.1445535547,1,1803000.0,1
NMB-AGRI-00633,Mbeya,1,9.8,Cashew,12744018.620586013,1,3883000.0,1
NMB-AGRI-00634,Dodoma,1,3.6,Rice,3543725.3448335687,1,1318000.0,1
NMB-AGRI-00635,Dodoma,1,9.3,Cashew,9986923.797852648,0,2496000.0,0
NMB-AGRI-00636,Dodoma,0,3.1,Maize,2006888.1295517806,0,2914000.0,1
NMB-AGRI-00637,Mwanza,1,9.9,Coffee,8163305.722730737,1,3099000.0,1
NMB-AGRI-00638,Morogoro,1,6.9,Coffee,6279618.814501955,0,4691000.0,0
NMB-AGRI-00639,Mwanza,1,4.9,Rice,6410242.869530865,0,3375000.0,1
NMB-AGRI-00640,Morogoro,0,6.3,Rice,8002004.99544276,1,3974000.0,1
NMB-AGRI-00641,Mwanza,0,3.1,Maize,2241230.1718418123,0,2993000.0,1
NMB-AGRI-00642,Mwanza,1,3.1,Cashew,3460155.1529817246,0,4201000.0,1
NMB-AGRI-00643,Mbeya,1,1.6,Rice,1189530.1724351961,0,1466000.0,1
NMB-AGRI-00644,Mwanza,0,1.6,Coffee,2381195.4491043924,0,1207000.0,1
NMB-AGRI-00645,Arusha,1,3.8,Maize,5518070.736897308,0,4646000.0,1
NMB-AGRI-00646,Mbeya,0,7.7,Maize,8187138.348008778,0,3529000.0,1
NMB-AGRI-00647,Mwanza,1,6.3,Cashew,7553086.202933101,0,3423000.0,1
NMB-AGRI-00648,Dodoma,1,1.5,Rice,1952145.5733129673,0,2443000.0,0
NMB-AGRI-00649,Arusha,1,8.6,Rice,10500586.412386173,1,2008000.0,1
NMB-AGRI-00650,Arusha,1,6.2,Maize,7438937.8847110085,0,2867000.0,0
NMB-AGRI-00651,Arusha,0,9.6,Coffee,14002118.476315469,0,779000.0,0
NMB-AGRI-00652,Mbeya,1,6.9,Rice,7565547.133520255,0,2383000.0,1
NMB-AGRI-00653,Mwanza,0,2.2,Coffee,2499865.8780019227,1,2386000.0,0
NMB-AGRI-00654,Mwanza,1,5.0,Maize,6746343.752190907,1,2784000.0,0
NMB-AGRI-00655,Dodoma,1,6.7,Rice,7838268.814651324,0,3246000.0,1
NMB-AGRI-00656,Dodoma,1,0.8,Coffee,986346.0976140179,0,4795000.0,0
NMB-AGRI-00657,Arusha,0,0.6,Maize,440501.21171798545,0,3330000.0,1
NMB-AGRI-00658,Dodoma,1,1.7,Coffee,1481153.7709956204,1,4442000.0,1
NMB-AGRI-00659,Mbeya,0,2.9,Rice,1877173.9025644897,0,2870000.0,0
NMB-AGRI-00660,Mwanza,0,4.6,Cashew,4626521.034740105,0,3209000.0,1
NMB-AGRI-00661,Arusha,1,5.1,Coffee,4874209.743469256,1,535000.0,0
NMB-AGRI-00662,Dodoma,1,1.8,Cashew,2694893.0657030223,1,840000.0,0
NMB-AGRI-00663,Mbeya,1,6.9,Rice,7667339.704427245,0,2982000.0,0
NMB-AGRI-00664,Mbeya,0,6.2,Cashew,7975957.903805424,1,2099000.0,1
NMB-AGRI-00665,Dodoma,0,3.3,Maize,2752248.4135002587,0,4034000.0,0
NMB-AGRI-00666,Mwanza,1,0.6,Cashew,798927.1988056779,1,2807000.0,1
NMB-AGRI-00667,Dodoma,1,1.2,Coffee,1338101.95978522,0,4435000.0,1
NMB-AGRI-00668,Arusha,0,4.2,Coffee,5027367.792713441,0,4867000.0,1
NMB-AGRI-00669,Dodoma,1,2.0,Cashew,1588861.5558989088,0,909000.0,0
NMB-AGRI-00670,Mbeya,1,4.1,Maize,4299417.405951866,0,2095000.0,1
NMB-AGRI-00671,Dodoma,1,6.5,Rice,7371240.3271884555,0,3392000.0,0
NMB-AGRI-00672,Mwanza,1,5.7,Cashew,6207839.652154513,0,1666000.0,1
NMB-AGRI-00673,Morogoro,1,2.7,Coffee,3821023.020846329,0,1482000.0,1
NMB-AGRI-00674,Dodoma,1,3.8,Coffee,5313436.125071703,0,4106000.0,0
NMB-AGRI-00675,Mwanza,1,6.3,Cashew,9267199.564624283,1,4906000.0,1
NMB-AGRI-00676,Mwanza,0,8.7,Cashew,10156623.652260806,0,3914000.0,1
NMB-AGRI-00677,Mbeya,1,7.7,Cashew,11333738.801967772,0,2714000.0,0
NMB-AGRI-00678,Mwanza,1,5.8,Rice,7728372.400185072,0,2324000.0,1
NMB-AGRI-00679,Mwanza,1,3.9,Coffee,3006245.347325841,0,2790000.0,0
NMB-AGRI-00680,Mwanza,0,4.0,Coffee,3709742.6782051884,0,2422000.0,1
NMB-AGRI-00681,Mwanza,1,8.9,Coffee,6571692.735482188,0,2614000.0,1
NMB-AGRI-00682,Arusha,1,0.9,Rice,453777.4447475087,0,1177000.0,1
NMB-AGRI-00683,Arusha,0,9.9,Maize,6811682.656154395,0,4538000.0,1
NMB-AGRI-00684,Mbeya,1,6.8,Coffee,3427611.9867507545,1,3822000.0,0
NMB-AGRI-00685,Dodoma,1,7.0,Coffee,8538869.22945343,0,3469000.0,1
NMB-AGRI-00686,Mwanza,0,0.9,Maize,832980.8679490796,0,4760000.0,0
NMB-AGRI-00687,Dodoma,1,6.3,Rice,5119220.780590507,0,1565000.0,1
NMB-AGRI-00688,Dodoma,1,5.1,Maize,6434776.544585458,1,590000.0,1
NMB-AGRI-00689,Mbeya,1,1.5,Maize,1998730.1619294675,0,4165000.0,0
NMB-AGRI-00690,Mwanza,0,3.1,Maize,4573428.569814628,1,4992000.0,0
NMB-AGRI-00691,Mwanza,0,9.0,Maize,10278122.262077171,0,2976000.0,0
NMB-AGRI-00692,Morogoro,1,5.7,Rice,5480715.063678295,0,482000.0,0
NMB-AGRI-00693,Dodoma,0,4.4,Rice,3543162.9270727183,1,3946000.0,1
NMB-AGRI-00694,Dodoma,1,1.2,Maize,866781.8510570716,1,554000.0,0
NMB-AGRI-00695,Arusha,0,7.3,Cashew,5204359.438522989,0,2792000.0,1
NMB-AGRI-00696,Morogoro,0,7.2,Cashew,6546163.497982551,0,1532000.0,1
NMB-AGRI-00697,Arusha,0,6.3,Cashew,9398254.038313957,0,4592000.0,0
NMB-AGRI-00698,Arusha,1,5.3,Cashew,2654524.5964182373,1,2366000.0,1
NMB-AGRI-00699,Arusha,1,4.6,Coffee,3207147.1272626035,0,4513000.0,0
NMB-AGRI-00700,Mbeya,0,6.1,Rice,4199197.1926618,0,1636000.0,1
NMB-AGRI-00701,Mbeya,0,2.7,Rice,3286222.610937189,0,2059000.0,1
NMB-AGRI-00702,Arusha,0,9.4,Maize,8013356.439421781,0,4746000.0,1
NMB-AGRI-00703,Morogoro,1,6.1,Coffee,5839290.908010106,0,1166000.0,0
NMB-AGRI-00704,Dodoma,1,3.5,Maize,2270184.4566446673,0,2977000.0,1
NMB-AGRI-00705,Morogoro,1,4.8,Maize,4343985.786609349,0,2065000.0,1
NMB-AGRI-00706,Mwanza,1,8.2,Rice,4946238.457627854,0,3916000.0,0
NMB-AGRI-00707,Mbeya,1,2.0,Coffee,2066086.5757771663,0,821000.0,1
NMB-AGRI-00708,Dodoma,0,3.3,Cashew,1973196.6057634247,0,2299000.0,1
NMB-AGRI-00709,Dodoma,1,7.0,Rice,9033558.668212093,0,3555000.0,0
NMB-AGRI-00710,Mwanza,0,3.5,Coffee,3733106.0113917133,0,2154000.0,0
NMB-AGRI-00711,Mwanza,0,8.0,Coffee,9791742.990188135,0,481000.0,1
NMB-AGRI-00712,Arusha,1,1.7,Rice,1561477.8573095624,0,3585000.0,0
NMB-AGRI-00713,Mbeya,1,7.7,Rice,6787482.9579651505,1,2615000.0,1
NMB-AGRI-00714,Mbeya,1,1.1,Maize,658029.77795375,0,254000.0,1
NMB-AGRI-00715,Morogoro,1,0.6,Maize,614313.3642256935,0,3141000.0,0
NMB-AGRI-00716,Arusha,1,9.0,Maize,9130519.483713828,0,4615000.0,0
NMB-AGRI-00717,Arusha,0,6.0,Cashew,5808612.266697632,0,733000.0,1
NMB-AGRI-00718,Arusha,1,3.8,Rice,4713969.785793307,0,3035000.0,1
NMB-AGRI-00719,Arusha,1,2.7,Coffee,3597761.8800873575,0,3698000.0,1
NMB-AGRI-00720,Mbeya,1,6.4,Rice,8005053.919670452,0,540000.0,1
NMB-AGRI-00721,Mbeya,1,5.3,Coffee,3412488.4368762723,0,309000.0,0
NMB-AGRI-00722,Arusha,0,9.9,Cashew,11108389.141892869,0,2428000.0,1
NMB-AGRI-00723,Morogoro,1,9.8,Rice,5687166.4357574275,1,3998000.0,1
NMB-AGRI-00724,Dodoma,1,6.5,Coffee,7765044.868363097,1,971000.0,0
NMB-AGRI-00725,Dodoma,0,4.7,Coffee,4144643.7538372953,1,4216000.0,0
NMB-AGRI-00726,Morogoro,1,5.2,Maize,3288994.57258469,0,3352000.0,1
NMB-AGRI-00727,Arusha,1,7.0,Cashew,9534355.998832894,1,1794000.0,0
NMB-AGRI-00728,Mbeya,1,1.5,Rice,1671012.508558406,1,2676000.0,0
NMB-AGRI-00729,Dodoma,1,3.6,Maize,3077009.884611099,1,4835000.0,1
NMB-AGRI-00730,Mwanza,0,1.2,Cashew,636872.6155805994,0,1239000.0,0
NMB-AGRI-00731,Mwanza,0,1.2,Maize,1244772.3108043326,1,2598000.0,0
NMB-AGRI-00732,Morogoro,0,2.4,Rice,3415742.1083669583,0,3198000.0,1
NMB-AGRI-00733,Arusha,1,5.1,Coffee,5591537.146782065,0,862000.0,1
NMB-AGRI-00734,Dodoma,0,8.0,Rice,11773204.836955946,0,409000.0,0
NMB-AGRI-00735,Arusha,0,5.1,Cashew,3245900.7031793385,1,265000.0,1
NMB-AGRI-00736,Dodoma,1,3.7,Rice,3952728.887000897,1,1759000.0,0
NMB-AGRI-00737,Morogoro,1,1.3,Cashew,1687562.562408358,0,555000.0,1
NMB-AGRI-00738,Morogoro,1,5.7,Maize,5845582.167416583,0,4058000.0,0
NMB-AGRI-00739,Mwanza,0,3.1,Cashew,1832305.7035611651,0,4987000.0,1
NMB-AGRI-00740,Arusha,0,6.3,Coffee,6822181.809747472,0,494000.0,1
NMB-AGRI-00741,Mwanza,0,9.8,Coffee,10895031.477256224,0,2277000.0,1
NMB-AGRI-00742,Arusha,1,1.6,Coffee,1965934.7975605642,0,324000.0,0
NMB-AGRI-00743,Mwanza,1,2.5,Maize,3153028.7879136847,1,843000.0,1
NMB-AGRI-00744,Mbeya,1,5.0,Cashew,6353863.441053035,0,1750000.0,1
NMB-AGRI-00745,Mbeya,0,9.7,Maize,11285410.61829797,0,2090000.0,1
NMB-AGRI-00746,Mbeya,1,7.8,Rice,5583327.254065533,1,4711000.0,1
NMB-AGRI-00747,Mbeya,0,9.0,Rice,8138121.802555314,1,2100000.0,1
NMB-AGRI-00748,Dodoma,0,3.7,Rice,4721680.8986732755,1,2582000.0,0
NMB-AGRI-00749,Mbeya,1,9.9,Rice,14388927.135668052,0,1379000.0,0
NMB-AGRI-00750,Morogoro,1,1.5,Coffee,868420.447254933,1,201000.0,0
NMB-AGRI-00751,Morogoro,0,1.0,Cashew,1035536.6777971948,0,4517000.0,1
NMB-AGRI-00752,Dodoma,0,8.6,Coffee,6987691.533389036,1,592000.0,1
NMB-AGRI-00753,Mbeya,1,9.3,Cashew,6746163.217146517,1,4828000.0,0
NMB-AGRI-00754,Mbeya,0,1.4,Cashew,1408134.9569276008,1,828000.0,1
NMB-AGRI-00755,Mbeya,0,1.6,Maize,1769742.944890459,0,3103000.0,0
NMB-AGRI-00756,Mwanza,0,0.8,Rice,407817.785135585,0,4997000.0,0
NMB-AGRI-00757,Arusha,0,1.5,Cashew,1920309.8583017865,1,865000.0,0
NMB-AGRI-00758,Mwanza,0,2.5,Rice,3299705.3281486193,1,2235000.0,1
NMB-AGRI-00759,Arusha,1,9.7,Rice,14215454.99830895,0,3946000.0,1
NMB-AGRI-00760,Mbeya,0,6.8,Rice,4628377.385927926,1,355000.0,1
NMB-AGRI-00761,Mbeya,1,7.9,Coffee,8646965.242651489,0,3511000.0,0
NMB-AGRI-00762,Mwanza,1,7.9,Rice,7320340.450463517,0,586000.0,0
NMB-AGRI-00763,Mwanza,1,5.6,Cashew,4675035.968709963,0,1335000.0,0
NMB-AGRI-00764,Arusha,1,8.1,Coffee,8631630.956643786,0,968000.0,1
NMB-AGRI-00765,Morogoro,1,6.2,Rice,7950775.177986013,0,4555000.0,0
NMB-AGRI-00766,Arusha,0,3.5,Maize,1830684.7420582355,1,1066000.0,0
NMB-AGRI-00767,Mwanza,1,5.8,Rice,8522520.652883882,0,394000.0,1
NMB-AGRI-00768,Mwanza,1,5.6,Rice,7335336.87995198,0,3021000.0,1
NMB-AGRI-00769,Dodoma,1,8.3,Coffee,10384575.740258303,1,1862000.0,0
NMB-AGRI-00770,Mwanza,1,9.8,Cashew,12351796.345368937,1,2147000.0,1
NMB-AGRI-00771,Dodoma,1,4.4,Rice,3911867.122322072,0,772000.0,1
NMB-AGRI-00772,Morogoro,1,7.8,Coffee,9762640.296589546,0,3792000.0,1
NMB-AGRI-00773,Arusha,0,1.4,Coffee,1241478.2920441406,0,3087000.0,0
NMB-AGRI-00774,Arusha,1,7.9,Cashew,11049783.953640865,1,1948000.0,1
NMB-AGRI-00775,Dodoma,1,4.0,Coffee,2708889.5332258786,0,1024000.0,1
NMB-AGRI-00776,Arusha,1,0.9,Cashew,713112.6817936363,0,3049000.0,0
NMB-AGRI-00777,Mwanza,0,4.0,Maize,4205350.170796305,1,3937000.0,0
NMB-AGRI-00778,Mbeya,1,6.3,Rice,5161029.526089817,0,1700000.0,0
NMB-AGRI-00779,Dodoma,0,1.6,Coffee,1478779.5924724375,0,324000.0,1
NMB-AGRI-00780,Arusha,0,9.3,Maize,9229531.011406932,1,1229000.0,0
NMB-AGRI-00781,Dodoma,1,1.2,Coffee,1627624.0185762104,0,3476000.0,0
NMB-AGRI-00782,Dodoma,0,9.3,Coffee,9515687.958560843,0,4948000.0,0
NMB-AGRI-00783,Mbeya,1,7.2,Maize,6209710.910024836,1,264000.0,1
NMB-AGRI-00784,Mwanza,0,3.6,Coffee,2691850.1905264165,1,1670000.0,1
NMB-AGRI-00785,Dodoma,1,4.2,Coffee,3816439.1109272284,0,498000.0,1
NMB-AGRI-00786,Arusha,0,7.5,Maize,7618020.783107774,0,1718000.0,0
NMB-AGRI-00787,Morogoro,0,6.2,Coffee,7725912.114660066,1,2148000.0,1
NMB-AGRI-00788,Dodoma,0,6.9,Cashew,4285236.555589137,0,4620000.0,1
NMB-AGRI-00789,Dodoma,0,4.2,Coffee,3030758.590604434,0,587000.0,1
NMB-AGRI-00790,Mbeya,0,5.1,Rice,4486235.480930233,0,3930000.0,1
NMB-AGRI-00791,Mwanza,0,9.9,Coffee,8517944.210683195,0,2099000.0,1
NMB-AGRI-00792,Morogoro,1,2.5,Rice,2229370.2190130292,1,4094000.0,0
NMB-AGRI-00793,Arusha,0,4.5,Rice,5820845.690881461,0,2664000.0,0
NMB-AGRI-00794,Morogoro,1,3.3,Coffee,2719709.529775171,1,389000.0,1
NMB-AGRI-00795,Arusha,0,7.8,Maize,7814805.807140784,1,4742000.0,1
NMB-AGRI-00796,Mwanza,1,7.8,Cashew,8766474.856291592,1,597000.0,1
NMB-AGRI-00797,Arusha,1,3.3,Cashew,2416189.215605897,1,3069000.0,0
NMB-AGRI-00798,Mbeya,1,1.3,Coffee,1584304.0032918006,1,4413000.0,1
NMB-AGRI-00799,Mbeya,0,0.6,Maize,628266.7918429686,0,583000.0,0
NMB-AGRI-00800,Mbeya,0,4.6,Maize,4355193.349944339,0,2859000.0,0
NMB-AGRI-00801,Mbeya,1,4.4,Cashew,5763049.717648582,1,4157000.0,1
NMB-AGRI-00802,Morogoro,0,9.9,Maize,7360603.065933301,0,4934000.0,0
NMB-AGRI-00803,Mwanza,0,5.0,Coffee,6915879.853071616,0,3677000.0,0
NMB-AGRI-00804,Arusha,0,2.9,Coffee,3077041.332563441,0,1536000.0,1
NMB-AGRI-00805,Arusha,0,9.0,Maize,9982573.914416922,0,3558000.0,1
NMB-AGRI-00806,Mbeya,0,5.2,Coffee,7150306.613678503,1,3588000.0,1
NMB-AGRI-00807,Mbeya,1,6.2,Rice,8169012.6646658825,1,3560000.0,1
NMB-AGRI-00808,Dodoma,0,1.4,Cashew,1542186.8963506604,0,4300000.0,1
NMB-AGRI-00809,Mwanza,1,4.1,Coffee,5138069.585777514,1,619000.0,1
NMB-AGRI-00810,Morogoro,0,9.5,Maize,8866535.15721252,0,720000.0,1
NMB-AGRI-00811,Arusha,0,6.1,Cashew,6389004.296348453,1,3275000.0,1
NMB-AGRI-00812,Dodoma,1,3.8,Coffee,2135866.519492342,0,4779000.0,0
NMB-AGRI-00813,Dodoma,0,6.4,Cashew,3775090.6752003003,1,2436000.0,0
NMB-AGRI-00814,Arusha,1,9.1,Maize,12097771.178095622,0,4811000.0,0
NMB-AGRI-00815,Morogoro,1,3.1,Rice,1734982.1326157395,0,4703000.0,1
NMB-AGRI-00816,Dodoma,0,5.3,Rice,3547815.3658528184,1,4534000.0,0
NMB-AGRI-00817,Dodoma,1,9.6,Coffee,12439993.525924237,0,4567000.0,0
NMB-AGRI-00818,Mwanza,0,2.1,Rice,1052406.4963193382,1,4512000.0,1
NMB-AGRI-00819,Morogoro,1,7.3,Coffee,5711551.600574809,0,4135000.0,0
NMB-AGRI-00820,Dodoma,0,6.3,Cashew,6829443.544307717,0,3536000.0,1
NMB-AGRI-00821,Morogoro,1,7.0,Coffee,7668149.5202850755,0,317000.0,0
NMB-AGRI-00822,Arusha,0,3.8,Coffee,4853181.051271999,0,835000.0,0
NMB-AGRI-00823,Mbeya,1,3.5,Coffee,3520741.8907225966,0,844000.0,0
NMB-AGRI-00824,Dodoma,1,7.0,Rice,7065813.086716793,1,313000.0,1
NMB-AGRI-00825,Mwanza,1,2.5,Coffee,3063276.4388517514,0,760000.0,1
NMB-AGRI-00826,Arusha,1,4.5,Maize,4493810.084698276,1,4615000.0,1
NMB-AGRI-00827,Morogoro,1,2.3,Coffee,2549529.499096319,0,3386000.0,1
NMB-AGRI-00828,Arusha,1,0.6,Cashew,838664.4409530306,0,1698000.0,1
NMB-AGRI-00829,Dodoma,0,9.7,Maize,8744074.773840006,0,4008000.0,1
NMB-AGRI-00830,Morogoro,0,4.6,Cashew,4071575.3262284216,0,2544000.0,0
NMB-AGRI-00831,Mbeya,0,9.7,Cashew,4884425.221088281,1,882000.0,1
NMB-AGRI-00832,Arusha,0,1.8,Cashew,2004167.2707382173,0,4446000.0,0
NMB-AGRI-00833,Dodoma,0,6.1,Maize,3231608.635183505,0,1826000.0,1
NMB-AGRI-00834,Mwanza,1,2.4,Maize,2409956.375347959,0,3555000.0,1
NMB-AGRI-00835,Morogoro,0,8.0,Rice,10433870.312257813,0,1595000.0,0
NMB-AGRI-00836,Arusha,1,7.9,Maize,8294376.457105338,0,2600000.0,0
NMB-AGRI-00837,Arusha,0,1.6,Coffee,1231417.8643466816,0,4118000.0,1
NMB-AGRI-00838,Mbeya,0,9.2,Cashew,11832749.477334214,0,953000.0,0
NMB-AGRI-00839,Mbeya,1,2.3,Rice,1770349.1093898392,1,4891000.0,0
NMB-AGRI-00840,Mwanza,1,6.3,Maize,7768100.219959162,1,537000.0,0
NMB-AGRI-00841,Mwanza,1,9.9,Cashew,10991558.706383288,0,2763000.0,0
NMB-AGRI-00842,Dodoma,1,8.9,Maize,5962967.041057211,0,4597000.0,1
NMB-AGRI-00843,Dodoma,0,9.6,Rice,13489285.198504183,1,4739000.0,0
NMB-AGRI-00844,Mwanza,1,3.8,Maize,2662445.9952373435,1,1314000.0,0
NMB-AGRI-00845,Mwanza,0,1.5,Maize,2234380.6112110047,1,891000.0,0
NMB-AGRI-00846,Morogoro,0,2.3,Cashew,1166814.1239063637,1,3677000.0,0
NMB-AGRI-00847,Mbeya,1,5.3,Coffee,4046461.898857386,0,401000.0,0
NMB-AGRI-00848,Dodoma,0,8.0,Maize,5598882.378193591,1,2529000.0,1
NMB-AGRI-00849,Mbeya,0,1.9,Rice,976587.4793238789,1,4023000.0,1
NMB-AGRI-00850,Mbeya,1,6.8,Maize,8380101.721001746,0,2889000.0,0
NMB-AGRI-00851,Mwanza,1,3.6,Maize,4296332.887558547,0,1102000.0,0
NMB-AGRI-00852,Morogoro,0,3.7,Coffee,4781698.568113243,0,2538000.0,1
NMB-AGRI-00853,Arusha,0,6.8,Cashew,5145550.115959044,0,4622000.0,1
NMB-AGRI-00854,Morogoro,0,4.9,Rice,4627242.3187065525,0,3163000.0,0
NMB-AGRI-00855,Morogoro,0,8.2,Cashew,9504730.877296688,0,3663000.0,1
NMB-AGRI-00856,Mbeya,1,2.0,Cashew,1879537.0077762872,0,1814000.0,1
NMB-AGRI-00857,Morogoro,0,8.0,Cashew,9578606.162543327,0,1105000.0,1
NMB-AGRI-00858,Dodoma,1,1.1,Maize,1247370.7492844865,0,1427000.0,0
NMB-AGRI-00859,Mbeya,0,2.3,Coffee,1413689.9469510058,1,2759000.0,1
NMB-AGRI-00860,Dodoma,1,6.7,Maize,8582988.911215685,0,1545000.0,1
NMB-AGRI-00861,Arusha,0,8.6,Rice,10497816.688195657,1,2801000.0,0
NMB-AGRI-00862,Mbeya,1,2.9,Coffee,3351919.724090475,1,3597000.0,0
NMB-AGRI-00863,Arusha,0,3.6,Cashew,2358336.9825756084,1,3725000.0,1
NMB-AGRI-00864,Mbeya,1,5.6,Coffee,4300780.113254036,1,990000.0,1
NMB-AGRI-00865,Mwanza,0,2.5,Rice,2232942.5789690013,0,3802000.0,1
NMB-AGRI-00866,Morogoro,0,8.2,Maize,6395422.8975828355,0,3429000.0,0
NMB-AGRI-00867,Mwanza,1,7.8,Maize,5676920.267273826,0,258000.0,1
NMB-AGRI-00868,Arusha,1,1.9,Cashew,2480179.573307374,1,483000.0,1
NMB-AGRI-00869,Morogoro,1,4.9,Maize,5577338.007164991,0,3302000.0,0
NMB-AGRI-00870,Mbeya,1,7.9,Maize,8417229.839246979,0,2042000.0,0
NMB-AGRI-00871,Morogoro,1,3.7,Rice,2686025.0301570394,1,901000.0,1
NMB-AGRI-00872,Dodoma,0,6.5,Coffee,9217497.65474617,1,413000.0,1
NMB-AGRI-00873,Morogoro,0,1.0,Maize,691183.0390973163,1,965000.0,1
NMB-AGRI-00874,Dodoma,0,6.3,Rice,8158190.876795465,0,4796000.0,1
NMB-AGRI-00875,Morogoro,1,2.0,Rice,2933345.333410586,0,3692000.0,1
NMB-AGRI-00876,Dodoma,0,8.4,Cashew,10307578.925483584,0,2733000.0,1
NMB-AGRI-00877,Arusha,0,3.9,Rice,5822149.223220056,0,4719000.0,1
NMB-AGRI-00878,Mwanza,1,3.2,Cashew,3683363.5743294302,1,3172000.0,1
NMB-AGRI-00879,Mbeya,1,8.5,Maize,6098412.920633107,0,3683000.0,0
NMB-AGRI-00880,Morogoro,0,1.0,Cashew,703819.4937165113,0,1557000.0,0
NMB-AGRI-00881,Mwanza,0,4.3,Rice,3545626.422298548,1,3027000.0,0
NMB-AGRI-00882,Mbeya,0,4.0,Coffee,2028520.0808840243,0,889000.0,0
NMB-AGRI-00883,Mbeya,0,3.2,Coffee,3781435.104265071,1,2142000.0,0
NMB-AGRI-00884,Dodoma,0,9.2,Maize,7071743.6185760135,1,360000.0,0
NMB-AGRI-00885,Arusha,1,7.6,Maize,9995392.565424921,1,1240000.0,1
NMB-AGRI-00886,Arusha,1,1.1,Coffee,945089.9156152304,0,559000.0,1
NMB-AGRI-00887,Mwanza,1,7.3,Cashew,7153682.402282183,0,2061000.0,1
NMB-AGRI-00888,Arusha,0,5.5,Maize,8061289.041082031,1,4247000.0,1
NMB-AGRI-00889,Morogoro,1,9.1,Rice,6753766.319730221,1,2014000.0,1
NMB-AGRI-00890,Arusha,0,3.5,Maize,4274389.3410040885,0,4192000.0,0
NMB-AGRI-00891,Mwanza,1,6.0,Cashew,7530706.735832504,0,3351000.0,1
NMB-AGRI-00892,Arusha,1,5.3,Maize,3821290.2348752664,0,2646000.0,0
NMB-AGRI-00893,Morogoro,0,5.2,Rice,5205183.550383418,1,1337000.0,1
NMB-AGRI-00894,Dodoma,0,4.8,Rice,4080969.2415022478,0,4626000.0,0
NMB-AGRI-00895,Mwanza,1,2.5,Rice,3179765.608500223,0,460000.0,1
NMB-AGRI-00896,Dodoma,0,7.7,Cashew,8643121.556523588,0,3507000.0,0
NMB-AGRI-00897,Dodoma,1,4.8,Cashew,4684718.663330625,0,3182000.0,1
NMB-AGRI-00898,Dodoma,0,9.6,Rice,12281887.344458096,1,2317000.0,0
NMB-AGRI-00899,Mbeya,1,3.0,Rice,2205466.710025251,0,1354000.0,1
NMB-AGRI-00900,Mbeya,0,7.0,Cashew,8775353.164090514,0,2267000.0,0
NMB-AGRI-00901,Dodoma,0,9.4,Cashew,12834518.533672549,0,4389000.0,1
NMB-AGRI-00902,Mwanza,1,6.8,Cashew,9374626.858291494,0,4216000.0,0
NMB-AGRI-00903,Morogoro,0,8.8,Coffee,11296327.618572515,0,4719000.0,0
NMB-AGRI-00904,Morogoro,0,8.4,Cashew,7627319.002785458,0,1677000.0,0
NMB-AGRI-00905,Arusha,0,3.9,Rice,5779051.288599526,0,2058000.0,1
NMB-AGRI-00906,Mwanza,0,6.2,Coffee,5453480.591699128,1,290000.0,0
NMB-AGRI-00907,Mbeya,0,2.0,Cashew,2277250.7982048513,0,4726000.0,1
NMB-AGRI-00908,Dodoma,0,5.6,Rice,3702015.3971890244,1,1781000.0,1
NMB-AGRI-00909,Arusha,1,2.7,Maize,3997212.026318261,0,2140000.0,1
NMB-AGRI-00910,Morogoro,0,7.6,Coffee,9150293.00617144,0,4557000.0,1
NMB-AGRI-00911,Mbeya,1,5.5,Rice,6893576.4988550255,0,2728000.0,0
NMB-AGRI-00912,Mbeya,0,4.4,Maize,2489417.4950090367,0,2918000.0,1
NMB-AGRI-00913,Dodoma,0,3.1,Rice,3916595.2240840825,0,1046000.0,1
NMB-AGRI-00914,Morogoro,1,10.0,Cashew,12747234.292206015,0,2594000.0,0
NMB-AGRI-00915,Mwanza,0,1.2,Cashew,1406127.2716346758,0,4607000.0,0
NMB-AGRI-00916,Mbeya,1,0.9,Maize,712718.6524113093,0,2882000.0,0
NMB-AGRI-00917,Dodoma,0,2.6,Cashew,2573194.1096182917,0,1425000.0,0
NMB-AGRI-00918,Mwanza,1,9.7,Rice,5921213.401694549,0,350000.0,0
NMB-AGRI-00919,Morogoro,1,9.8,Maize,9521553.251299696,0,1814000.0,0
NMB-AGRI-00920,Mbeya,1,6.7,Rice,4983619.812422713,1,2948000.0,0
NMB-AGRI-00921,Mwanza,1,8.9,Rice,7556963.17979733,0,405000.0,0
NMB-AGRI-00922,Mwanza,1,2.5,Rice,1656501.0210092464,1,3127000.0,1
NMB-AGRI-00923,Mwanza,0,9.7,Cashew,7081527.3671449,0,2712000.0,0
NMB-AGRI-00924,Mbeya,0,1.9,Cashew,1095480.4194582207,1,3960000.0,0
NMB-AGRI-00925,Mbeya,1,1.5,Rice,2129852.049655382,0,339000.0,1
NMB-AGRI-00926,Arusha,0,1.6,Coffee,1648657.1007606455,1,3948000.0,1
NMB-AGRI-00927,Morogoro,0,5.9,Rice,5290777.630450165,0,2700000.0,0
NMB-AGRI-00928,Dodoma,1,7.9,Rice,8176730.780873394,0,1979000.0,1
NMB-AGRI-00929,Mwanza,0,4.0,Maize,4513172.91392621,0,4834000.0,1
NMB-AGRI-00930,Arusha,1,9.8,Rice,13934412.175019622,0,969000.0,0
NMB-AGRI-00931,Dodoma,1,4.6,Cashew,3121987.580517041,1,2798000.0,1
NMB-AGRI-00932,Arusha,1,1.9,Maize,1511549.7474069132,0,1741000.0,1
NMB-AGRI-00933,Mbeya,1,4.9,Coffee,7231367.748086163,0,2732000.0,0
NMB-AGRI-00934,Mwanza,0,7.0,Maize,6098350.906539671,0,2851000.0,0
NMB-AGRI-00935,Dodoma,0,8.4,Coffee,4389517.866361552,0,629000.0,0
NMB-AGRI-00936,Dodoma,1,4.9,Maize,3173453.1139220786,0,3373000.0,0
NMB-AGRI-00937,Dodoma,0,6.1,Maize,3210666.080666167,0,3246000.0,0
NMB-AGRI-00938,Dodoma,1,3.0,Coffee,4469769.427262185,0,3893000.0,0
NMB-AGRI-00939,Dodoma,1,6.6,Cashew,5140547.603342072,0,635000.0,1
NMB-AGRI-00940,Arusha,1,9.9,Cashew,14093073.293668639,0,1627000.0,0
NMB-AGRI-00941,Mwanza,0,1.0,Cashew,1495886.2757597158,0,3321000.0,1
NMB-AGRI-00942,Mbeya,1,8.9,Maize,9788586.868173718,0,856000.0,0
NMB-AGRI-00943,Mbeya,1,5.8,Rice,3092538.6273802584,0,3452000.0,1
NMB-AGRI-00944,Mbeya,1,2.9,Maize,1686615.7281220881,0,483000.0,1
NMB-AGRI-00945,Mbeya,0,9.6,Rice,9423254.929035626,1,1808000.0,1
NMB-AGRI-00946,Arusha,1,5.1,Rice,4621477.265848578,1,4264000.0,0
NMB-AGRI-00947,Morogoro,1,3.7,Cashew,4092856.031392541,1,3917000.0,0
NMB-AGRI-00948,Mwanza,1,2.2,Rice,2065465.1813650008,0,3295000.0,0
NMB-AGRI-00949,Dodoma,1,2.8,Maize,4015415.177960156,1,4378000.0,1
NMB-AGRI-00950,Morogoro,0,8.4,Maize,8691813.609473493,0,3604000.0,1
NMB-AGRI-00951,Mbeya,1,6.3,Cashew,7520474.1872133855,0,2693000.0,1
NMB-AGRI-00952,Morogoro,1,9.2,Coffee,12847664.508310966,0,4903000.0,1
NMB-AGRI-00953,Mwanza,0,2.7,Maize,1746554.06474966,1,3535000.0,0
NMB-AGRI-00954,Dodoma,1,1.7,Rice,1240548.9120014985,1,3087000.0,0
NMB-AGRI-00955,Dodoma,1,0.6,Maize,364391.19628440903,0,2163000.0,1
NMB-AGRI-00956,Mwanza,1,5.3,Maize,3390083.515918535,0,4532000.0,1
NMB-AGRI-00957,Mwanza,1,10.0,Maize,10125839.669342332,0,1619000.0,1
NMB-AGRI-00958,Mbeya,1,7.1,Coffee,5830372.738668995,1,244000.0,1
NMB-AGRI-00959,Dodoma,1,3.4,Rice,3138787.654390966,1,1144000.0,0
NMB-AGRI-00960,Morogoro,0,8.8,Cashew,13045910.519787744,0,726000.0,0
NMB-AGRI-00961,Arusha,0,7.9,Maize,5187964.347587991,0,1731000.0,0
NMB-AGRI-00962,Arusha,1,0.6,Rice,624487.2424788454,0,4164000.0,0
NMB-AGRI-00963,Mwanza,1,8.3,Rice,4970630.586945304,1,3327000.0,1
NMB-AGRI-00964,Mbeya,1,3.4,Cashew,2782887.4650971876,1,1011000.0,1
NMB-AGRI-00965,Arusha,1,1.9,Maize,1952299.2549817371,0,3986000.0,1
NMB-AGRI-00966,Dodoma,0,2.7,Coffee,3905905.7141064126,0,2620000.0,0
NMB-AGRI-00967,Mwanza,1,5.0,Rice,4456141.106417416,1,2661000.0,0
NMB-AGRI-00968,Morogoro,0,4.5,Cashew,2542080.1329660146,0,1938000.0,0
NMB-AGRI-00969,Mwanza,1,3.2,Coffee,2842116.6334730145,1,4350000.0,1
NMB-AGRI-00970,Morogoro,1,2.1,Rice,1356056.4693353532,0,1728000.0,0
NMB-AGRI-00971,Mwanza,0,7.7,Maize,5620920.022344129,1,652000.0,1
NMB-AGRI-00972,Mwanza,0,9.9,Rice,11069097.169333406,1,1653000.0,1
NMB-AGRI-00973,Mwanza,1,7.9,Coffee,4482648.543009086,0,3634000.0,1
NMB-AGRI-00974,Morogoro,1,3.3,Coffee,3183588.3956251233,1,3356000.0,1
NMB-AGRI-00975,Morogoro,0,2.8,Maize,3106492.44083014,0,1102000.0,0
NMB-AGRI-00976,Mwanza,1,2.6,Maize,2396831.820155492,1,737000.0,0
NMB-AGRI-00977,Arusha,1,1.8,Cashew,934427.4311227147,1,3372000.0,1
NMB-AGRI-00978,Mbeya,1,5.7,Maize,8467460.334346334,0,3447000.0,1
NMB-AGRI-00979,Mbeya,1,6.3,Cashew,5462829.334245373,0,1958000.0,1
NMB-AGRI-00980,Mbeya,1,7.2,Coffee,9205755.745919522,0,4245000.0,1
NMB-AGRI-00981,Morogoro,1,7.0,Coffee,5779525.445312172,1,4895000.0,1
NMB-AGRI-00982,Morogoro,1,3.3,Rice,3217555.298078282,1,1187000.0,0
NMB-AGRI-00983,Arusha,1,3.6,Rice,3198469.1133995876,0,2970000.0,1
NMB-AGRI-00984,Mbeya,0,7.0,Cashew,5897774.606567253,1,226000.0,0
NMB-AGRI-00985,Mbeya,1,3.8,Maize,1983035.2333895592,0,3623000.0,1
NMB-AGRI-00986,Mwanza,0,2.5,Maize,2150052.3446362587,0,2189000.0,1
NMB-AGRI-00987,Morogoro,0,4.1,Rice,5696908.960638073,0,1128000.0,1
NMB-AGRI-00988,Mbeya,0,3.1,Coffee,3690219.3496404197,0,3811000.0,0
NMB-AGRI-00989,Arusha,0,1.3,Cashew,839049.7168240717,0,4091000.0,1
NMB-AGRI-00990,Arusha,1,8.4,Coffee,9165702.03883101,0,734000.0,1
NMB-AGRI-00991,Mbeya,0,8.6,Coffee,11973185.395560296,0,397000.0,0
NMB-AGRI-00992,Morogoro,1,2.6,Maize,3120088.506508624,1,1804000.0,1
NMB-AGRI-00993,Arusha,1,1.1,Cashew,713552.8315923664,0,3205000.0,0
NMB-AGRI-00994,Mwanza,1,7.5,Coffee,10258743.725508725,0,4008000.0,1
NMB-AGRI-00995,Arusha,0,2.5,Rice,2003860.0332221633,0,2821000.0,0
NMB-AGRI-00996,Dodoma,1,4.2,Rice,4007119.8061118354,1,2988000.0,1
NMB-AGRI-00997,Dodoma,1,1.1,Maize,1128757.035658061,1,4039000.0,1
NMB-AGRI-00998,Morogoro,1,2.6,Rice,3511317.171383308,1,2738000.0,1
NMB-AGRI-00999,Mbeya,1,8.0,Rice,11452859.961181289,1,3134000.0,1
NMB-AGRI-01000,Morogoro,1,8.1,Coffee,11580188.310103504,0,2678000.0,0
NMB-AGRI-01001,Morogoro,1,2.5,Rice,1269885.4531963516,0,4426000.0,0
NMB-AGRI-01002,Morogoro,0,3.7,Rice,5260987.3966661915,1,1330000.0,1
NMB-AGRI-01003,Morogoro,1,1.8,Coffee,997896.5388028302,1,1467000.0,1
NMB-AGRI-01004,Mwanza,0,1.2,Maize,918928.3881809224,0,814000.0,1
NMB-AGRI-01005,Mwanza,1,9.9,Maize,10048379.761805547,1,4133000.0,0
NMB-AGRI-01006,Arusha,0,6.7,Cashew,6565502.11632944,1,2177000.0,1
NMB-AGRI-01007,Dodoma,0,5.6,Rice,6186374.845769396,1,1870000.0,1
NMB-AGRI-01008,Morogoro,1,7.8,Coffee,7639680.584148645,1,4910000.0,0
NMB-AGRI-01009,Arusha,1,8.5,Cashew,12192193.276943576,0,4649000.0,1
NMB-AGRI-01010,Dodoma,0,8.2,Maize,6072500.555359612,0,4866000.0,1
NMB-AGRI-01011,Mbeya,1,0.7,Maize,541817.2858269401,0,883000.0,1
NMB-AGRI-01012,Mwanza,1,2.3,Coffee,3267697.2520940294,0,4478000.0,0
NMB-AGRI-01013,Dodoma,0,6.7,Cashew,3864154.742093217,1,1778000.0,1
NMB-AGRI-01014,Mbeya,1,4.1,Cashew,4549199.369809721,0,261000.0,0
NMB-AGRI-01015,Dodoma,0,9.8,Coffee,11581012.330242986,0,2078000.0,1
NMB-AGRI-01016,Mwanza,1,6.8,Coffee,6837683.719322228,0,2644000.0,1
NMB-AGRI-01017,Mwanza,1,9.6,Cashew,11464626.036702117,1,719000.0,0
NMB-AGRI-01018,Arusha,0,2.4,Maize,1614611.1504287207,0,2781000.0,1
NMB-AGRI-01019,Morogoro,1,8.7,Rice,11767900.425112395,0,4133000.0,1
NMB-AGRI-01020,Dodoma,0,3.6,Maize,2304092.482091588,0,2013000.0,1
NMB-AGRI-01021,Dodoma,1,9.9,Coffee,8918043.198725922,0,1893000.0,1
NMB-AGRI-01022,Mbeya,1,2.0,Cashew,1150515.2026164117,1,1826000.0,0
NMB-AGRI-01023,Mwanza,1,5.4,Cashew,5644139.825613962,1,4631000.0,1
NMB-AGRI-01024,Dodoma,0,8.0,Rice,9357966.459405113,0,434000.0,0
NMB-AGRI-01025,Mwanza,0,4.6,Cashew,6629619.521438336,1,2336000.0,0
NMB-AGRI-01026,Dodoma,0,4.9,Rice,6072747.359890404,0,1470000.0,0
NMB-AGRI-01027,Arusha,0,9.9,Maize,10306918.872896096,1,4490000.0,0
NMB-AGRI-01028,Morogoro,1,4.5,Maize,6446776.577266502,0,661000.0,0
NMB-AGRI-01029,Dodoma,1,6.2,Cashew,6066308.395853435,1,2175000.0,1
NMB-AGRI-01030,Mwanza,1,1.0,Cashew,1061205.6530988694,0,2153000.0,1
NMB-AGRI-01031,Arusha,1,8.5,Coffee,9316837.485195814,0,4464000.0,1
NMB-AGRI-01032,Dodoma,1,6.7,Coffee,6096864.1634399975,0,1234000.0,0
NMB-AGRI-01033,Mbeya,1,4.3,Cashew,5755475.569433043,0,3295000.0,0
NMB-AGRI-01034,Morogoro,1,0.7,Cashew,479623.15719154134,1,845000.0,1
NMB-AGRI-01035,Dodoma,1,6.1,Maize,6434537.361266808,0,4779000.0,0
NMB-AGRI-01036,Arusha,0,0.6,Cashew,733339.9537123163,0,3046000.0,1
NMB-AGRI-01037,Mbeya,0,0.5,Coffee,701988.0859382886,1,3206000.0,1
NMB-AGRI-01038,Arusha,1,6.4,Maize,8857077.737179382,0,2282000.0,1
NMB-AGRI-01039,Arusha,0,2.3,Rice,2320102.6656893264,1,1843000.0,1
NMB-AGRI-01040,Mbeya,0,2.3,Coffee,2629271.337675686,0,1221000.0,0
NMB-AGRI-01041,Arusha,1,6.7,Coffee,5991392.832066317,0,3099000.0,1
NMB-AGRI-01042,Mbeya,1,1.0,Maize,968177.7628802003,1,4782000.0,1
NMB-AGRI-01043,Dodoma,1,3.5,Rice,4921930.274005674,0,1927000.0,0
NMB-AGRI-01044,Mbeya,0,1.9,Coffee,2718337.5870657004,0,4439000.0,0
NMB-AGRI-01045,Mbeya,0,6.0,Cashew,8372484.348402117,1,914000.0,0
NMB-AGRI-01046,Morogoro,1,6.8,Coffee,4340921.86033274,0,4693000.0,1
NMB-AGRI-01047,Mbeya,1,7.4,Maize,9990621.75784671,1,1882000.0,1
NMB-AGRI-01048,Mbeya,1,2.9,Maize,4200254.819962292,1,2023000.0,0
NMB-AGRI-01049,Dodoma,1,1.3,Maize,1119624.602945686,0,2422000.0,0
NMB-AGRI-01050,Morogoro,1,1.2,Coffee,1222375.547306003,1,3648000.0,0
NMB-AGRI-01051,Mwanza,1,4.5,Rice,5755928.651158481,0,3654000.0,1
NMB-AGRI-01052,Dodoma,0,9.5,Cashew,10089742.306873662,0,2502000.0,1
NMB-AGRI-01053,Dodoma,1,2.6,Maize,3883057.156436249,1,2711000.0,1
NMB-AGRI-01054,Mwanza,1,2.9,Rice,2771568.7589548025,1,344000.0,0
NMB-AGRI-01055,Mbeya,1,1.5,Cashew,1820914.0668110666,1,1661000.0,1
NMB-AGRI-01056,Arusha,1,6.3,Maize,8143324.183238228,1,1861000.0,0
NMB-AGRI-01057,Morogoro,1,7.0,Cashew,6958702.910309076,0,2882000.0,1
NMB-AGRI-01058,Arusha,0,6.6,Cashew,8956093.11769508,0,2880000.0,1
NMB-AGRI-01059,Mwanza,1,8.7,Rice,9101544.943502609,0,3608000.0,0
NMB-AGRI-01060,Dodoma,0,5.1,Cashew,4649419.063688319,0,3642000.0,1
NMB-AGRI-01061,Dodoma,1,1.8,Maize,1094082.6129335049,0,1329000.0,0
NMB-AGRI-01062,Morogoro,0,3.2,Rice,2858923.4443213576,1,3897000.0,1
NMB-AGRI-01063,Dodoma,0,6.8,Coffee,8390767.892186332,0,294000.0,1
NMB-AGRI-01064,Dodoma,1,6.3,Coffee,8954104.393584676,1,3638000.0,1
NMB-AGRI-01065,Morogoro,1,5.5,Rice,4134236.721231707,1,690000.0,0
NMB-AGRI-01066,Morogoro,1,7.0,Coffee,5986648.621313518,0,3702000.0,0
NMB-AGRI-01067,Mwanza,0,6.6,Cashew,4316142.561089213,0,2730000.0,1
NMB-AGRI-01068,Dodoma,1,8.9,Maize,10597433.758637823,0,2299000.0,1
NMB-AGRI-01069,Dodoma,0,6.1,Cashew,8907149.423060544,0,3515000.0,0
NMB-AGRI-01070,Mwanza,1,7.9,Rice,9013522.536800588,1,375000.0,1
NMB-AGRI-01071,Mbeya,1,2.9,Maize,3239521.937018056,0,1273000.0,0
NMB-AGRI-01072,Mbeya,1,6.9,Rice,7269080.520452994,1,3159000.0,0
NMB-AGRI-01073,Mbeya,0,9.1,Rice,5354947.2402383825,1,4267000.0,0
NMB-AGRI-01074,Mwanza,1,4.2,Rice,5163916.071003411,0,2029000.0,0
NMB-AGRI-01075,Dodoma,0,7.9,Cashew,8706191.394039873,1,1442000.0,1
NMB-AGRI-01076,Mwanza,1,7.4,Maize,8594928.089536523,0,2690000.0,1
NMB-AGRI-01077,Mwanza,0,1.1,Maize,1538692.2023301641,0,3187000.0,1
NMB-AGRI-01078,Mbeya,1,6.0,Maize,7703764.722366108,0,2216000.0,1
NMB-AGRI-01079,Arusha,0,1.7,Cashew,2177555.928662694,0,4408000.0,0
NMB-AGRI-01080,Dodoma,1,9.7,Coffee,13843682.55812967,0,2713000.0,1
NMB-AGRI-01081,Mbeya,1,8.2,Cashew,12217466.601996595,1,372000.0,0
NMB-AGRI-01082,Arusha,1,1.5,Cashew,1621924.0979415895,0,1271000.0,0
NMB-AGRI-01083,Arusha,0,1.7,Rice,1035098.7472529816,0,2363000.0,1
NMB-AGRI-01084,Morogoro,1,6.1,Maize,5850692.437430162,0,3549000.0,1
NMB-AGRI-01085,Dodoma,1,3.8,Maize,4892884.356554247,0,1255000.0,1
NMB-AGRI-01086,Arusha,1,0.8,Coffee,422180.2598094794,0,4886000.0,1
NMB-AGRI-01087,Mbeya,0,5.6,Coffee,3118569.654794434,0,1729000.0,1
NMB-AGRI-01088,Morogoro,1,4.2,Rice,2382062.6860078494,0,2756000.0,1
NMB-AGRI-01089,Dodoma,1,1.5,Maize,1846553.637492466,0,291000.0,0
NMB-AGRI-01090,Mwanza,0,8.1,Coffee,8109449.691361694,0,4447000.0,0
NMB-AGRI-01091,Mbeya,0,9.2,Coffee,7993861.080389461,1,3986000.0,1
NMB-AGRI-01092,Arusha,1,7.7,Maize,4663251.2485153675,0,1138000.0,1
NMB-AGRI-01093,Arusha,0,8.3,Cashew,10227594.076708881,1,4680000.0,0
NMB-AGRI-01094,Mbeya,0,2.6,Coffee,2134651.5074323392,0,1716000.0,1
NMB-AGRI-01095,Arusha,1,3.0,Maize,2295972.2101940014,0,3522000.0,1
NMB-AGRI-01096,Morogoro,1,2.5,Coffee,2880798.003883878,0,4131000.0,0
NMB-AGRI-01097,Dodoma,0,7.8,Rice,8260284.962255366,0,3756000.0,0
NMB-AGRI-01098,Morogoro,1,9.5,Coffee,8192901.0972263655,0,4604000.0,0
NMB-AGRI-01099,Arusha,0,7.3,Maize,8332858.536880793,1,4349000.0,1
NMB-AGRI-01100,Mwanza,0,8.9,Coffee,6863871.531418652,0,4974000.0,1
NMB-AGRI-01101,Dodoma,0,6.6,Rice,8545879.726588557,1,1077000.0,1
NMB-AGRI-01102,Dodoma,1,4.2,Rice,3063139.591292147,0,1663000.0,0
NMB-AGRI-01103,Mbeya,0,4.5,Coffee,2964769.6292190705,0,3254000.0,1
NMB-AGRI-01104,Mbeya,0,1.2,Coffee,1538927.29139865,0,3719000.0,1
NMB-AGRI-01105,Mwanza,1,0.8,Rice,966313.6245583466,0,2766000.0,0
NMB-AGRI-01106,Dodoma,1,7.1,Rice,4846736.727482769,1,555000.0,0
NMB-AGRI-01107,Mwanza,0,4.7,Cashew,2896355.0376427085,1,4240000.0,0
NMB-AGRI-01108,Mbeya,1,5.7,Cashew,7628874.804374144,1,4812000.0,1
NMB-AGRI-01109,Mbeya,0,5.8,Rice,7404271.196740791,0,2146000.0,1
NMB-AGRI-01110,Dodoma,1,3.1,Coffee,2564497.858468959,0,1279000.0,0
NMB-AGRI-01111,Morogoro,1,5.0,Maize,5790987.041066834,1,293000.0,0
NMB-AGRI-01112,Arusha,1,5.0,Coffee,3120800.932739054,0,1339000.0,1
NMB-AGRI-01113,Mbeya,0,4.2,Coffee,4229600.168000248,1,3560000.0,1
NMB-AGRI-01114,Mbeya,0,8.3,Cashew,4305461.424101485,0,4576000.0,0
NMB-AGRI-01115,Morogoro,0,4.8,Cashew,4279689.028423466,1,649000.0,1
NMB-AGRI-01116,Morogoro,0,6.2,Cashew,3564025.493122712,1,2856000.0,0
NMB-AGRI-01117,Mwanza,0,9.0,Rice,8776324.621411942,1,3539000.0,1
NMB-AGRI-01118,Mwanza,1,8.7,Rice,8018630.32762018,0,1527000.0,1
NMB-AGRI-01119,Arusha,1,9.0,Coffee,8499465.239742504,0,2936000.0,0
NMB-AGRI-01120,Arusha,1,3.1,Coffee,1690527.0363487818,0,3633000.0,1
NMB-AGRI-01121,Dodoma,1,0.8,Maize,689293.073025466,1,4221000.0,0
NMB-AGRI-01122,Mwanza,1,3.0,Coffee,3769451.547299749,1,2372000.0,1
NMB-AGRI-01123,Mbeya,1,3.1,Coffee,2693634.5573962224,0,3790000.0,1
NMB-AGRI-01124,Mwanza,0,9.1,Cashew,11058064.768747184,0,1649000.0,0
NMB-AGRI-01125,Mbeya,1,6.7,Cashew,5825507.448346013,0,1223000.0,0
NMB-AGRI-01126,Morogoro,1,1.3,Cashew,1200211.2739372423,1,1099000.0,0
NMB-AGRI-01127,Mwanza,1,1.8,Cashew,1915005.803092679,0,1923000.0,1
NMB-AGRI-01128,Morogoro,1,2.0,Cashew,2901363.873614165,0,372000.0,1
NMB-AGRI-01129,Arusha,0,6.5,Maize,3957592.9032032588,0,1558000.0,0
NMB-AGRI-01130,Arusha,0,7.5,Maize,3996853.264958802,0,3331000.0,1
NMB-AGRI-01131,Dodoma,1,8.7,Maize,9639227.499147391,1,3310000.0,0
NMB-AGRI-01132,Mwanza,0,9.4,Cashew,13621512.635927208,0,553000.0,1
NMB-AGRI-01133,Morogoro,1,2.4,Rice,3575335.518131316,0,1580000.0,0
NMB-AGRI-01134,Mbeya,1,3.4,Cashew,3346158.4411328062,0,2934000.0,0
NMB-AGRI-01135,Arusha,1,2.8,Cashew,2710628.5390382754,0,1729000.0,1
NMB-AGRI-01136,Arusha,1,3.9,Maize,4465358.7059062645,0,2206000.0,0
NMB-AGRI-01137,Mbeya,0,9.2,Cashew,9711839.766285721,0,3621000.0,1
NMB-AGRI-01138,Morogoro,0,6.0,Maize,6804528.345684709,0,244000.0,1
NMB-AGRI-01139,Morogoro,1,7.5,Cashew,10304995.691534206,0,1527000.0,1
NMB-AGRI-01140,Mwanza,1,5.2,Coffee,6480792.081335569,1,883000.0,0
NMB-AGRI-01141,Mwanza,1,0.8,Rice,797501.9133494365,1,813000.0,1
NMB-AGRI-01142,Dodoma,0,1.1,Rice,1058050.9049001865,1,4803000.0,1
NMB-AGRI-01143,Arusha,0,5.6,Maize,6381769.79167345,1,2007000.0,1
NMB-AGRI-01144,Mwanza,1,7.3,Coffee,6976655.876268172,0,2730000.0,1
NMB-AGRI-01145,Morogoro,0,2.5,Rice,2394448.3781640995,0,3722000.0,1
NMB-AGRI-01146,Mbeya,1,7.4,Maize,3820663.673220136,1,428000.0,0
NMB-AGRI-01147,Morogoro,0,8.2,Cashew,5527325.926739928,0,1357000.0,0
NMB-AGRI-01148,Arusha,1,4.4,Cashew,4349460.015981314,0,4194000.0,0
NMB-AGRI-01149,Morogoro,1,7.6,Coffee,10052166.288782803,0,4338000.0,0
NMB-AGRI-01150,Dodoma,1,4.3,Rice,3348526.1289266334,0,1990000.0,1
NMB-AGRI-01151,Arusha,0,6.9,Cashew,7056239.688604929,0,1999000.0,1
NMB-AGRI-01152,Mbeya,1,7.8,Maize,6590704.261122011,0,3833000.0,0
NMB-AGRI-01153,Dodoma,1,9.9,Cashew,5987559.496441931,0,1616000.0,0
NMB-AGRI-01154,Arusha,1,3.8,Cashew,5541534.235670942,1,762000.0,0
NMB-AGRI-01155,Mbeya,1,4.4,Rice,5960565.029101328,0,1436000.0,0
NMB-AGRI-01156,Dodoma,1,2.1,Rice,1214834.0913805035,1,2059000.0,1
NMB-AGRI-01157,Dodoma,1,2.4,Maize,2927489.4299238827,0,451000.0,1
NMB-AGRI-01158,Arusha,1,7.1,Coffee,6017817.320938251,0,2498000.0,0
NMB-AGRI-01159,Mwanza,0,9.2,Coffee,13752618.224968491,0,3752000.0,1
NMB-AGRI-01160,Dodoma,0,4.2,Cashew,3370073.7832817067,0,2666000.0,1
NMB-AGRI-01161,Dodoma,0,2.2,Maize,1625224.5797977198,0,545000.0,1
NMB-AGRI-01162,Mbeya,1,3.2,Coffee,3417249.7545772973,0,2313000.0,1
NMB-AGRI-01163,Morogoro,1,4.8,Coffee,6408605.58404738,1,3603000.0,0
NMB-AGRI-01164,Arusha,1,3.3,Cashew,2285312.2770053335,1,479000.0,1
NMB-AGRI-01165,Arusha,0,2.7,Maize,3265387.4782421947,0,487000.0,0
NMB-AGRI-01166,Mwanza,0,7.5,Coffee,4210549.373558412,0,1979000.0,0
NMB-AGRI-01167,Mwanza,1,0.6,Rice,851360.8458662983,0,1136000.0,1
NMB-AGRI-01168,Arusha,1,5.6,Rice,3254019.530424873,0,4687000.0,1
NMB-AGRI-01169,Mwanza,0,8.0,Cashew,11313851.0107533,0,2990000.0,1
NMB-AGRI-01170,Mbeya,1,3.0,Cashew,2972421.7483581086,1,1579000.0,0
NMB-AGRI-01171,Arusha,0,6.2,Cashew,5878164.899334704,0,3583000.0,1
NMB-AGRI-01172,Mwanza,0,6.9,Cashew,10165818.848552598,1,2000000.0,1
NMB-AGRI-01173,Arusha,1,6.7,Coffee,9985573.990578068,0,834000.0,1
NMB-AGRI-01174,Morogoro,0,4.7,Maize,5405837.192016756,1,1339000.0,0
NMB-AGRI-01175,Dodoma,1,3.8,Cashew,2383053.3090567845,0,3285000.0,0
NMB-AGRI-01176,Arusha,0,8.4,Cashew,8451828.7195037,1,449000.0,0
NMB-AGRI-01177,Dodoma,0,7.7,Coffee,7924555.8773586005,1,1509000.0,0
NMB-AGRI-01178,Mwanza,0,3.6,Cashew,3652007.141287115,0,1200000.0,1
NMB-AGRI-01179,Dodoma,1,1.5,Cashew,1604237.7577800145,0,1165000.0,0
NMB-AGRI-01180,Arusha,1,1.2,Maize,622469.6565532688,1,3477000.0,1
NMB-AGRI-01181,Morogoro,1,1.4,Rice,1695718.194058703,1,4164000.0,1
NMB-AGRI-01182,Mwanza,0,6.0,Cashew,7274365.811717927,0,3636000.0,1
NMB-AGRI-01183,Arusha,0,1.0,Coffee,615469.7751778879,0,3299000.0,1
NMB-AGRI-01184,Mwanza,1,3.7,Maize,3959885.9370494625,0,4599000.0,1
NMB-AGRI-01185,Mbeya,1,7.7,Coffee,8226381.104755466,0,480000.0,0
NMB-AGRI-01186,Dodoma,1,3.3,Maize,3902086.3866283195,0,1004000.0,1
NMB-AGRI-01187,Mbeya,0,7.8,Maize,4566101.998653632,0,2189000.0,1
NMB-AGRI-01188,Arusha,1,7.6,Cashew,8561425.135222333,0,1988000.0,0
NMB-AGRI-01189,Morogoro,1,2.8,Cashew,2186105.462089755,1,2207000.0,1
NMB-AGRI-01190,Mwanza,0,7.4,Cashew,7451822.129671672,1,1191000.0,0
NMB-AGRI-01191,Dodoma,1,7.6,Rice,9677259.000550983,0,918000.0,0
NMB-AGRI-01192,Mwanza,0,4.3,Rice,5184277.526360958,1,2644000.0,1
NMB-AGRI-01193,Arusha,1,2.5,Coffee,1547257.5441949836,0,4655000.0,1
NMB-AGRI-01194,Mwanza,1,5.5,Cashew,6001516.329138403,0,2081000.0,0
NMB-AGRI-01195,Dodoma,1,9.3,Rice,13662783.737748869,1,408000.0,0
NMB-AGRI-01196,Arusha,1,6.6,Cashew,4334678.286411014,0,3590000.0,1
NMB-AGRI-01197,Mwanza,0,2.1,Rice,2841104.8842233713,0,1597000.0,1
NMB-AGRI-01198,Morogoro,1,7.0,Rice,8417836.563876439,0,1376000.0,1
NMB-AGRI-01199,Arusha,0,4.6,Maize,5860415.239384893,0,1756000.0,0
NMB-AGRI-01200,Arusha,0,6.1,Cashew,4769945.795570137,1,3674000.0,1
NMB-AGRI-01201,Morogoro,1,7.5,Cashew,5909166.970348818,1,4130000.0,0
NMB-AGRI-01202,Mbeya,1,5.4,Rice,7592505.061193037,1,3023000.0,0
NMB-AGRI-01203,Dodoma,1,8.2,Cashew,7050622.66315898,1,1748000.0,0
NMB-AGRI-01204,Mbeya,0,7.4,Rice,4166313.891126798,1,1690000.0,0
NMB-AGRI-01205,Mwanza,1,6.3,Cashew,6933759.232550535,1,797000.0,1
NMB-AGRI-01206,Morogoro,1,1.9,Maize,1187153.571179501,0,4680000.0,1
NMB-AGRI-01207,Mbeya,0,8.4,Cashew,10891408.427826429,1,3263000.0,1
NMB-AGRI-01208,Arusha,0,9.4,Maize,10732416.55950994,0,329000.0,1
NMB-AGRI-01209,Mwanza,0,1.8,Coffee,2474507.7093981747,1,3379000.0,1
NMB-AGRI-01210,Mwanza,0,5.1,Cashew,6552669.97389144,0,2346000.0,0
NMB-AGRI-01211,Mbeya,1,3.0,Cashew,1836340.9450145883,1,4868000.0,1
NMB-AGRI-01212,Mbeya,1,7.7,Cashew,6784244.2085450515,1,4132000.0,0
NMB-AGRI-01213,Morogoro,1,7.4,Maize,9431745.849367946,1,1022000.0,1
NMB-AGRI-01214,Dodoma,1,1.8,Cashew,1651214.6518793865,1,3657000.0,1
NMB-AGRI-01215,Mbeya,0,8.8,Cashew,12956816.26606381,0,2531000.0,1
NMB-AGRI-01216,Mbeya,1,2.2,Rice,2718628.9897655887,0,1098000.0,0
NMB-AGRI-01217,Arusha,1,8.1,Coffee,4175549.3251916,0,3554000.0,0
NMB-AGRI-01218,Mwanza,1,4.8,Maize,6623931.319492015,0,2827000.0,1
NMB-AGRI-01219,Dodoma,0,3.6,Rice,2162897.2255268074,0,346000.0,1
NMB-AGRI-01220,Arusha,1,2.0,Maize,1281047.4483601716,0,3304000.0,0
NMB-AGRI-01221,Morogoro,0,2.1,Rice,2592434.041283207,0,3248000.0,1
NMB-AGRI-01222,Morogoro,0,6.8,Coffee,9281786.204127265,1,892000.0,1
NMB-AGRI-01223,Mbeya,1,5.7,Rice,5907192.879027469,1,1875000.0,1
NMB-AGRI-01224,Mbeya,0,1.7,Maize,1341384.5460078244,0,3012000.0,1
NMB-AGRI-01225,Morogoro,1,1.6,Cashew,1362104.872405081,0,866000.0,1
NMB-AGRI-01226,Mbeya,1,1.2,Cashew,1011467.1955152672,0,4293000.0,1
NMB-AGRI-01227,Dodoma,1,7.6,Coffee,6282753.588952293,0,332000.0,0
NMB-AGRI-01228,Mbeya,0,7.3,Maize,5423240.604298043,0,694000.0,1
NMB-AGRI-01229,Mwanza,0,1.1,Maize,1219753.8040921565,0,757000.0,0
NMB-AGRI-01230,Mbeya,0,5.8,Maize,8122350.84767739,0,2735000.0,1
NMB-AGRI-01231,Arusha,1,1.3,Coffee,1049207.1370083436,0,3177000.0,1
NMB-AGRI-01232,Dodoma,0,9.1,Cashew,6248918.106898851,0,2138000.0,1
NMB-AGRI-01233,Arusha,0,9.1,Rice,12181056.763979964,0,1586000.0,0
NMB-AGRI-01234,Arusha,0,7.1,Coffee,8816661.649316892,1,4085000.0,1
NMB-AGRI-01235,Mwanza,0,9.3,Rice,13306784.39350717,1,528000.0,1
NMB-AGRI-01236,Dodoma,1,8.2,Cashew,5457261.831960258,0,1545000.0,0
NMB-AGRI-01237,Dodoma,1,8.4,Coffee,5411711.03857937,0,388000.0,0
NMB-AGRI-01238,Dodoma,0,5.9,Cashew,6144433.426399481,0,267000.0,1
NMB-AGRI-01239,Dodoma,1,3.4,Rice,3789074.4264393235,0,1896000.0,1
NMB-AGRI-01240,Dodoma,1,2.6,Maize,2548450.948834933,0,1135000.0,1
NMB-AGRI-01241,Mwanza,1,3.6,Maize,3956279.890765952,0,1488000.0,0
NMB-AGRI-01242,Mbeya,1,6.5,Rice,4422468.497687964,0,4141000.0,0
NMB-AGRI-01243,Arusha,1,2.1,Maize,2057188.8837445753,0,982000.0,0
NMB-AGRI-01244,Dodoma,1,3.0,Rice,3474277.6828190032,1,3945000.0,0
NMB-AGRI-01245,Mbeya,0,4.9,Coffee,4570261.601318648,0,3440000.0,0
NMB-AGRI-01246,Mbeya,1,2.7,Coffee,3184507.806704815,0,1767000.0,1
NMB-AGRI-01247,Arusha,1,6.1,Coffee,5802266.811378421,0,2823000.0,1
NMB-AGRI-01248,Mwanza,0,9.3,Maize,7752476.10183318,0,2333000.0,0
NMB-AGRI-01249,Morogoro,0,7.6,Cashew,6107398.357861902,1,816000.0,1
NMB-AGRI-01250,Morogoro,1,6.8,Maize,6194134.001122397,0,4554000.0,1
NMB-AGRI-01251,Mbeya,1,6.0,Maize,3138537.736093205,0,2934000.0,1
NMB-AGRI-01252,Arusha,1,5.1,Cashew,5959478.206075178,0,4425000.0,0
NMB-AGRI-01253,Morogoro,1,2.3,Cashew,3093742.974254602,0,4154000.0,1
NMB-AGRI-01254,Mbeya,1,9.0,Cashew,7691643.849988067,0,583000.0,1
NMB-AGRI-01255,Mwanza,1,2.9,Cashew,1583496.0948109839,0,1195000.0,0
NMB-AGRI-01256,Morogoro,1,1.4,Maize,2081485.8363397806,1,897000.0,1
NMB-AGRI-01257,Mbeya,1,7.6,Rice,5804106.741428108,0,4188000.0,0
NMB-AGRI-01258,Mbeya,1,2.2,Coffee,1378566.4677197007,0,4340000.0,1
NMB-AGRI-01259,Dodoma,1,4.0,Rice,3479010.0318921115,0,2734000.0,0
NMB-AGRI-01260,Mwanza,0,0.8,Maize,990845.6325068454,1,700000.0,1
NMB-AGRI-01261,Dodoma,1,1.8,Cashew,1429049.8744030183,1,851000.0,0
NMB-AGRI-01262,Arusha,1,2.1,Coffee,2256876.7282309243,1,4105000.0,0
NMB-AGRI-01263,Dodoma,0,1.0,Coffee,915559.9944371423,1,4660000.0,0
NMB-AGRI-01264,Dodoma,1,6.7,Rice,4139018.748253344,1,1157000.0,0
NMB-AGRI-01265,Morogoro,1,8.5,Maize,7057439.6061829375,0,253000.0,1
NMB-AGRI-01266,Mbeya,0,4.0,Maize,4899482.022856267,1,1789000.0,0
NMB-AGRI-01267,Mwanza,1,8.8,Maize,9785634.296516724,1,346000.0,0
NMB-AGRI-01268,Dodoma,1,2.5,Coffee,1549445.9497089027,0,4174000.0,0
NMB-AGRI-01269,Mwanza,1,3.6,Rice,2387960.674971511,0,2559000.0,0
NMB-AGRI-01270,Dodoma,0,1.9,Coffee,2167393.3826841465,1,3281000.0,1
NMB-AGRI-01271,Arusha,1,6.4,Coffee,8405858.651653562,1,2175000.0,0
NMB-AGRI-01272,Dodoma,1,4.5,Cashew,3822635.2318117614,1,1858000.0,1
NMB-AGRI-01273,Morogoro,0,6.3,Rice,6900457.736613736,1,1267000.0,0
NMB-AGRI-01274,Mbeya,1,7.7,Cashew,5163955.633391211,1,3899000.0,1
NMB-AGRI-01275,Arusha,1,5.7,Maize,4624845.1203603465,0,3539000.0,1
NMB-AGRI-01276,Dodoma,0,6.5,Coffee,3381756.3368748417,0,1931000.0,0
NMB-AGRI-01277,Mwanza,1,9.4,Rice,11921793.909315512,0,1741000.0,0
NMB-AGRI-01278,Arusha,1,3.3,Maize,2973332.40525079,0,206000.0,0
NMB-AGRI-01279,Arusha,0,3.9,Rice,5132889.73725042,0,505000.0,0
NMB-AGRI-01280,Dodoma,0,7.3,Coffee,8821122.870965902,0,3192000.0,0
NMB-AGRI-01281,Arusha,0,6.3,Rice,8371088.874089404,0,2670000.0,0
NMB-AGRI-01282,Mwanza,0,2.2,Maize,1728449.0730823423,1,2287000.0,1
NMB-AGRI-01283,Arusha,1,4.1,Cashew,2808945.794754165,0,4172000.0,0
NMB-AGRI-01284,Mwanza,1,4.9,Coffee,7212337.844993187,1,2619000.0,0
NMB-AGRI-01285,Dodoma,0,4.5,Cashew,5477975.041683912,1,2046000.0,0
NMB-AGRI-01286,Mbeya,0,2.2,Coffee,2934892.989438675,0,974000.0,0
NMB-AGRI-01287,Arusha,0,9.3,Maize,4772140.375502384,0,4139000.0,1
NMB-AGRI-01288,Mbeya,1,7.7,Coffee,6579354.476278327,1,2966000.0,1
NMB-AGRI-01289,Mwanza,0,5.1,Cashew,6338365.121944391,1,644000.0,0
NMB-AGRI-01290,Arusha,1,7.0,Coffee,4045879.830929883,0,3315000.0,1
NMB-AGRI-01291,Morogoro,1,9.0,Maize,9606059.36612042,0,2240000.0,0
NMB-AGRI-01292,Mbeya,0,1.8,Coffee,1672330.981419006,0,4095000.0,1
NMB-AGRI-01293,Arusha,1,2.9,Cashew,1501087.870709211,0,4611000.0,0
NMB-AGRI-01294,Mbeya,1,5.7,Maize,4195060.789580873,0,3082000.0,0
NMB-AGRI-01295,Arusha,1,8.1,Cashew,6356815.111440385,0,3712000.0,0
NMB-AGRI-01296,Dodoma,1,0.8,Coffee,489487.957077058,0,472000.0,1
NMB-AGRI-01297,Mbeya,0,9.8,Rice,11089061.715478072,1,2889000.0,1
NMB-AGRI-01298,Morogoro,0,4.8,Cashew,3563509.806009067,0,3826000.0,0
NMB-AGRI-01299,Morogoro,1,3.9,Coffee,3032716.0485156146,1,2584000.0,0
NMB-AGRI-01300,Mwanza,0,3.3,Rice,4614187.374060486,1,3049000.0,1
NMB-AGRI-01301,Arusha,0,2.2,Rice,2127670.803924907,1,4515000.0,1
NMB-AGRI-01302,Mbeya,0,8.0,Maize,7137025.175754178,0,1151000.0,1
NMB-AGRI-01303,Mwanza,0,9.6,Rice,11749161.967821287,0,672000.0,0
NMB-AGRI-01304,Mbeya,1,4.4,Cashew,6202300.706284814,1,3515000.0,0
NMB-AGRI-01305,Arusha,0,9.5,Cashew,4987845.194255716,1,4150000.0,0
NMB-AGRI-01306,Morogoro,1,8.3,Rice,7870382.426409791,0,4282000.0,0
NMB-AGRI-01307,Dodoma,1,5.1,Coffee,5664984.91599753,0,3280000.0,1
NMB-AGRI-01308,Morogoro,1,6.9,Cashew,5648085.377069328,1,4199000.0,0
NMB-AGRI-01309,Mwanza,0,4.6,Cashew,5853075.521766911,0,3563000.0,1
NMB-AGRI-01310,Dodoma,1,5.8,Maize,8534567.007567588,0,619000.0,1
NMB-AGRI-01311,Mwanza,0,1.1,Coffee,1587770.1028753116,1,3858000.0,1
NMB-AGRI-01312,Arusha,1,7.1,Rice,5438476.029597587,0,1061000.0,1
NMB-AGRI-01313,Dodoma,1,1.0,Coffee,726338.278437486,0,1336000.0,1
NMB-AGRI-01314,Mwanza,1,8.3,Maize,12097171.407476136,1,2094000.0,1
NMB-AGRI-01315,Arusha,1,8.3,Maize,7956616.445681168,0,1710000.0,1
NMB-AGRI-01316,Morogoro,1,2.8,Coffee,1983233.6246371365,0,1744000.0,1
NMB-AGRI-01317,Arusha,0,3.6,Maize,4345189.069069506,0,1012000.0,0
NMB-AGRI-01318,Mbeya,1,5.1,Maize,4000543.651909337,0,1611000.0,1
NMB-AGRI-01319,Arusha,1,6.2,Maize,4756931.245440524,1,294000.0,1
NMB-AGRI-01320,Arusha,0,3.2,Coffee,4413596.937848911,0,2470000.0,1
NMB-AGRI-01321,Mbeya,1,6.1,Maize,4041122.8355991105,0,3889000.0,1
NMB-AGRI-01322,Mwanza,1,3.3,Rice,1862496.72333858,0,4339000.0,0
NMB-AGRI-01323,Mwanza,1,1.0,Rice,769186.4401716872,0,4138000.0,0
NMB-AGRI-01324,Arusha,1,0.5,Cashew,553472.7064191019,0,2199000.0,0
NMB-AGRI-01325,Mbeya,1,1.5,Rice,934631.7801049058,0,3706000.0,1
NMB-AGRI-01326,Mbeya,0,8.0,Cashew,7772757.37821435,0,1582000.0,1
NMB-AGRI-01327,Morogoro,1,9.6,Coffee,10822436.26008307,0,467000.0,1
NMB-AGRI-01328,Mwanza,0,4.6,Maize,6204190.165928599,0,3445000.0,0
NMB-AGRI-01329,Dodoma,1,5.4,Rice,3941295.792492174,1,3314000.0,0
NMB-AGRI-01330,Mwanza,0,1.9,Cashew,2502958.0144273,0,4048000.0,1
NMB-AGRI-01331,Mwanza,0,5.7,Coffee,4188965.68844806,0,3157000.0,1
NMB-AGRI-01332,Morogoro,1,1.9,Cashew,2235856.428355317,0,953000.0,1
NMB-AGRI-01333,Dodoma,1,6.3,Maize,5863243.500339467,1,4295000.0,1
NMB-AGRI-01334,Morogoro,0,9.4,Rice,5778003.678359499,0,3211000.0,0
NMB-AGRI-01335,Dodoma,1,2.4,Coffee,2914232.3107724367,1,4077000.0,0
NMB-AGRI-01336,Arusha,0,7.8,Cashew,5598548.424682339,0,3916000.0,0
NMB-AGRI-01337,Dodoma,0,0.7,Coffee,473636.398217214,1,1630000.0,1
NMB-AGRI-01338,Morogoro,1,4.1,Cashew,3519124.007216471,0,558000.0,1
NMB-AGRI-01339,Mwanza,1,1.6,Cashew,1845264.3916151738,1,1047000.0,0
NMB-AGRI-01340,Dodoma,0,3.8,Maize,2789186.6194043853,1,646000.0,0
NMB-AGRI-01341,Dodoma,0,2.1,Maize,1435689.2314419602,0,1368000.0,1
NMB-AGRI-01342,Mbeya,0,4.0,Cashew,2039814.5028534574,0,2406000.0,1
NMB-AGRI-01343,Mwanza,0,4.5,Rice,4372393.936957756,0,4553000.0,0
NMB-AGRI-01344,Arusha,1,3.4,Coffee,3157394.9356716215,0,4386000.0,1
NMB-AGRI-01345,Morogoro,1,6.7,Coffee,4916913.882370421,1,3649000.0,0
NMB-AGRI-01346,Arusha,0,9.2,Maize,5093599.908889155,0,316000.0,1
NMB-AGRI-01347,Mwanza,1,4.3,Rice,3995800.2607620987,0,1839000.0,0
NMB-AGRI-01348,Dodoma,1,2.3,Cashew,2962871.7554647517,0,3475000.0,1
NMB-AGRI-01349,Dodoma,0,3.1,Maize,3767374.6071142484,0,819000.0,0
NMB-AGRI-01350,Mwanza,1,8.6,Cashew,11702836.052797465,1,4045000.0,1
NMB-AGRI-01351,Dodoma,1,5.9,Cashew,3006537.8575076186,1,4590000.0,1
NMB-AGRI-01352,Dodoma,0,4.8,Maize,7038812.720662073,0,1900000.0,0
NMB-AGRI-01353,Dodoma,0,1.9,Rice,1598683.279992152,1,3588000.0,0
NMB-AGRI-01354,Morogoro,1,4.8,Coffee,7153909.4212414315,1,911000.0,0
NMB-AGRI-01355,Morogoro,1,3.1,Maize,2333120.3278655014,0,3516000.0,1
NMB-AGRI-01356,Mbeya,0,9.5,Rice,9229595.681993326,1,303000.0,1
NMB-AGRI-01357,Arusha,0,8.9,Cashew,7599956.321520203,0,924000.0,0
NMB-AGRI-01358,Mwanza,1,1.3,Maize,1112488.9294925935,0,3607000.0,1
NMB-AGRI-01359,Mwanza,1,5.4,Coffee,7248323.333240367,0,3617000.0,1
NMB-AGRI-01360,Mwanza,1,2.6,Coffee,3240689.243317081,1,3278000.0,1
NMB-AGRI-01361,Mbeya,1,4.4,Cashew,6565466.315012212,0,2491000.0,1
NMB-AGRI-01362,Morogoro,0,8.8,Maize,9798929.20791411,0,3440000.0,1
NMB-AGRI-01363,Mbeya,1,5.5,Coffee,5297911.324169765,0,3914000.0,0
NMB-AGRI-01364,Mwanza,1,3.7,Maize,2183273.2929034973,0,4839000.0,0
NMB-AGRI-01365,Arusha,1,2.5,Coffee,3741403.548784642,1,4465000.0,0
NMB-AGRI-01366,Dodoma,0,8.1,Cashew,8517398.288751492,0,4014000.0,0
NMB-AGRI-01367,Morogoro,1,6.4,Cashew,7683055.806016907,0,3535000.0,1
NMB-AGRI-01368,Morogoro,1,4.9,Maize,4443037.697237426,0,2956000.0,1
NMB-AGRI-01369,Mbeya,1,2.6,Rice,2724060.8412660137,0,779000.0,0
NMB-AGRI-01370,Morogoro,1,3.7,Rice,5337537.608003682,0,995000.0,0
NMB-AGRI-01371,Mwanza,0,9.6,Cashew,6397626.604143386,0,4137000.0,1
NMB-AGRI-01372,Mwanza,1,5.4,Coffee,4278811.955383375,0,4056000.0,1
NMB-AGRI-01373,Mbeya,1,4.3,Rice,2803856.8294455386,0,3149000.0,1
NMB-AGRI-01374,Mwanza,1,5.5,Cashew,7107187.4709262615,0,2306000.0,1
NMB-AGRI-01375,Arusha,1,7.9,Coffee,4440157.557332453,0,325000.0,1
NMB-AGRI-01376,Mbeya,1,3.7,Coffee,2152037.104449952,1,1770000.0,1
NMB-AGRI-01377,Arusha,0,2.2,Rice,1756687.0481322112,0,2219000.0,0
NMB-AGRI-01378,Dodoma,1,6.1,Cashew,6186547.903618168,1,2532000.0,1
NMB-AGRI-01379,Arusha,0,6.8,Coffee,6162668.643805189,0,4661000.0,0
NMB-AGRI-01380,Dodoma,0,7.3,Coffee,3977159.067896893,0,722000.0,1
NMB-AGRI-01381,Dodoma,0,8.9,Maize,12971674.865051469,0,2691000.0,0
NMB-AGRI-01382,Arusha,1,4.0,Maize,5811478.081432335,0,1966000.0,0
NMB-AGRI-01383,Mbeya,1,1.2,Rice,935227.5878889118,0,4952000.0,0
NMB-AGRI-01384,Mwanza,1,9.6,Maize,11822645.906578382,1,4337000.0,1
NMB-AGRI-01385,Mwanza,1,4.6,Cashew,4961446.892362828,0,2306000.0,0
NMB-AGRI-01386,Dodoma,1,6.4,Rice,4719850.848035994,0,4999000.0,0
NMB-AGRI-01387,Dodoma,0,6.8,Rice,5182766.551842985,0,2668000.0,1
NMB-AGRI-01388,Mbeya,1,5.7,Maize,5649573.093569567,1,1002000.0,1
NMB-AGRI-01389,Morogoro,0,2.4,Coffee,2206168.659593664,1,2868000.0,1
NMB-AGRI-01390,Arusha,0,7.7,Cashew,6092465.8273807345,0,1286000.0,1
NMB-AGRI-01391,Dodoma,1,8.1,Cashew,10590843.930071706,0,3254000.0,1
NMB-AGRI-01392,Mwanza,0,5.8,Cashew,5692484.922296832,0,4700000.0,0
NMB-AGRI-01393,Mbeya,0,5.1,Rice,5889725.118184552,1,3974000.0,1
NMB-AGRI-01394,Arusha,1,1.6,Cashew,1102837.6002686007,1,1511000.0,0
NMB-AGRI-01395,Mbeya,1,1.3,Coffee,1343559.9612714327,1,1625000.0,0
NMB-AGRI-01396,Arusha,1,3.7,Coffee,3026511.3829524997,0,533000.0,0
NMB-AGRI-01397,Arusha,1,3.5,Maize,3592447.6363820736,0,1572000.0,1
NMB-AGRI-01398,Dodoma,1,9.6,Cashew,12295928.000744909,1,645000.0,0
NMB-AGRI-01399,Mbeya,1,7.9,Rice,10024414.359720968,1,2597000.0,1
NMB-AGRI-01400,Mbeya,0,6.8,Maize,5808700.610633077,1,3600000.0,1
NMB-AGRI-01401,Mwanza,1,5.4,Coffee,6449096.432230052,0,3806000.0,1
NMB-AGRI-01402,Mwanza,1,2.1,Cashew,3026708.8958279816,0,486000.0,0
NMB-AGRI-01403,Dodoma,1,9.8,Coffee,11031559.433264084,0,1832000.0,0
NMB-AGRI-01404,Dodoma,1,4.1,Maize,2658481.505868812,1,1583000.0,1
NMB-AGRI-01405,Morogoro,0,1.5,Coffee,1769562.9439186428,0,701000.0,1
NMB-AGRI-01406,Mwanza,0,5.2,Cashew,3145502.809016419,0,1940000.0,1
NMB-AGRI-01407,Arusha,1,8.8,Cashew,12074571.59737864,0,1637000.0,0
NMB-AGRI-01408,Mbeya,0,8.9,Maize,9048278.41263727,0,3246000.0,0
NMB-AGRI-01409,Dodoma,1,0.6,Cashew,531084.4417869478,0,4440000.0,1
NMB-AGRI-01410,Mbeya,0,8.9,Coffee,4957358.692382263,0,2383000.0,1
NMB-AGRI-01411,Mbeya,1,3.1,Coffee,2730429.57723554,0,3784000.0,0
NMB-AGRI-01412,Morogoro,1,0.9,Rice,1262886.0011242104,1,901000.0,1
NMB-AGRI-01413,Mwanza,0,8.6,Rice,4480453.768062207,1,4496000.0,1
NMB-AGRI-01414,Dodoma,0,8.7,Rice,8479438.972701702,0,932000.0,0
NMB-AGRI-01415,Mbeya,1,6.2,Coffee,8873180.164885858,1,1122000.0,1
NMB-AGRI-01416,Dodoma,1,6.0,Coffee,5369045.998590127,0,711000.0,0
NMB-AGRI-01417,Arusha,1,8.2,Maize,7611040.637189632,1,1686000.0,1
NMB-AGRI-01418,Morogoro,0,8.0,Rice,8628480.44159296,1,2852000.0,0
NMB-AGRI-01419,Arusha,1,9.0,Coffee,8666436.002194652,0,4942000.0,0
NMB-AGRI-01420,Dodoma,1,5.8,Maize,3877889.809177804,0,4008000.0,1
NMB-AGRI-01421,Dodoma,0,9.7,Coffee,5029988.728977646,0,2026000.0,0
NMB-AGRI-01422,Mwanza,1,10.0,Maize,11098116.579787016,1,2964000.0,1
NMB-AGRI-01423,Mbeya,0,1.6,Rice,2273290.5392124997,0,3192000.0,1
NMB-AGRI-01424,Mbeya,0,8.6,Rice,5214731.544033624,0,4149000.0,1
NMB-AGRI-01425,Arusha,0,5.2,Rice,3696954.140114318,0,3735000.0,1
NMB-AGRI-01426,Morogoro,0,4.2,Coffee,3654963.840464889,1,2933000.0,1
NMB-AGRI-01427,Mbeya,0,6.3,Coffee,8245076.0428330535,1,3412000.0,0
NMB-AGRI-01428,Mwanza,1,1.0,Maize,769260.3164709776,0,3780000.0,1
NMB-AGRI-01429,Arusha,0,5.3,Cashew,7324888.342677472,1,839000.0,1
NMB-AGRI-01430,Arusha,0,8.8,Cashew,4883629.2969205845,1,1162000.0,0
NMB-AGRI-01431,Mwanza,0,2.5,Rice,3602391.5531473374,1,3505000.0,0
NMB-AGRI-01432,Morogoro,1,4.6,Cashew,4879436.558219318,0,4282000.0,1
NMB-AGRI-01433,Mwanza,1,9.4,Rice,10892510.177784424,0,2164000.0,1
NMB-AGRI-01434,Morogoro,1,4.6,Maize,3991371.803667224,0,4903000.0,1
NMB-AGRI-01435,Mwanza,1,3.9,Cashew,4999777.713493135,0,1237000.0,1
NMB-AGRI-01436,Mwanza,1,4.7,Cashew,3132861.3753967085,0,2200000.0,0
NMB-AGRI-01437,Dodoma,0,5.4,Rice,2964123.8565038303,0,2017000.0,1
NMB-AGRI-01438,Arusha,1,6.5,Maize,5820860.130199121,0,4665000.0,1
NMB-AGRI-01439,Mwanza,1,8.1,Cashew,10964935.283246418,0,1570000.0,0
NMB-AGRI-01440,Mwanza,1,4.8,Cashew,6023648.815860934,0,2460000.0,0
NMB-AGRI-01441,Mbeya,0,8.3,Cashew,8442394.555058353,0,1099000.0,1
NMB-AGRI-01442,Arusha,1,5.6,Maize,6003971.38412598,1,2702000.0,0
NMB-AGRI-01443,Mbeya,0,3.7,Maize,2330603.457305395,1,4316000.0,0
NMB-AGRI-01444,Arusha,1,6.8,Cashew,9116634.258599559,0,1659000.0,0
NMB-AGRI-01445,Mbeya,1,7.3,Rice,9394805.685638636,1,4092000.0,0
NMB-AGRI-01446,Mwanza,0,5.8,Rice,6707528.284544269,0,4574000.0,1
NMB-AGRI-01447,Mwanza,1,1.0,Cashew,966191.0363289384,1,550000.0,0
NMB-AGRI-01448,Dodoma,0,2.1,Maize,3075364.463386976,0,3831000.0,0
NMB-AGRI-01449,Mbeya,1,3.2,Cashew,4412902.310004707,0,1426000.0,1
NMB-AGRI-01450,Morogoro,1,3.2,Maize,3662177.57924678,0,1042000.0,0
NMB-AGRI-01451,Dodoma,0,6.9,Cashew,6015426.884249287,0,3085000.0,0
NMB-AGRI-01452,Mbeya,0,0.7,Maize,782615.5950770586,0,3587000.0,0
NMB-AGRI-01453,Mbeya,1,7.7,Coffee,8280895.134286122,0,2095000.0,0
NMB-AGRI-01454,Dodoma,0,3.0,Rice,2682725.9635047494,0,388000.0,1
NMB-AGRI-01455,Mwanza,0,3.4,Coffee,2742691.503739459,1,4562000.0,0
NMB-AGRI-01456,Mbeya,0,5.5,Rice,4988559.3573052725,0,3708000.0,0
NMB-AGRI-01457,Mwanza,1,2.6,Maize,2792169.655686835,0,1504000.0,0
NMB-AGRI-01458,Dodoma,1,8.9,Coffee,8260400.117928741,0,2585000.0,0
NMB-AGRI-01459,Mwanza,0,1.3,Rice,992646.834661799,1,333000.0,1
NMB-AGRI-01460,Arusha,0,4.7,Cashew,5926527.593475802,0,1829000.0,1
NMB-AGRI-01461,Morogoro,0,8.6,Maize,8870620.46523375,0,2708000.0,0
NMB-AGRI-01462,Mbeya,0,6.4,Maize,3633121.0446438403,0,2683000.0,0
NMB-AGRI-01463,Morogoro,1,3.3,Cashew,2865444.468566214,0,1199000.0,1
NMB-AGRI-01464,Mwanza,1,4.5,Cashew,6232110.557453971,0,3928000.0,0
NMB-AGRI-01465,Mbeya,0,7.2,Rice,9037703.024639653,0,1635000.0,0
NMB-AGRI-01466,Mwanza,0,9.7,Maize,7985493.804256868,0,2986000.0,0
NMB-AGRI-01467,Arusha,0,9.0,Rice,12943648.368400581,0,1503000.0,0
NMB-AGRI-01468,Dodoma,1,3.8,Cashew,2191091.0517611983,0,2241000.0,1
NMB-AGRI-01469,Mbeya,1,10.0,Maize,14612347.038921889,0,1196000.0,0
NMB-AGRI-01470,Arusha,1,0.5,Cashew,372852.5462423378,0,3238000.0,0
NMB-AGRI-01471,Arusha,0,0.8,Rice,407275.3442419354,1,2243000.0,0
NMB-AGRI-01472,Mbeya,0,8.3,Rice,7750606.703102113,0,277000.0,0
NMB-AGRI-01473,Mwanza,0,2.4,Rice,2061529.031248821,1,335000.0,1
NMB-AGRI-01474,Arusha,0,1.1,Maize,1142997.9057274733,0,2461000.0,0
NMB-AGRI-01475,Morogoro,1,2.8,Cashew,3630964.009595567,0,1079000.0,0
NMB-AGRI-01476,Arusha,1,4.5,Cashew,6040938.609677011,1,3008000.0,0
NMB-AGRI-01477,Mwanza,1,7.4,Rice,6669101.99712652,0,2159000.0,0
NMB-AGRI-01478,Mwanza,1,6.4,Rice,5951012.759720642,0,3341000.0,0
NMB-AGRI-01479,Morogoro,0,2.8,Rice,1814897.6449225263,0,4771000.0,0
NMB-AGRI-01480,Arusha,1,5.3,Rice,2902002.327070167,0,2738000.0,0
NMB-AGRI-01481,Mwanza,0,9.3,Coffee,10613299.40918573,1,3979000.0,1
NMB-AGRI-01482,Mbeya,0,8.2,Coffee,4628388.529532076,0,3815000.0,1
NMB-AGRI-01483,Dodoma,1,3.6,Coffee,4441788.429917241,0,4625000.0,1
NMB-AGRI-01484,Dodoma,0,9.8,Rice,10183083.421218026,1,1227000.0,1
NMB-AGRI-01485,Dodoma,1,7.2,Rice,5029797.443227801,1,4171000.0,0
NMB-AGRI-01486,Arusha,0,1.1,Cashew,1143475.2378639146,1,4546000.0,1
NMB-AGRI-01487,Morogoro,1,0.8,Maize,546398.1732816792,0,2085000.0,0
NMB-AGRI-01488,Mwanza,1,2.1,Cashew,1971348.1357718653,1,1706000.0,0
NMB-AGRI-01489,Mbeya,0,7.4,Coffee,9616746.340192493,1,4770000.0,1
NMB-AGRI-01490,Mbeya,1,2.2,Cashew,2116222.4455034025,1,3213000.0,1
NMB-AGRI-01491,Arusha,0,5.4,Rice,3502976.3188067605,1,2027000.0,1
NMB-AGRI-01492,Dodoma,1,1.4,Coffee,1713360.154552123,1,4001000.0,0
NMB-AGRI-01493,Arusha,1,9.2,Coffee,6318269.42968408,0,1661000.0,1
NMB-AGRI-01494,Morogoro,1,3.8,Maize,4706489.522606415,0,1047000.0,0
NMB-AGRI-01495,Morogoro,1,9.1,Maize,8912105.831864083,1,2811000.0,0
NMB-AGRI-01496,Mwanza,0,9.5,Coffee,9060546.711395865,0,2918000.0,1
NMB-AGRI-01497,Mwanza,1,0.6,Coffee,810861.0227144848,0,4164000.0,1
NMB-AGRI-01498,Morogoro,1,4.9,Cashew,5922157.269269277,0,2394000.0,1
NMB-AGRI-01499,Morogoro,1,0.7,Coffee,373037.55786845746,1,4110000.0,1
NMB-AGRI-01500,Morogoro,0,9.1,Rice,7245186.262874582,0,1694000.0,1
NMB-AGRI-01501,Arusha,1,5.4,Cashew,7402971.568589453,0,2962000.0,0
NMB-AGRI-01502,Morogoro,1,1.2,Rice,621991.4022542384,0,1201000.0,1
NMB-AGRI-01503,Mbeya,0,1.5,Rice,1567880.1693929555,0,2050000.0,1
NMB-AGRI-01504,Dodoma,1,4.1,Rice,5034085.2436131695,0,4316000.0,1
NMB-AGRI-01505,Morogoro,0,9.4,Coffee,10545447.203555014,0,1237000.0,0
NMB-AGRI-01506,Dodoma,1,7.1,Maize,8949778.634941496,1,4089000.0,1
NMB-AGRI-01507,Arusha,1,8.7,Maize,10663519.085558288,1,1558000.0,1
NMB-AGRI-01508,Dodoma,1,4.0,Rice,4768122.780612454,1,366000.0,0
NMB-AGRI-01509,Arusha,1,0.9,Coffee,1189385.874833087,0,728000.0,1
NMB-AGRI-01510,Mbeya,1,9.8,Cashew,11227768.550805476,0,3780000.0,1
NMB-AGRI-01511,Arusha,0,0.7,Rice,631692.9459798874,0,1458000.0,1
NMB-AGRI-01512,Arusha,0,9.5,Cashew,9233136.544188581,0,3340000.0,0
NMB-AGRI-01513,Mwanza,1,4.0,Cashew,4866899.130725803,0,3556000.0,1
NMB-AGRI-01514,Morogoro,0,0.6,Coffee,825783.6178000764,1,1857000.0,1
NMB-AGRI-01515,Morogoro,0,7.0,Coffee,5405531.6058784295,0,2480000.0,0
NMB-AGRI-01516,Mbeya,1,9.8,Maize,8252352.600516494,0,2138000.0,1
NMB-AGRI-01517,Mbeya,0,9.7,Maize,13878172.144715402,1,4747000.0,0
NMB-AGRI-01518,Morogoro,0,2.0,Coffee,2157023.584818891,0,1736000.0,1
NMB-AGRI-01519,Mwanza,1,2.2,Rice,1493715.9976970025,1,1080000.0,1
NMB-AGRI-01520,Morogoro,0,5.9,Maize,6865801.319583058,1,1955000.0,0
NMB-AGRI-01521,Mwanza,1,6.6,Cashew,9839030.226559903,0,3414000.0,0
NMB-AGRI-01522,Mbeya,1,7.5,Rice,9925901.733528001,0,3547000.0,1
NMB-AGRI-01523,Dodoma,1,2.2,Cashew,2740630.5004130863,1,4635000.0,0
NMB-AGRI-01524,Mbeya,0,9.6,Coffee,6797247.880956184,0,4432000.0,1
NMB-AGRI-01525,Mbeya,1,6.6,Cashew,9082522.578914447,0,1584000.0,1
NMB-AGRI-01526,Arusha,1,8.5,Rice,8719205.170052145,1,2385000.0,0
NMB-AGRI-01527,Arusha,1,5.6,Coffee,7780024.123602952,0,3787000.0,1
NMB-AGRI-01528,Arusha,0,4.4,Rice,3651242.449469469,0,4599000.0,1
NMB-AGRI-01529,Arusha,1,9.8,Cashew,5508100.315827242,0,1818000.0,1
NMB-AGRI-01530,Mwanza,1,6.0,Rice,5855855.811958477,1,2333000.0,0
NMB-AGRI-01531,Morogoro,1,8.7,Coffee,6697587.161915535,0,4517000.0,1
NMB-AGRI-01532,Dodoma,1,9.6,Cashew,11666201.181852462,0,1921000.0,0
NMB-AGRI-01533,Mbeya,1,6.9,Cashew,10054035.214706624,0,2506000.0,1
NMB-AGRI-01534,Mwanza,1,5.7,Maize,6788552.661563915,0,4542000.0,1
NMB-AGRI-01535,Dodoma,0,0.5,Maize,693466.9648546018,1,4051000.0,0
NMB-AGRI-01536,Mwanza,1,0.9,Rice,857721.6122410857,1,1368000.0,0
NMB-AGRI-01537,Mwanza,0,2.4,Maize,3051937.769268724,0,1759000.0,1
NMB-AGRI-01538,Mbeya,1,2.3,Maize,3088999.904344918,0,1894000.0,1
NMB-AGRI-01539,Morogoro,0,2.9,Maize,3511539.3199922726,0,4581000.0,0
NMB-AGRI-01540,Arusha,1,3.4,Maize,3426442.7726365197,0,4995000.0,1
NMB-AGRI-01541,Morogoro,0,3.9,Coffee,4390877.827499935,0,3915000.0,0
NMB-AGRI-01542,Mbeya,1,4.5,Coffee,5402281.480554961,0,2525000.0,0
NMB-AGRI-01543,Mbeya,1,1.4,Maize,1054318.1645099975,0,249000.0,0
NMB-AGRI-01544,Mbeya,0,0.9,Rice,1178621.3348234862,0,3548000.0,0
NMB-AGRI-01545,Dodoma,0,6.9,Coffee,10007239.318874186,1,2069000.0,0
NMB-AGRI-01546,Morogoro,0,5.6,Maize,5405340.165007642,1,3238000.0,1
NMB-AGRI-01547,Morogoro,1,4.7,Coffee,5645015.760616424,0,3112000.0,1
NMB-AGRI-01548,Mwanza,1,6.5,Cashew,8040668.387637302,0,2508000.0,1
NMB-AGRI-01549,Mwanza,1,8.4,Coffee,9762879.399180435,1,4733000.0,1
NMB-AGRI-01550,Mwanza,0,4.6,Coffee,4816729.498311724,1,311000.0,0
NMB-AGRI-01551,Mbeya,1,6.6,Rice,9118876.500193749,0,3618000.0,1
NMB-AGRI-01552,Morogoro,1,9.6,Coffee,9109696.408981387,1,2167000.0,0
NMB-AGRI-01553,Mbeya,1,8.5,Rice,4769375.13013613,1,3626000.0,0
NMB-AGRI-01554,Dodoma,1,4.5,Cashew,6050503.690704721,0,3441000.0,0
NMB-AGRI-01555,Mwanza,0,6.6,Maize,7748276.397289235,0,249000.0,1
NMB-AGRI-01556,Mbeya,0,2.2,Rice,2968368.978299223,0,1570000.0,0
NMB-AGRI-01557,Mbeya,0,5.8,Coffee,3703575.166179227,0,1108000.0,1
NMB-AGRI-01558,Dodoma,0,9.8,Coffee,5201378.81699522,0,1002000.0,0
NMB-AGRI-01559,Arusha,0,5.4,Rice,7745622.518065507,1,3697000.0,1
NMB-AGRI-01560,Morogoro,0,9.3,Cashew,6023873.244410342,1,1350000.0,0
NMB-AGRI-01561,Arusha,0,4.4,Maize,5762470.261109988,0,2479000.0,1
NMB-AGRI-01562,Mwanza,1,10.0,Coffee,13232099.421806358,0,1386000.0,1
NMB-AGRI-01563,Mbeya,1,6.0,Cashew,7252231.203294018,0,2985000.0,1
NMB-AGRI-01564,Dodoma,1,0.9,Maize,568135.9899835838,0,3659000.0,0
NMB-AGRI-01565,Dodoma,1,6.1,Maize,7121131.609820926,0,1789000.0,0
NMB-AGRI-01566,Morogoro,0,3.1,Coffee,4306168.408313284,1,3095000.0,1
NMB-AGRI-01567,Arusha,1,0.8,Rice,740425.3158407067,0,4159000.0,1
NMB-AGRI-01568,Morogoro,0,8.3,Coffee,7582189.891342371,0,652000.0,1
NMB-AGRI-01569,Mbeya,1,3.1,Coffee,2922860.759696199,0,3611000.0,1
NMB-AGRI-01570,Morogoro,0,8.1,Coffee,4716402.314477272,0,1751000.0,1
NMB-AGRI-01571,Dodoma,1,3.2,Cashew,4454481.820895915,0,789000.0,1
NMB-AGRI-01572,Dodoma,0,2.3,Rice,3149120.5871551735,0,2819000.0,0
NMB-AGRI-01573,Mwanza,0,9.8,Cashew,14679511.353544807,0,1286000.0,1
NMB-AGRI-01574,Mwanza,1,3.9,Coffee,4232214.251843812,0,4143000.0,0
NMB-AGRI-01575,Mbeya,0,6.2,Rice,7757388.1459985925,0,406000.0,1
NMB-AGRI-01576,Arusha,1,6.3,Maize,4426833.00973602,0,674000.0,0
NMB-AGRI-01577,Morogoro,1,5.8,Rice,6771667.145700183,0,2701000.0,0
NMB-AGRI-01578,Mbeya,1,9.2,Coffee,10577542.208567994,1,3027000.0,1
NMB-AGRI-01579,Mwanza,1,6.9,Rice,9668340.277307125,0,3703000.0,1
NMB-AGRI-01580,Morogoro,1,4.3,Maize,5722408.708208019,0,1444000.0,1
NMB-AGRI-01581,Mwanza,0,8.7,Maize,12514658.224774538,0,4240000.0,1
NMB-AGRI-01582,Morogoro,1,2.2,Rice,3011433.639943537,0,4775000.0,1
NMB-AGRI-01583,Arusha,1,5.7,Maize,7801555.200923456,1,2595000.0,1
NMB-AGRI-01584,Mbeya,1,9.5,Cashew,5355371.603542823,0,3851000.0,1
NMB-AGRI-01585,Morogoro,0,6.4,Rice,8614156.497254118,1,2719000.0,1
NMB-AGRI-01586,Dodoma,1,8.3,Maize,9192070.67437588,0,533000.0,1
NMB-AGRI-01587,Dodoma,1,6.7,Maize,5898977.826831941,0,1765000.0,1
NMB-AGRI-01588,Morogoro,1,8.5,Rice,4730374.307298529,1,620000.0,1
NMB-AGRI-01589,Morogoro,1,9.5,Cashew,11187900.860296443,0,4947000.0,0
NMB-AGRI-01590,Morogoro,0,3.1,Rice,2567425.426666614,0,1299000.0,0
NMB-AGRI-01591,Dodoma,0,2.1,Maize,2032330.156470673,1,3252000.0,0
NMB-AGRI-01592,Dodoma,1,5.1,Rice,6026815.028981184,1,1565000.0,1
NMB-AGRI-01593,Morogoro,1,7.2,Maize,10164776.738573829,0,3336000.0,1
NMB-AGRI-01594,Mwanza,1,2.7,Coffee,3578679.672133496,0,1210000.0,1
NMB-AGRI-01595,Mwanza,0,0.5,Rice,475298.5645517999,0,3969000.0,1
NMB-AGRI-01596,Arusha,1,3.8,Rice,3373575.9982962394,0,732000.0,0
NMB-AGRI-01597,Mbeya,1,9.7,Maize,7175863.466787261,0,4497000.0,1
NMB-AGRI-01598,Mwanza,1,7.1,Maize,6194229.933349374,1,4234000.0,0
NMB-AGRI-01599,Dodoma,1,4.3,Maize,2627499.4653551625,0,3458000.0,0
NMB-AGRI-01600,Mwanza,0,2.3,Maize,3383542.669238935,1,524000.0,0
NMB-AGRI-01601,Arusha,1,3.9,Rice,4188278.0314423577,0,1201000.0,1
NMB-AGRI-01602,Arusha,0,2.1,Maize,1318392.269869947,0,4325000.0,1
NMB-AGRI-01603,Mbeya,1,1.5,Rice,1279209.0138988586,1,785000.0,1
NMB-AGRI-01604,Mwanza,0,9.1,Cashew,9528056.20694797,0,948000.0,1
NMB-AGRI-01605,Dodoma,1,10.0,Rice,10328856.366408696,0,2811000.0,0
NMB-AGRI-01606,Dodoma,0,2.1,Maize,1124557.074309128,0,1516000.0,1
NMB-AGRI-01607,Morogoro,1,1.0,Maize,1450841.0342291114,1,1266000.0,0
NMB-AGRI-01608,Dodoma,1,3.6,Cashew,2791352.4533098005,0,2964000.0,1
NMB-AGRI-01609,Mbeya,1,4.9,Rice,2529304.877766267,0,1988000.0,1
NMB-AGRI-01610,Mbeya,0,2.4,Cashew,1383465.621480678,0,875000.0,1
NMB-AGRI-01611,Dodoma,0,3.4,Rice,3672662.6710431213,0,2767000.0,1
NMB-AGRI-01612,Dodoma,0,2.4,Maize,1530685.2496202325,1,2058000.0,0
NMB-AGRI-01613,Morogoro,1,7.9,Rice,4279625.863542676,0,3726000.0,0
NMB-AGRI-01614,Dodoma,0,7.3,Maize,6421273.204812793,0,693000.0,1
NMB-AGRI-01615,Morogoro,1,6.5,Maize,7297947.750211226,0,3179000.0,1
NMB-AGRI-01616,Morogoro,1,4.2,Coffee,2569727.180334772,1,2295000.0,1
NMB-AGRI-01617,Dodoma,1,9.1,Coffee,7401283.272576971,1,2149000.0,0
NMB-AGRI-01618,Arusha,1,9.7,Rice,8902278.514758058,1,1315000.0,1
NMB-AGRI-01619,Arusha,1,2.1,Maize,1384866.2053522111,0,346000.0,0
NMB-AGRI-01620,Morogoro,0,2.6,Cashew,2615792.1360134464,0,4269000.0,1
NMB-AGRI-01621,Dodoma,1,5.5,Maize,3218677.47795974,0,1767000.0,1
NMB-AGRI-01622,Arusha,1,1.4,Cashew,765125.8948830961,1,3469000.0,1
NMB-AGRI-01623,Dodoma,0,4.6,Rice,4691242.68891362,1,4748000.0,0
NMB-AGRI-01624,Dodoma,1,6.0,Rice,4487381.836505254,1,2912000.0,1
NMB-AGRI-01625,Dodoma,1,5.5,Cashew,3274555.943439151,0,2106000.0,1
NMB-AGRI-01626,Mwanza,1,3.6,Cashew,3326085.314955476,0,1488000.0,1
NMB-AGRI-01627,Dodoma,0,5.7,Maize,8066302.21524915,0,4683000.0,1
NMB-AGRI-01628,Mwanza,1,9.6,Rice,11752247.487879887,1,3474000.0,1
NMB-AGRI-01629,Morogoro,0,2.5,Maize,3289039.788367569,0,3393000.0,0
NMB-AGRI-01630,Arusha,0,6.7,Cashew,9191823.724682864,1,2246000.0,0
NMB-AGRI-01631,Arusha,1,0.9,Coffee,1325364.967256777,0,4256000.0,0
NMB-AGRI-01632,Arusha,1,1.1,Coffee,1389571.2308655905,0,3626000.0,1
NMB-AGRI-01633,Arusha,1,5.7,Coffee,6317925.155055034,0,1559000.0,0
NMB-AGRI-01634,Arusha,0,1.5,Cashew,1298138.8204533707,0,3078000.0,1
NMB-AGRI-01635,Arusha,1,0.7,Maize,477150.2655904012,0,2265000.0,0
NMB-AGRI-01636,Arusha,1,2.1,Rice,2491985.735364918,0,232000.0,0
NMB-AGRI-01637,Morogoro,0,5.9,Cashew,8820204.918119457,0,4077000.0,1
NMB-AGRI-01638,Dodoma,1,7.2,Coffee,6964982.529256217,0,790000.0,0
NMB-AGRI-01639,Mbeya,0,2.4,Maize,2936830.483422738,1,2648000.0,0
NMB-AGRI-01640,Mwanza,1,6.8,Rice,6766628.659953462,1,1814000.0,1
NMB-AGRI-01641,Mbeya,1,2.2,Rice,2050253.5313996489,0,1842000.0,0
NMB-AGRI-01642,Mbeya,0,6.3,Cashew,5734925.365427465,0,2491000.0,1
NMB-AGRI-01643,Dodoma,0,4.4,Cashew,4420348.60489947,0,4986000.0,1
NMB-AGRI-01644,Dodoma,0,6.7,Rice,5808200.934498013,1,2160000.0,1
NMB-AGRI-01645,Dodoma,0,10.0,Rice,12487733.218218079,0,1075000.0,0
NMB-AGRI-01646,Arusha,1,9.4,Coffee,12918157.049960256,0,3145000.0,1
NMB-AGRI-01647,Morogoro,1,0.5,Rice,691442.6533225921,1,1334000.0,0
NMB-AGRI-01648,Arusha,0,8.9,Cashew,6476518.549489851,0,707000.0,0
NMB-AGRI-01649,Morogoro,0,1.1,Maize,1535500.0526046401,1,441000.0,0
NMB-AGRI-01650,Morogoro,1,9.6,Coffee,8078891.8258090075,0,310000.0,0
NMB-AGRI-01651,Mbeya,1,3.2,Coffee,2589784.5295529524,0,2270000.0,1
NMB-AGRI-01652,Mbeya,0,4.1,Rice,5029699.835332767,0,2248000.0,0
NMB-AGRI-01653,Morogoro,0,1.4,Maize,1126574.876120805,1,1091000.0,1
NMB-AGRI-01654,Morogoro,1,1.6,Coffee,884746.2489755363,1,3963000.0,0
NMB-AGRI-01655,Arusha,0,7.4,Cashew,6464771.515096279,0,820000.0,1
NMB-AGRI-01656,Arusha,0,9.5,Rice,11603923.203404313,0,4594000.0,1
NMB-AGRI-01657,Mbeya,1,6.3,Cashew,5209838.047702112,0,3020000.0,0
NMB-AGRI-01658,Dodoma,1,7.3,Rice,8245781.108764569,1,333000.0,1
NMB-AGRI-01659,Morogoro,1,7.7,Coffee,8932919.720826104,0,4822000.0,1
NMB-AGRI-01660,Arusha,1,3.0,Rice,3701208.0351790683,1,1678000.0,1
NMB-AGRI-01661,Mbeya,1,0.9,Maize,1257417.419679843,0,2360000.0,1
NMB-AGRI-01662,Arusha,0,0.5,Cashew,466282.2496342157,0,1564000.0,1
NMB-AGRI-01663,Morogoro,0,3.8,Maize,2532441.891317337,0,3696000.0,1
NMB-AGRI-01664,Morogoro,0,2.8,Cashew,2292992.00320929,1,2531000.0,0
NMB-AGRI-01665,Mwanza,0,1.1,Cashew,1025383.9806913845,1,835000.0,1
NMB-AGRI-01666,Dodoma,1,2.2,Rice,2670561.232521849,0,700000.0,1
NMB-AGRI-01667,Mwanza,1,1.7,Coffee,872307.6134547769,0,3682000.0,1
NMB-AGRI-01668,Mbeya,1,9.2,Coffee,7505225.527646885,0,1338000.0,1
NMB-AGRI-01669,Arusha,1,1.8,Maize,2303716.6458347705,0,861000.0,0
NMB-AGRI-01670,Mbeya,0,5.6,Rice,6556803.1386518935,1,2597000.0,1
NMB-AGRI-01671,Morogoro,0,6.1,Coffee,7513613.838872191,0,4053000.0,1
NMB-AGRI-01672,Mwanza,1,5.7,Cashew,7477321.385803411,1,1538000.0,0
NMB-AGRI-01673,Mwanza,1,1.4,Cashew,1796530.0064291472,1,1527000.0,0
NMB-AGRI-01674,Mwanza,1,3.5,Rice,4137641.0815347233,1,4203000.0,0
NMB-AGRI-01675,Mbeya,1,1.0,Maize,939661.5323705906,1,910000.0,1
NMB-AGRI-01676,Morogoro,1,4.3,Rice,6379472.814176062,0,3160000.0,1
NMB-AGRI-01677,Arusha,1,2.3,Maize,2458868.349857169,1,4784000.0,0
NMB-AGRI-01678,Arusha,0,5.8,Rice,4076061.414339267,0,4238000.0,0
NMB-AGRI-01679,Mbeya,1,7.1,Cashew,5628971.271243969,0,497000.0,1
NMB-AGRI-01680,Mwanza,1,5.6,Rice,6683949.753434631,1,1736000.0,0
NMB-AGRI-01681,Dodoma,0,4.6,Coffee,6553801.999917532,0,883000.0,0
NMB-AGRI-01682,Mbeya,1,4.2,Coffee,2850624.54266477,1,4756000.0,1
NMB-AGRI-01683,Mbeya,0,8.5,Rice,4949945.213839184,1,4933000.0,1
NMB-AGRI-01684,Morogoro,1,2.6,Maize,3591980.724909216,1,1328000.0,0
NMB-AGRI-01685,Arusha,0,7.5,Maize,10614584.841846257,0,3415000.0,1
NMB-AGRI-01686,Mbeya,1,7.7,Cashew,5978120.958932426,0,4240000.0,0
NMB-AGRI-01687,Mbeya,0,4.5,Cashew,3947785.759670579,0,1322000.0,1
NMB-AGRI-01688,Mwanza,1,3.3,Maize,3828620.3917429326,1,1101000.0,0
NMB-AGRI-01689,Mwanza,0,5.0,Rice,4149650.1042123744,0,254000.0,1
NMB-AGRI-01690,Dodoma,0,1.4,Cashew,1928022.191578074,0,2177000.0,1
NMB-AGRI-01691,Morogoro,1,0.9,Maize,546820.8324424765,0,4517000.0,1
NMB-AGRI-01692,Dodoma,1,1.6,Maize,860771.5535363123,0,4534000.0,1
NMB-AGRI-01693,Mwanza,0,2.3,Rice,1629518.2755084157,0,813000.0,1
NMB-AGRI-01694,Arusha,0,5.3,Coffee,4166265.2244863356,0,1181000.0,1
NMB-AGRI-01695,Mwanza,1,8.6,Maize,5271168.685084325,0,2159000.0,0
NMB-AGRI-01696,Morogoro,1,2.7,Cashew,1527364.1592197462,1,3947000.0,0
NMB-AGRI-01697,Mwanza,1,9.4,Rice,11802712.506916903,0,3137000.0,0
NMB-AGRI-01698,Morogoro,0,9.6,Rice,6377055.03266167,0,2666000.0,1
NMB-AGRI-01699,Morogoro,1,9.6,Rice,13573653.111036519,0,3041000.0,1
NMB-AGRI-01700,Morogoro,0,8.5,Coffee,7377997.122308817,1,662000.0,1
NMB-AGRI-01701,Morogoro,0,4.0,Coffee,4682423.238885382,0,2493000.0,0
NMB-AGRI-01702,Morogoro,1,1.2,Cashew,870482.5377225602,0,4962000.0,1
NMB-AGRI-01703,Arusha,1,5.9,Cashew,4367904.334102015,0,625000.0,0
NMB-AGRI-01704,Dodoma,1,5.8,Rice,6233313.376631937,0,2692000.0,1
NMB-AGRI-01705,Mbeya,0,8.6,Cashew,9121529.15625548,0,1619000.0,0
NMB-AGRI-01706,Dodoma,1,10.0,Maize,12687292.280120812,0,2792000.0,1
NMB-AGRI-01707,Morogoro,1,5.3,Coffee,6666410.52017961,1,2954000.0,1
NMB-AGRI-01708,Arusha,1,3.8,Rice,4448613.505721912,0,2972000.0,0
NMB-AGRI-01709,Mwanza,0,2.3,Rice,2183000.301555029,0,4291000.0,0
NMB-AGRI-01710,Arusha,0,0.5,Maize,695320.1931403086,0,2071000.0,0
NMB-AGRI-01711,Morogoro,0,5.3,Maize,5949665.998172883,0,2678000.0,1
NMB-AGRI-01712,Arusha,1,5.8,Maize,8643151.244681671,1,252000.0,0
NMB-AGRI-01713,Arusha,0,8.3,Maize,10950769.488855176,0,3990000.0,0
NMB-AGRI-01714,Morogoro,1,5.3,Rice,2884841.999563129,1,1446000.0,1
NMB-AGRI-01715,Arusha,0,9.2,Coffee,7549463.945138924,1,4119000.0,1
NMB-AGRI-01716,Mbeya,1,6.5,Coffee,6967192.157061186,0,1475000.0,0
NMB-AGRI-01717,Mbeya,0,8.5,Maize,10382491.071907641,1,252000.0,0
NMB-AGRI-01718,Arusha,1,1.9,Cashew,1995639.3457476888,0,943000.0,0
NMB-AGRI-01719,Mwanza,1,8.6,Rice,11060721.633174762,0,4931000.0,0
NMB-AGRI-01720,Morogoro,0,6.9,Coffee,5400324.004025677,0,1735000.0,1
NMB-AGRI-01721,Mbeya,1,2.1,Maize,1436215.3075889326,0,722000.0,0
NMB-AGRI-01722,Mwanza,1,2.3,Cashew,1274008.372716471,0,770000.0,0
NMB-AGRI-01723,Arusha,1,9.3,Cashew,9981817.824515156,0,1690000.0,0
NMB-AGRI-01724,Mwanza,1,0.8,Maize,950879.6165403962,0,381000.0,0
NMB-AGRI-01725,Dodoma,0,4.9,Rice,4048133.613884872,0,2655000.0,0
NMB-AGRI-01726,Mbeya,0,3.5,Coffee,3897544.6469955677,0,1226000.0,1
NMB-AGRI-01727,Arusha,0,6.8,Cashew,3754669.1698026382,0,2693000.0,1
NMB-AGRI-01728,Morogoro,0,8.5,Coffee,5093993.443522831,0,876000.0,1
NMB-AGRI-01729,Arusha,0,3.9,Coffee,4686843.611808143,0,2263000.0,0
NMB-AGRI-01730,Morogoro,0,4.6,Cashew,3993120.6439995742,0,3070000.0,1
NMB-AGRI-01731,Arusha,1,9.8,Maize,11479073.504809456,0,498000.0,0
NMB-AGRI-01732,Mwanza,1,7.9,Cashew,10520596.850211352,0,2114000.0,1
NMB-AGRI-01733,Mwanza,0,9.0,Cashew,12173601.937285053,0,1652000.0,1
NMB-AGRI-01734,Mwanza,0,4.7,Rice,3159187.9336829195,0,1354000.0,1
NMB-AGRI-01735,Dodoma,1,2.7,Coffee,2662971.045348636,1,3102000.0,0
NMB-AGRI-01736,Morogoro,0,4.4,Maize,5429277.583982941,0,3025000.0,1
NMB-AGRI-01737,Mwanza,0,7.3,Coffee,9300058.352748446,0,3227000.0,0
NMB-AGRI-01738,Dodoma,0,1.5,Cashew,1927013.9710933166,0,963000.0,1
NMB-AGRI-01739,Morogoro,1,3.1,Maize,2257318.7365798117,0,1571000.0,1
NMB-AGRI-01740,Arusha,1,0.9,Maize,623281.335951396,0,1206000.0,1
NMB-AGRI-01741,Dodoma,0,4.6,Maize,5014057.354059001,0,2794000.0,0
NMB-AGRI-01742,Mbeya,1,8.4,Maize,10425120.701001044,0,2413000.0,1
NMB-AGRI-01743,Dodoma,1,0.7,Rice,573397.6608739352,0,1785000.0,0
NMB-AGRI-01744,Dodoma,1,6.9,Maize,4172465.582350709,1,3973000.0,1
NMB-AGRI-01745,Morogoro,1,9.4,Cashew,11437415.99935473,0,651000.0,1
NMB-AGRI-01746,Arusha,1,2.8,Rice,2239153.9278640123,0,4880000.0,1
NMB-AGRI-01747,Mbeya,0,7.1,Cashew,4731175.342613225,1,759000.0,1
NMB-AGRI-01748,Mwanza,0,9.8,Cashew,6347690.578291891,0,3911000.0,1
NMB-AGRI-01749,Mwanza,1,9.6,Coffee,7823131.6562564755,1,1968000.0,0
NMB-AGRI-01750,Dodoma,1,2.7,Maize,2950230.7779671135,0,4353000.0,0
NMB-AGRI-01751,Morogoro,1,1.5,Maize,1287603.3580407249,0,556000.0,1
NMB-AGRI-01752,Morogoro,1,1.9,Cashew,989257.51802752,0,1999000.0,1
NMB-AGRI-01753,Mwanza,1,7.2,Maize,4297740.72968024,1,1810000.0,1
NMB-AGRI-01754,Mbeya,0,7.4,Rice,5849724.029269781,0,4967000.0,1
NMB-AGRI-01755,Arusha,1,6.9,Coffee,8001960.926814935,1,4931000.0,1
NMB-AGRI-01756,Mbeya,1,3.7,Maize,2214505.7718335753,0,1111000.0,0
NMB-AGRI-01757,Arusha,1,2.1,Maize,2227379.3923514322,0,3224000.0,0
NMB-AGRI-01758,Mwanza,1,6.0,Rice,3719315.2249440257,1,2770000.0,0
NMB-AGRI-01759,Arusha,1,5.1,Coffee,3629238.1694818456,0,941000.0,1
NMB-AGRI-01760,Morogoro,0,7.4,Rice,4974195.103912645,1,1005000.0,1
NMB-AGRI-01761,Dodoma,1,4.7,Cashew,2665974.5871828096,0,4948000.0,1
NMB-AGRI-01762,Dodoma,0,3.7,Cashew,4333920.324330385,1,2373000.0,1
NMB-AGRI-01763,Mwanza,1,3.3,Maize,3179231.7063739137,0,804000.0,0
NMB-AGRI-01764,Morogoro,1,2.5,Coffee,3327633.602243345,0,1231000.0,1
NMB-AGRI-01765,Mbeya,0,3.0,Cashew,1796672.519946951,1,1488000.0,0
NMB-AGRI-01766,Morogoro,1,1.4,Rice,902626.1066733011,0,2652000.0,0
NMB-AGRI-01767,Dodoma,1,3.8,Cashew,3064539.379131712,0,1811000.0,1
NMB-AGRI-01768,Dodoma,1,0.8,Cashew,1012692.7895510466,0,2384000.0,0
NMB-AGRI-01769,Morogoro,0,2.3,Rice,1853245.2932581073,0,999000.0,0
NMB-AGRI-01770,Morogoro,1,7.6,Maize,6903982.176990063,1,1768000.0,1
NMB-AGRI-01771,Dodoma,1,3.6,Coffee,2885772.8386697923,0,538000.0,0
NMB-AGRI-01772,Mbeya,1,6.8,Maize,3945525.1842470034,0,4471000.0,1
NMB-AGRI-01773,Mwanza,0,7.3,Rice,10507865.447142169,0,1154000.0,0
NMB-AGRI-01774,Mwanza,1,6.0,Cashew,6291233.952427133,1,3833000.0,1
NMB-AGRI-01775,Morogoro,1,9.6,Coffee,12363198.606580768,0,1878000.0,1
NMB-AGRI-01776,Mwanza,0,0.7,Maize,810849.9645297072,0,2477000.0,1
NMB-AGRI-01777,Dodoma,0,7.5,Rice,7606907.092964813,0,1598000.0,0
NMB-AGRI-01778,Dodoma,0,9.6,Cashew,5660911.26393005,0,3543000.0,1
NMB-AGRI-01779,Morogoro,1,8.7,Cashew,9941781.843851646,1,4254000.0,1
NMB-AGRI-01780,Morogoro,1,2.1,Maize,1376277.7474673477,0,1574000.0,1
NMB-AGRI-01781,Morogoro,1,3.6,Rice,3291779.409682596,0,1363000.0,1
NMB-AGRI-01782,Mbeya,0,2.1,Cashew,2371137.6013089037,0,3471000.0,0
NMB-AGRI-01783,Mwanza,1,6.2,Cashew,7949819.802927164,1,1137000.0,0
NMB-AGRI-01784,Morogoro,0,7.3,Coffee,8650829.782672921,0,3271000.0,0
NMB-AGRI-01785,Arusha,0,3.5,Cashew,4100367.3516912004,0,653000.0,0
NMB-AGRI-01786,Arusha,1,5.6,Maize,3634636.371381162,0,3177000.0,0
NMB-AGRI-01787,Dodoma,0,7.1,Rice,6007512.634508274,1,2664000.0,0
NMB-AGRI-01788,Mwanza,1,4.5,Rice,2443105.226970874,0,747000.0,0
NMB-AGRI-01789,Morogoro,0,8.6,Coffee,10487501.281317595,0,3316000.0,1
NMB-AGRI-01790,Arusha,1,7.8,Rice,11330170.654275868,0,2343000.0,1
NMB-AGRI-01791,Mwanza,1,1.1,Maize,840521.4291969835,0,1242000.0,0
NMB-AGRI-01792,Dodoma,1,6.4,Cashew,3761258.93863878,1,1896000.0,0
NMB-AGRI-01793,Mbeya,0,2.7,Coffee,2634039.207234865,0,2562000.0,0
NMB-AGRI-01794,Mwanza,0,5.8,Rice,7868849.694139899,1,639000.0,1
NMB-AGRI-01795,Mwanza,1,9.6,Coffee,10098952.274609085,0,4797000.0,0
NMB-AGRI-01796,Mbeya,0,8.9,Coffee,4866316.636692009,0,3395000.0,0
NMB-AGRI-01797,Mwanza,1,4.3,Rice,6339370.634270168,0,692000.0,1
NMB-AGRI-01798,Dodoma,1,3.3,Coffee,4384544.702876582,1,4150000.0,1
NMB-AGRI-01799,Dodoma,0,2.7,Rice,1705304.0080390773,0,1748000.0,1
NMB-AGRI-01800,Mbeya,0,5.6,Maize,7962067.436419649,1,3065000.0,0
NMB-AGRI-01801,Morogoro,1,1.6,Rice,1521101.261768302,0,1530000.0,0
NMB-AGRI-01802,Arusha,1,5.7,Cashew,4969818.546277165,0,3720000.0,0
NMB-AGRI-01803,Morogoro,1,0.5,Rice,480526.6652635941,1,3670000.0,1
NMB-AGRI-01804,Mwanza,1,3.6,Cashew,4804459.044735409,1,2850000.0,0
NMB-AGRI-01805,Arusha,1,2.6,Coffee,3014647.163545643,0,1356000.0,1
NMB-AGRI-01806,Mbeya,0,9.7,Rice,5424709.988277357,0,1418000.0,1
NMB-AGRI-01807,Mbeya,1,7.4,Cashew,10786272.346259665,0,2038000.0,1
NMB-AGRI-01808,Arusha,1,3.8,Rice,2461579.707217607,0,896000.0,0
NMB-AGRI-01809,Dodoma,0,1.4,Rice,1743795.1324294917,0,1821000.0,1
NMB-AGRI-01810,Arusha,0,5.4,Rice,6135137.264311909,0,3485000.0,1
NMB-AGRI-01811,Mwanza,0,2.5,Maize,1718820.1198664024,0,4188000.0,1
NMB-AGRI-01812,Dodoma,0,5.6,Cashew,3756099.6262330776,0,1796000.0,1
NMB-AGRI-01813,Mbeya,1,8.4,Maize,11510751.787119415,1,1321000.0,0
NMB-AGRI-01814,Arusha,0,6.4,Maize,5886047.510397422,0,4197000.0,1
NMB-AGRI-01815,Morogoro,0,6.5,Cashew,7504747.3421319015,0,4475000.0,0
NMB-AGRI-01816,Morogoro,0,5.6,Rice,5622797.62159737,1,2168000.0,0
NMB-AGRI-01817,Mwanza,1,9.3,Maize,11414387.708806425,0,329000.0,1
NMB-AGRI-01818,Morogoro,1,9.4,Maize,9204878.325369706,0,3536000.0,0
NMB-AGRI-01819,Arusha,1,5.4,Maize,4251851.54238007,0,3963000.0,1
NMB-AGRI-01820,Arusha,0,3.4,Rice,2935503.461388088,0,287000.0,0
NMB-AGRI-01821,Morogoro,1,4.9,Maize,6659480.702806679,1,3056000.0,1
NMB-AGRI-01822,Arusha,1,2.3,Coffee,2226479.793722272,0,3024000.0,0
NMB-AGRI-01823,Mwanza,0,6.5,Cashew,4637420.65958996,0,2018000.0,0
NMB-AGRI-01824,Dodoma,0,5.3,Coffee,7603408.556809442,0,3799000.0,1
NMB-AGRI-01825,Mwanza,0,1.5,Rice,1944900.6847475655,1,2255000.0,1
NMB-AGRI-01826,Mwanza,0,2.4,Maize,1333598.7505348779,0,3449000.0,1
NMB-AGRI-01827,Arusha,1,5.1,Cashew,7644609.106100641,0,2682000.0,1
NMB-AGRI-01828,Dodoma,1,8.9,Maize,10634847.598316912,0,1393000.0,0
NMB-AGRI-01829,Arusha,1,5.9,Rice,3895572.9343394632,0,3111000.0,0
NMB-AGRI-01830,Mbeya,1,7.0,Cashew,5160173.769090175,0,3737000.0,1
NMB-AGRI-01831,Arusha,1,3.7,Coffee,4412048.280593724,0,4875000.0,1
NMB-AGRI-01832,Arusha,1,5.9,Cashew,7550590.22614682,0,2025000.0,1
NMB-AGRI-01833,Arusha,1,4.8,Maize,3547372.5271190694,0,509000.0,1
NMB-AGRI-01834,Dodoma,0,6.8,Cashew,5147388.206515041,0,4942000.0,1
NMB-AGRI-01835,Arusha,0,1.0,Rice,807120.6948720608,0,3194000.0,0
NMB-AGRI-01836,Dodoma,1,5.2,Rice,5709695.4971505115,1,4743000.0,0
NMB-AGRI-01837,Morogoro,0,3.3,Cashew,2216993.3883942137,0,698000.0,1
NMB-AGRI-01838,Mbeya,0,3.6,Rice,2175275.5159851993,0,1842000.0,1
NMB-AGRI-01839,Dodoma,1,9.6,Rice,11317095.25522093,0,843000.0,0
NMB-AGRI-01840,Morogoro,1,2.2,Rice,2814015.4675449743,0,4210000.0,0
NMB-AGRI-01841,Dodoma,1,3.5,Coffee,3503252.9154577693,0,4426000.0,0
NMB-AGRI-01842,Dodoma,1,5.3,Maize,4578313.364422442,1,2606000.0,0
NMB-AGRI-01843,Mbeya,1,8.7,Rice,8108771.607680344,0,1096000.0,1
NMB-AGRI-01844,Mwanza,1,4.5,Cashew,3997835.2524237838,1,810000.0,0
NMB-AGRI-01845,Mwanza,1,7.6,Rice,11095885.302606331,1,3023000.0,1
NMB-AGRI-01846,Dodoma,1,8.6,Coffee,10905573.184884606,0,2631000.0,1
NMB-AGRI-01847,Arusha,1,3.4,Cashew,2407496.5304903747,1,3535000.0,0
NMB-AGRI-01848,Morogoro,1,4.2,Maize,3713594.438626717,0,1665000.0,1
NMB-AGRI-01849,Arusha,1,3.9,Cashew,4071647.9363161284,0,2131000.0,1
NMB-AGRI-01850,Arusha,1,8.4,Cashew,9349081.241334984,0,303000.0,1
NMB-AGRI-01851,Dodoma,0,0.9,Cashew,871365.5064258904,0,3129000.0,1
NMB-AGRI-01852,Dodoma,0,3.4,Cashew,4454430.559040661,1,2231000.0,1
NMB-AGRI-01853,Dodoma,0,7.0,Rice,8873242.136207622,1,4615000.0,1
NMB-AGRI-01854,Dodoma,1,5.9,Maize,5930431.719906184,1,3281000.0,1
NMB-AGRI-01855,Mwanza,0,4.6,Rice,6230375.17919596,0,2114000.0,0
NMB-AGRI-01856,Dodoma,0,5.6,Coffee,7006101.370477361,0,1465000.0,1
NMB-AGRI-01857,Mwanza,1,2.4,Coffee,3068596.4369295435,0,4545000.0,0
NMB-AGRI-01858,Mwanza,0,4.6,Cashew,6699443.585393717,0,278000.0,1
NMB-AGRI-01859,Dodoma,1,5.3,Rice,4062274.788408774,0,1769000.0,0
NMB-AGRI-01860,Mbeya,0,9.1,Rice,6985598.277538327,0,4729000.0,1
NMB-AGRI-01861,Morogoro,1,3.0,Maize,4166856.7670719204,0,3339000.0,0
NMB-AGRI-01862,Arusha,1,8.7,Maize,11068369.44845541,0,2757000.0,0
NMB-AGRI-01863,Mwanza,1,6.6,Maize,9415200.57347514,0,1177000.0,1
NMB-AGRI-01864,Morogoro,1,0.7,Rice,394191.1122271171,0,4200000.0,0
NMB-AGRI-01865,Mbeya,1,7.4,Maize,8345402.371735814,1,1180000.0,0
NMB-AGRI-01866,Arusha,0,0.8,Maize,515702.67049875803,0,1392000.0,1
NMB-AGRI-01867,Arusha,0,10.0,Maize,10038971.982925825,0,1121000.0,0
NMB-AGRI-01868,Mwanza,0,8.8,Cashew,5770573.000310309,1,959000.0,0
NMB-AGRI-01869,Dodoma,1,3.3,Coffee,2072659.0796501015,1,4776000.0,1
NMB-AGRI-01870,Mbeya,1,2.9,Coffee,1485288.201607896,1,3090000.0,1
NMB-AGRI-01871,Mwanza,1,4.1,Rice,4633979.1307699075,0,3262000.0,0
NMB-AGRI-01872,Mbeya,0,3.9,Rice,3350188.205091336,0,4781000.0,1
NMB-AGRI-01873,Dodoma,1,4.0,Cashew,2420753.139515887,1,1307000.0,0
NMB-AGRI-01874,Dodoma,1,3.5,Coffee,2879932.2220595847,1,228000.0,0
NMB-AGRI-01875,Mwanza,1,6.4,Maize,4281242.185290144,0,3075000.0,1
NMB-AGRI-01876,Dodoma,1,2.1,Maize,3027559.146153485,0,2638000.0,1
NMB-AGRI-01877,Morogoro,0,8.5,Rice,6970041.528971459,0,2493000.0,0
NMB-AGRI-01878,Arusha,1,8.2,Coffee,6838418.890972997,0,497000.0,0
NMB-AGRI-01879,Mwanza,1,5.0,Rice,6699290.016997928,0,2381000.0,1
NMB-AGRI-01880,Mbeya,0,8.6,Rice,9870699.547059637,0,1580000.0,0
NMB-AGRI-01881,Morogoro,0,2.8,Maize,3388480.500728403,1,1518000.0,0
NMB-AGRI-01882,Mwanza,1,0.7,Maize,795201.2627922724,0,1267000.0,0
NMB-AGRI-01883,Dodoma,1,6.4,Coffee,9255656.21727082,1,1796000.0,1
NMB-AGRI-01884,Dodoma,1,4.9,Rice,3464304.074634422,0,1895000.0,1
NMB-AGRI-01885,Dodoma,0,5.9,Cashew,8785331.526359195,0,1682000.0,0
NMB-AGRI-01886,Dodoma,1,9.0,Coffee,11978605.59800862,0,4898000.0,0
NMB-AGRI-01887,Mbeya,1,9.7,Rice,10563034.112100517,1,4677000.0,1
NMB-AGRI-01888,Morogoro,1,6.5,Coffee,7555415.558575618,0,2958000.0,0
NMB-AGRI-01889,Arusha,1,7.8,Coffee,8960841.836704789,0,4909000.0,1
NMB-AGRI-01890,Mbeya,0,1.3,Coffee,725915.0912769001,1,4958000.0,1
NMB-AGRI-01891,Mbeya,1,2.0,Cashew,1436032.9970638773,0,1909000.0,1
NMB-AGRI-01892,Arusha,0,7.5,Cashew,10961031.63393562,1,2337000.0,1
NMB-AGRI-01893,Arusha,1,4.6,Maize,4758076.372753144,1,4803000.0,0
NMB-AGRI-01894,Dodoma,1,4.7,Maize,4128261.9353309865,1,3121000.0,0
NMB-AGRI-01895,Mbeya,1,3.4,Rice,4290930.775522854,0,1222000.0,1
NMB-AGRI-01896,Mwanza,1,6.3,Coffee,6454469.3387316,0,3509000.0,0
NMB-AGRI-01897,Arusha,1,2.3,Rice,1180274.3742933644,1,1188000.0,0
NMB-AGRI-01898,Arusha,1,6.5,Maize,8035544.378648266,0,1829000.0,1
NMB-AGRI-01899,Morogoro,1,2.2,Cashew,2710878.6321162954,0,1292000.0,0
NMB-AGRI-01900,Mwanza,1,1.1,Maize,731663.5833209718,1,1376000.0,0
NMB-AGRI-01901,Mwanza,1,3.6,Rice,5243976.318327168,0,222000.0,0
NMB-AGRI-01902,Arusha,1,2.7,Maize,1954551.9551610088,1,4427000.0,0
NMB-AGRI-01903,Dodoma,0,8.9,Rice,8523969.369701574,1,1621000.0,1
NMB-AGRI-01904,Morogoro,1,1.0,Rice,614735.9612609147,1,615000.0,1
NMB-AGRI-01905,Mwanza,0,2.2,Rice,2427221.102791295,0,618000.0,0
NMB-AGRI-01906,Arusha,1,5.7,Rice,4990071.384326111,0,2869000.0,0
NMB-AGRI-01907,Mwanza,0,5.1,Maize,4351184.657269497,0,4966000.0,1
NMB-AGRI-01908,Morogoro,1,0.9,Rice,1194279.1894988527,0,896000.0,1
NMB-AGRI-01909,Morogoro,1,0.6,Rice,305737.02771028696,0,678000.0,0
NMB-AGRI-01910,Mbeya,1,9.9,Coffee,12849673.031834984,0,2304000.0,1
NMB-AGRI-01911,Arusha,1,6.8,Rice,7285850.247086936,0,2904000.0,1
NMB-AGRI-01912,Morogoro,0,4.0,Maize,5944394.053920796,0,1613000.0,1
NMB-AGRI-01913,Mbeya,0,5.0,Rice,5447216.103021245,1,1652000.0,1
NMB-AGRI-01914,Mbeya,0,3.0,Cashew,1666137.4024438737,0,2237000.0,1
NMB-AGRI-01915,Mwanza,1,3.8,Cashew,2092452.24048616,0,1708000.0,0
NMB-AGRI-01916,Mwanza,1,6.7,Rice,9267125.008691274,0,4594000.0,1
NMB-AGRI-01917,Mbeya,1,8.9,Cashew,11936805.895048372,1,401000.0,0
NMB-AGRI-01918,Mwanza,0,2.2,Cashew,1860958.1662804512,0,1326000.0,0
NMB-AGRI-01919,Morogoro,0,8.5,Maize,9503276.115539666,0,4081000.0,0
NMB-AGRI-01920,Dodoma,1,1.7,Coffee,1682305.3069945204,0,4203000.0,0
NMB-AGRI-01921,Morogoro,1,2.5,Cashew,3667910.1378401304,0,735000.0,0
NMB-AGRI-01922,Mbeya,1,0.9,Cashew,1304964.8107892023,1,4874000.0,1
NMB-AGRI-01923,Mbeya,1,1.8,Coffee,2670910.2153733945,1,3528000.0,1
NMB-AGRI-01924,Morogoro,1,9.2,Coffee,12571328.78183523,0,1508000.0,1
NMB-AGRI-01925,Mwanza,0,4.9,Cashew,6906802.794797998,1,2389000.0,1
NMB-AGRI-01926,Mwanza,1,1.2,Rice,860734.5345205637,1,1626000.0,1
NMB-AGRI-01927,Mbeya,1,9.6,Cashew,12777665.174301835,1,920000.0,0
NMB-AGRI-01928,Arusha,0,8.9,Rice,10758828.307518046,0,1598000.0,1
NMB-AGRI-01929,Mwanza,1,7.7,Rice,11263456.11797614,0,2984000.0,1
NMB-AGRI-01930,Morogoro,0,9.4,Rice,10069861.187360622,0,4165000.0,0
NMB-AGRI-01931,Mwanza,1,2.6,Coffee,1521434.6334474466,0,1945000.0,1
NMB-AGRI-01932,Morogoro,0,8.4,Cashew,9218150.685972083,0,1870000.0,0
NMB-AGRI-01933,Mbeya,1,7.1,Cashew,8424724.588951143,1,2446000.0,0
NMB-AGRI-01934,Mwanza,0,8.8,Maize,6338825.05266937,1,3294000.0,1
NMB-AGRI-01935,Morogoro,1,8.1,Coffee,7242318.4064531,1,3808000.0,0
NMB-AGRI-01936,Mbeya,1,3.8,Maize,4174312.973396383,0,1769000.0,0
NMB-AGRI-01937,Arusha,1,7.9,Maize,6905435.324800394,0,3014000.0,1
NMB-AGRI-01938,Morogoro,1,3.0,Rice,2624843.151715992,0,2069000.0,0
NMB-AGRI-01939,Arusha,1,3.6,Coffee,2279111.9010220706,0,3639000.0,0
NMB-AGRI-01940,Arusha,0,1.5,Maize,2161120.084616499,1,990000.0,1
NMB-AGRI-01941,Dodoma,0,9.4,Cashew,11754647.214253908,0,1433000.0,0
NMB-AGRI-01942,Mwanza,0,3.3,Maize,1654103.3482581365,1,2245000.0,0
NMB-AGRI-01943,Morogoro,1,5.4,Coffee,6834311.733719693,0,4469000.0,1
NMB-AGRI-01944,Arusha,0,4.2,Cashew,5207138.969163007,0,2952000.0,0
NMB-AGRI-01945,Dodoma,1,9.6,Cashew,4893417.21749302,0,4834000.0,0
NMB-AGRI-01946,Mbeya,1,3.7,Cashew,3217535.9011709294,0,696000.0,1
NMB-AGRI-01947,Morogoro,0,7.9,Rice,8743306.753571693,0,2409000.0,0
NMB-AGRI-01948,Arusha,0,8.6,Cashew,8193655.605979109,0,2212000.0,0
NMB-AGRI-01949,Mwanza,0,4.6,Rice,5878736.146114333,0,3081000.0,1
NMB-AGRI-01950,Dodoma,1,4.1,Rice,3794379.163801179,1,4097000.0,0
NMB-AGRI-01951,Arusha,0,7.6,Maize,4969358.567849161,1,4239000.0,1
NMB-AGRI-01952,Mwanza,0,9.2,Maize,13583023.743319223,1,3417000.0,1
NMB-AGRI-01953,Arusha,1,7.7,Cashew,5713707.944375559,1,3279000.0,0
NMB-AGRI-01954,Morogoro,1,2.7,Coffee,3287769.2384615974,1,4755000.0,0
NMB-AGRI-01955,Morogoro,0,8.9,Cashew,5724091.173810241,0,2042000.0,0
NMB-AGRI-01956,Morogoro,0,4.2,Maize,3481852.977892517,0,4197000.0,1
NMB-AGRI-01957,Dodoma,0,6.0,Cashew,5652165.650582543,0,4623000.0,1
NMB-AGRI-01958,Morogoro,1,8.4,Maize,5814748.838027338,1,2559000.0,0
NMB-AGRI-01959,Mwanza,1,2.3,Cashew,2184907.0256478013,0,3700000.0,0
NMB-AGRI-01960,Arusha,0,8.0,Coffee,5257302.583934,0,2010000.0,0
NMB-AGRI-01961,Mbeya,0,6.2,Cashew,6565840.541712519,1,963000.0,0
NMB-AGRI-01962,Mwanza,1,9.0,Coffee,10473419.272681745,0,3015000.0,1
NMB-AGRI-01963,Mwanza,1,2.1,Coffee,1181111.9964588226,1,1143000.0,0
NMB-AGRI-01964,Morogoro,0,4.5,Cashew,6170094.544869756,1,2396000.0,1
NMB-AGRI-01965,Dodoma,1,8.4,Coffee,5755183.434353098,0,4390000.0,1
NMB-AGRI-01966,Arusha,0,0.7,Coffee,507753.69772422663,0,613000.0,1
NMB-AGRI-01967,Dodoma,0,1.6,Maize,1858159.744132901,1,346000.0,0
NMB-AGRI-01968,Arusha,1,9.9,Maize,9590635.4983007,0,3111000.0,1
NMB-AGRI-01969,Arusha,1,3.2,Coffee,3198065.9173474107,1,1789000.0,1
NMB-AGRI-01970,Dodoma,1,9.8,Rice,6155918.8487187,1,2206000.0,1
NMB-AGRI-01971,Mwanza,1,2.2,Cashew,2872618.8081280985,0,2147000.0,0
NMB-AGRI-01972,Arusha,1,3.9,Coffee,4356511.55980642,0,616000.0,0
NMB-AGRI-01973,Dodoma,1,7.7,Cashew,4892441.733482811,0,217000.0,1
NMB-AGRI-01974,Arusha,1,6.7,Maize,5855795.7590714935,0,4512000.0,1
NMB-AGRI-01975,Mbeya,1,6.0,Cashew,7862459.59641018,0,1245000.0,1
NMB-AGRI-01976,Mwanza,1,5.5,Coffee,5875952.752926414,1,2245000.0,1
NMB-AGRI-01977,Morogoro,0,8.5,Coffee,5173514.622629909,0,4865000.0,1
NMB-AGRI-01978,Arusha,1,2.7,Coffee,2356498.0236310745,1,4168000.0,1
NMB-AGRI-01979,Mbeya,1,4.7,Coffee,3490663.672741953,0,718000.0,0
NMB-AGRI-01980,Morogoro,1,2.0,Rice,2034931.1073074527,0,2641000.0,1
NMB-AGRI-01981,Morogoro,0,6.2,Rice,8328838.999006335,0,3704000.0,0
NMB-AGRI-01982,Arusha,1,2.9,Rice,2715174.6909328173,1,3552000.0,0
NMB-AGRI-01983,Dodoma,1,3.7,Coffee,3453365.5123627954,0,3852000.0,1
NMB-AGRI-01984,Arusha,0,5.0,Rice,7026754.511635184,0,2396000.0,1
NMB-AGRI-01985,Mbeya,1,0.8,Cashew,860948.3300058179,1,1044000.0,0
NMB-AGRI-01986,Morogoro,0,1.4,Coffee,1492667.5223563695,0,2431000.0,1
NMB-AGRI-01987,Arusha,0,7.0,Maize,5333369.243127726,0,3310000.0,1
NMB-AGRI-01988,Dodoma,1,4.6,Coffee,5095524.64005078,0,3121000.0,1
NMB-AGRI-01989,Arusha,1,8.7,Cashew,9360421.066531347,1,539000.0,0
NMB-AGRI-01990,Mwanza,1,7.1,Rice,6367645.439427234,0,512000.0,0
NMB-AGRI-01991,Dodoma,0,0.6,Coffee,894417.3395395082,0,4833000.0,1
NMB-AGRI-01992,Mbeya,1,6.4,Rice,8844102.175667755,0,929000.0,1
NMB-AGRI-01993,Morogoro,0,1.4,Coffee,1749420.8061075415,1,1613000.0,1
NMB-AGRI-01994,Arusha,0,7.9,Cashew,8195030.148462704,0,3885000.0,1
NMB-AGRI-01995,Dodoma,0,9.9,Coffee,9524392.03875684,0,2166000.0,1
NMB-AGRI-01996,Mwanza,1,5.5,Rice,3766935.6737275966,0,1071000.0,0
NMB-AGRI-01997,Dodoma,1,7.0,Rice,5640162.318102365,0,2443000.0,1
NMB-AGRI-01998,Mwanza,1,2.8,Cashew,3567090.2395049883,1,2931000.0,1
NMB-AGRI-01999,Mbeya,1,4.7,Coffee,4482620.083506492,0,2373000.0,1
NMB-AGRI-02000,Morogoro,0,8.6,Maize,11887517.84249771,1,4611000.0,1
NMB-AGRI-02001,Mbeya,1,2.1,Coffee,1360613.3863256106,1,1567000.0,0
NMB-AGRI-02002,Arusha,1,3.0,Cashew,3025041.28804091,1,3374000.0,1
NMB-AGRI-02003,Dodoma,1,4.7,Maize,5390738.71490015,0,739000.0,1
NMB-AGRI-02004,Mwanza,0,7.3,Cashew,7422993.731047859,1,2083000.0,1
NMB-AGRI-02005,Mwanza,1,4.1,Coffee,5695830.255498447,0,3757000.0,1
NMB-AGRI-02006,Dodoma,1,9.3,Maize,13852938.521011,1,1279000.0,0
NMB-AGRI-02007,Dodoma,1,1.4,Cashew,862168.5216779176,0,3031000.0,1
NMB-AGRI-02008,Arusha,1,4.0,Rice,2519819.616307684,1,936000.0,1
NMB-AGRI-02009,Mbeya,0,7.2,Maize,4538333.6176328715,0,693000.0,1
NMB-AGRI-02010,Mwanza,1,2.6,Maize,3071060.4497833718,1,2712000.0,0
NMB-AGRI-02011,Arusha,0,6.7,Cashew,5846929.839822114,1,3440000.0,0
NMB-AGRI-02012,Mbeya,1,2.1,Rice,2589960.7886584024,1,744000.0,0
NMB-AGRI-02013,Arusha,1,1.0,Maize,905471.4728869786,1,4605000.0,1
NMB-AGRI-02014,Mwanza,0,1.6,Cashew,1804170.754131302,0,1284000.0,0
NMB-AGRI-02015,Dodoma,1,9.3,Maize,11809679.452813711,0,776000.0,1
NMB-AGRI-02016,Dodoma,1,5.7,Maize,5974830.690733048,1,1173000.0,0
NMB-AGRI-02017,Mbeya,0,8.1,Maize,8419979.08264505,0,1014000.0,0
NMB-AGRI-02018,Morogoro,1,3.7,Rice,2176467.0035568476,0,635000.0,1
NMB-AGRI-02019,Mbeya,0,6.1,Coffee,5555768.631747552,0,4030000.0,1
NMB-AGRI-02020,Morogoro,1,5.2,Coffee,5438041.196769676,0,2579000.0,1
NMB-AGRI-02021,Arusha,1,9.5,Rice,9138817.843830895,0,2065000.0,1
NMB-AGRI-02022,Arusha,1,7.6,Rice,10645943.201432033,0,4763000.0,1
NMB-AGRI-02023,Mwanza,1,7.4,Cashew,10408326.677684221,0,1981000.0,0
NMB-AGRI-02024,Morogoro,1,0.9,Maize,1189725.6425298855,0,1001000.0,1
NMB-AGRI-02025,Mwanza,1,5.7,Rice,4989199.029626784,0,1515000.0,0
NMB-AGRI-02026,Dodoma,0,4.9,Cashew,5964765.843268919,0,1347000.0,0
NMB-AGRI-02027,Morogoro,1,9.3,Coffee,8326182.687947371,0,2594000.0,1
NMB-AGRI-02028,Mbeya,1,2.9,Coffee,2124521.437029701,0,1599000.0,1
NMB-AGRI-02029,Dodoma,0,3.1,Coffee,2612998.195007733,1,2677000.0,0
NMB-AGRI-02030,Dodoma,1,4.4,Coffee,2512244.3864563564,0,3413000.0,0
NMB-AGRI-02031,Mbeya,1,2.8,Cashew,2328977.025213012,1,3931000.0,1
NMB-AGRI-02032,Dodoma,1,1.7,Maize,1633261.7693439918,1,3609000.0,1
NMB-AGRI-02033,Morogoro,0,8.6,Cashew,12517135.695115138,0,1187000.0,0
NMB-AGRI-02034,Mwanza,0,5.8,Maize,4717781.4000738235,0,756000.0,0
NMB-AGRI-02035,Dodoma,0,8.7,Coffee,12201345.791088028,0,2804000.0,0
NMB-AGRI-02036,Morogoro,1,8.4,Rice,6122409.516917375,0,1155000.0,0
NMB-AGRI-02037,Arusha,0,3.2,Rice,2211100.4728295985,0,608000.0,0
NMB-AGRI-02038,Morogoro,1,5.7,Rice,5808274.10166334,0,2730000.0,1
NMB-AGRI-02039,Mwanza,0,1.3,Maize,1524264.7800866277,0,1769000.0,0
NMB-AGRI-02040,Morogoro,1,9.2,Coffee,5007856.707380989,0,3830000.0,0
NMB-AGRI-02041,Mbeya,0,4.3,Cashew,3100583.2197030312,1,1708000.0,1
NMB-AGRI-02042,Mwanza,1,4.2,Rice,4013871.3993055294,0,4898000.0,0
NMB-AGRI-02043,Arusha,0,3.4,Maize,2825414.742342817,1,3841000.0,1
NMB-AGRI-02044,Mbeya,1,4.9,Rice,5941843.288806778,0,477000.0,1
NMB-AGRI-02045,Morogoro,0,2.9,Cashew,2932365.7285198187,0,2643000.0,0
NMB-AGRI-02046,Mwanza,1,4.1,Coffee,2707472.332975991,0,2901000.0,1
NMB-AGRI-02047,Arusha,1,8.1,Cashew,11295169.572452232,1,3537000.0,1
NMB-AGRI-02048,Mbeya,0,8.4,Coffee,6660407.67406022,0,2589000.0,1
NMB-AGRI-02049,Arusha,1,3.4,Coffee,4185845.7704790393,0,2521000.0,1
NMB-AGRI-02050,Morogoro,1,5.0,Coffee,6399578.89552705,1,1966000.0,0
NMB-AGRI-02051,Arusha,0,8.8,Rice,12875787.762253702,0,1503000.0,1
NMB-AGRI-02052,Dodoma,1,1.0,Cashew,998507.4665241013,0,4742000.0,1
NMB-AGRI-02053,Mbeya,0,8.9,Rice,9930936.087633446,1,1724000.0,1
NMB-AGRI-02054,Arusha,1,2.6,Cashew,2170678.3630467877,1,504000.0,0
NMB-AGRI-02055,Morogoro,1,6.9,Maize,8129437.12454326,0,1003000.0,0
NMB-AGRI-02056,Morogoro,0,6.0,Maize,5780300.915197918,0,4315000.0,1
NMB-AGRI-02057,Arusha,1,5.8,Cashew,5438383.7154016495,1,3016000.0,0
NMB-AGRI-02058,Morogoro,1,8.7,Cashew,11792567.503310114,1,3938000.0,1
NMB-AGRI-02059,Mwanza,1,1.5,Cashew,825253.265248033,0,4082000.0,0
NMB-AGRI-02060,Mwanza,1,3.8,Cashew,5251457.225761101,1,4152000.0,1
NMB-AGRI-02061,Mwanza,1,5.6,Coffee,7571591.091839919,0,2843000.0,1
NMB-AGRI-02062,Dodoma,1,8.2,Rice,8252203.279206671,0,1050000.0,0
NMB-AGRI-02063,Arusha,0,2.6,Coffee,2574527.420934634,0,912000.0,1
NMB-AGRI-02064,Dodoma,1,8.1,Rice,6980639.68108747,0,2955000.0,1
NMB-AGRI-02065,Morogoro,1,4.3,Rice,6424947.304231457,0,1959000.0,1
NMB-AGRI-02066,Dodoma,1,2.3,Rice,1405689.4653338345,0,2879000.0,1
NMB-AGRI-02067,Morogoro,1,7.7,Coffee,8394657.314340275,0,2593000.0,1
NMB-AGRI-02068,Morogoro,1,1.4,Cashew,1654354.2261573838,0,3091000.0,0
NMB-AGRI-02069,Mbeya,1,5.4,Coffee,7745382.044371501,0,354000.0,1
NMB-AGRI-02070,Mwanza,1,1.1,Coffee,1408223.8465424378,1,358000.0,0
NMB-AGRI-02071,Morogoro,0,3.9,Rice,4461004.090965033,1,3664000.0,0
NMB-AGRI-02072,Mbeya,1,6.2,Maize,3824236.364235161,0,1127000.0,0
NMB-AGRI-02073,Mwanza,1,5.8,Maize,5067654.397622511,1,3331000.0,0
NMB-AGRI-02074,Morogoro,0,4.3,Coffee,2747019.062956337,0,2824000.0,1
NMB-AGRI-02075,Morogoro,1,4.6,Rice,6353578.5693413615,0,4913000.0,1
NMB-AGRI-02076,Dodoma,1,2.7,Coffee,3373977.1200218364,1,4210000.0,0
NMB-AGRI-02077,Dodoma,0,4.8,Coffee,6036176.5766267,0,2183000.0,1
NMB-AGRI-02078,Mwanza,0,9.6,Cashew,11061662.570626022,0,3159000.0,0
NMB-AGRI-02079,Morogoro,0,8.6,Rice,8660574.417655703,0,763000.0,0
NMB-AGRI-02080,Arusha,1,1.9,Maize,1234945.0129806448,0,2055000.0,0
NMB-AGRI-02081,Dodoma,0,0.8,Maize,663755.9093640414,0,3723000.0,1
NMB-AGRI-02082,Mwanza,0,9.4,Maize,5987008.449282772,1,3189000.0,0
NMB-AGRI-02083,Morogoro,1,5.5,Coffee,6737022.285687887,0,2525000.0,1
NMB-AGRI-02084,Morogoro,0,5.6,Rice,3697281.145723228,1,1047000.0,0
NMB-AGRI-02085,Arusha,0,7.9,Cashew,9496697.046356315,1,4055000.0,1
NMB-AGRI-02086,Mwanza,0,3.5,Maize,4172893.8635856668,0,1511000.0,0
NMB-AGRI-02087,Morogoro,1,5.1,Rice,4892452.842855574,0,4138000.0,0
NMB-AGRI-02088,Dodoma,1,9.7,Maize,6161717.944945107,0,3136000.0,1
NMB-AGRI-02089,Arusha,0,6.9,Cashew,5622125.700324854,0,1989000.0,1
NMB-AGRI-02090,Mwanza,1,2.0,Rice,1640186.2181511028,0,395000.0,1
NMB-AGRI-02091,Arusha,1,1.8,Coffee,2160693.2396579282,1,1316000.0,0
NMB-AGRI-02092,Dodoma,0,2.4,Coffee,1472983.2465929382,1,4468000.0,0
NMB-AGRI-02093,Mwanza,0,7.8,Maize,10366735.440485507,0,4126000.0,1
NMB-AGRI-02094,Arusha,0,3.3,Maize,4161324.0576135158,0,2959000.0,1
NMB-AGRI-02095,Mbeya,1,0.7,Rice,480414.8427219917,0,2438000.0,0
NMB-AGRI-02096,Dodoma,1,9.5,Cashew,11582061.62689945,0,3306000.0,1
NMB-AGRI-02097,Dodoma,0,2.1,Maize,2453877.681082426,1,2438000.0,0
NMB-AGRI-02098,Dodoma,1,0.6,Rice,748872.4800665558,1,3293000.0,1
NMB-AGRI-02099,Mbeya,0,2.8,Cashew,1928999.9552563445,0,1676000.0,1
NMB-AGRI-02100,Mbeya,1,2.7,Maize,1775493.8698224653,0,4225000.0,1
NMB-AGRI-02101,Morogoro,1,4.5,Maize,3314177.936652394,0,3569000.0,1
NMB-AGRI-02102,Arusha,0,9.2,Rice,7966019.6689705765,0,1784000.0,1
NMB-AGRI-02103,Morogoro,1,8.9,Maize,11513618.33121863,0,4187000.0,1
NMB-AGRI-02104,Arusha,0,4.8,Coffee,5942034.899898481,0,2539000.0,1
NMB-AGRI-02105,Mbeya,1,4.4,Cashew,6271987.006025546,0,1038000.0,0
NMB-AGRI-02106,Mbeya,0,5.8,Cashew,3240051.4427719694,0,573000.0,0
NMB-AGRI-02107,Morogoro,1,2.8,Coffee,1432357.5868397194,0,3558000.0,1
NMB-AGRI-02108,Mwanza,0,1.0,Rice,1199138.8297007992,0,4353000.0,1
NMB-AGRI-02109,Morogoro,1,9.4,Coffee,7325302.460465157,0,4076000.0,0
NMB-AGRI-02110,Arusha,0,2.3,Coffee,1918381.4597277802,0,3347000.0,0
NMB-AGRI-02111,Morogoro,1,2.4,Cashew,2512324.862194829,0,879000.0,0
NMB-AGRI-02112,Dodoma,0,5.0,Rice,3012065.6156339925,0,651000.0,0
NMB-AGRI-02113,Arusha,1,5.2,Maize,5942010.966049857,1,1856000.0,1
NMB-AGRI-02114,Arusha,0,0.7,Coffee,577603.2123618051,0,4304000.0,1
NMB-AGRI-02115,Mwanza,0,1.9,Coffee,2152158.736171884,0,4816000.0,1
NMB-AGRI-02116,Mbeya,1,4.1,Rice,5469428.343600881,1,1359000.0,0
NMB-AGRI-02117,Arusha,0,7.0,Coffee,4697779.3333620075,0,3858000.0,0
NMB-AGRI-02118,Mbeya,0,2.7,Rice,3863357.350869205,1,2955000.0,1
NMB-AGRI-02119,Morogoro,1,4.5,Maize,4638096.6347809965,0,353000.0,1
NMB-AGRI-02120,Dodoma,1,5.8,Rice,8252981.038009017,0,2806000.0,0
NMB-AGRI-02121,Mwanza,0,8.9,Maize,6298797.731595826,0,4069000.0,1
NMB-AGRI-02122,Mbeya,1,3.6,Rice,3976425.5925752553,0,1525000.0,1
NMB-AGRI-02123,Arusha,1,1.8,Coffee,1626996.8111824885,0,4507000.0,1
NMB-AGRI-02124,Mbeya,0,5.1,Maize,6498533.174895667,0,1334000.0,0
NMB-AGRI-02125,Arusha,1,7.6,Coffee,8404907.968421051,1,567000.0,1
NMB-AGRI-02126,Mbeya,1,1.5,Maize,1491773.1854374777,0,968000.0,1
NMB-AGRI-02127,Arusha,1,4.5,Rice,6358434.328939538,0,4218000.0,1
NMB-AGRI-02128,Morogoro,0,0.7,Rice,613981.9449201762,0,2203000.0,1
NMB-AGRI-02129,Arusha,1,0.8,Rice,575984.1639185452,1,4025000.0,1
NMB-AGRI-02130,Arusha,0,5.1,Cashew,5651316.052945667,1,2750000.0,1
NMB-AGRI-02131,Dodoma,0,3.3,Cashew,3709293.842670285,1,2507000.0,1
NMB-AGRI-02132,Arusha,0,8.5,Maize,7982304.283360941,0,4073000.0,1
NMB-AGRI-02133,Dodoma,1,6.2,Cashew,6116982.270874171,0,2233000.0,0
NMB-AGRI-02134,Mwanza,1,4.8,Rice,7005856.38863952,0,4050000.0,1
NMB-AGRI-02135,Dodoma,1,4.4,Cashew,5423817.042145926,0,683000.0,0
NMB-AGRI-02136,Morogoro,1,5.2,Cashew,3175129.107709401,1,3254000.0,1
NMB-AGRI-02137,Dodoma,0,0.9,Coffee,640917.0637835499,1,3572000.0,1
NMB-AGRI-02138,Mwanza,0,9.0,Maize,13280189.70992003,0,4516000.0,0
NMB-AGRI-02139,Morogoro,0,10.0,Maize,12264655.537935313,0,1277000.0,1
NMB-AGRI-02140,Mbeya,0,2.2,Maize,3113099.2775182375,0,3100000.0,1
NMB-AGRI-02141,Mbeya,1,1.6,Cashew,1286178.3423819554,0,2280000.0,1
NMB-AGRI-02142,Dodoma,1,1.9,Rice,2359547.0341645256,0,2037000.0,0
NMB-AGRI-02143,Dodoma,0,6.8,Coffee,8255218.417959877,0,712000.0,0
NMB-AGRI-02144,Mwanza,0,6.8,Maize,5403891.90098775,1,844000.0,1
NMB-AGRI-02145,Mwanza,0,8.6,Cashew,9037020.398876065,0,4218000.0,0
NMB-AGRI-02146,Arusha,1,7.6,Rice,8568354.845654244,1,3799000.0,1
NMB-AGRI-02147,Mwanza,1,4.8,Coffee,4709432.691971832,0,2035000.0,0
NMB-AGRI-02148,Arusha,1,6.3,Coffee,8361225.851945479,0,4177000.0,1
NMB-AGRI-02149,Morogoro,1,7.0,Maize,9330083.292585926,0,588000.0,0
NMB-AGRI-02150,Dodoma,1,5.4,Maize,7293242.960828406,0,3199000.0,1
NMB-AGRI-02151,Morogoro,0,5.0,Rice,6517117.845490815,0,4367000.0,1
NMB-AGRI-02152,Mwanza,0,6.6,Cashew,6521350.949501154,0,4227000.0,1
NMB-AGRI-02153,Morogoro,1,5.8,Rice,5112342.129264241,0,1989000.0,0
NMB-AGRI-02154,Morogoro,1,6.6,Maize,8787083.472514845,1,3777000.0,0
NMB-AGRI-02155,Morogoro,0,6.3,Rice,6238269.188904481,0,2252000.0,1
NMB-AGRI-02156,Mwanza,1,7.3,Cashew,5448511.209984268,1,4233000.0,0
NMB-AGRI-02157,Morogoro,1,6.6,Coffee,6648467.313326627,0,2748000.0,0
NMB-AGRI-02158,Arusha,1,5.4,Coffee,3465989.038363908,0,3871000.0,0
NMB-AGRI-02159,Mwanza,1,7.0,Coffee,8341406.434191591,0,577000.0,1
NMB-AGRI-02160,Morogoro,1,4.8,Coffee,4012422.1517947502,1,3032000.0,1
NMB-AGRI-02161,Mwanza,1,2.8,Maize,2129844.6356528723,0,2841000.0,1
NMB-AGRI-02162,Mbeya,0,0.5,Maize,728254.3731173725,0,3128000.0,1
NMB-AGRI-02163,Arusha,0,5.8,Cashew,7405909.775398184,0,3539000.0,0
NMB-AGRI-02164,Morogoro,0,6.1,Cashew,7851123.966615982,0,4607000.0,0
NMB-AGRI-02165,Mbeya,0,9.7,Cashew,10900103.10200808,1,3971000.0,0
NMB-AGRI-02166,Mbeya,1,3.9,Cashew,5222773.960990159,0,1254000.0,1
NMB-AGRI-02167,Mwanza,1,4.2,Rice,5288482.420886201,0,4164000.0,0
NMB-AGRI-02168,Mbeya,0,2.4,Cashew,2637056.8899206794,1,786000.0,1
NMB-AGRI-02169,Arusha,1,1.2,Coffee,1753349.2822220607,0,3187000.0,0
NMB-AGRI-02170,Arusha,0,7.8,Coffee,5394440.6075385,0,4437000.0,1
NMB-AGRI-02171,Dodoma,0,2.9,Coffee,4185801.185084778,0,685000.0,0
NMB-AGRI-02172,Arusha,0,6.3,Rice,5679060.420592849,1,4279000.0,0
NMB-AGRI-02173,Mbeya,0,7.0,Cashew,7198792.883810407,1,4033000.0,0
NMB-AGRI-02174,Arusha,0,5.0,Coffee,3113696.5977215446,0,2618000.0,1
NMB-AGRI-02175,Mwanza,1,8.8,Coffee,9152945.462511761,1,1683000.0,1
NMB-AGRI-02176,Dodoma,1,4.7,Coffee,5222671.73373351,0,2146000.0,1
NMB-AGRI-02177,Mbeya,1,3.2,Coffee,4792644.933787278,0,4850000.0,1
NMB-AGRI-02178,Dodoma,0,9.0,Maize,13276731.699643739,0,1168000.0,0
NMB-AGRI-02179,Mbeya,0,8.7,Cashew,12757656.439306298,0,2982000.0,0
NMB-AGRI-02180,Mwanza,0,2.1,Cashew,1781614.9262143206,0,600000.0,1
NMB-AGRI-02181,Dodoma,1,0.7,Rice,1043886.5491215303,1,1246000.0,0
NMB-AGRI-02182,Morogoro,0,1.4,Maize,1337669.412233155,0,3864000.0,0
NMB-AGRI-02183,Mbeya,1,3.2,Rice,4325876.028038082,1,1652000.0,1
NMB-AGRI-02184,Morogoro,1,9.7,Coffee,6948303.699484028,0,4932000.0,1
NMB-AGRI-02185,Dodoma,1,5.8,Rice,5833832.442008293,0,2604000.0,0
NMB-AGRI-02186,Morogoro,1,4.0,Coffee,5864048.384510422,0,2679000.0,0
NMB-AGRI-02187,Morogoro,0,8.9,Coffee,12878579.432618504,0,374000.0,1
NMB-AGRI-02188,Dodoma,0,4.8,Cashew,5681927.413542849,1,4791000.0,1
NMB-AGRI-02189,Mwanza,0,3.5,Cashew,4542350.12893571,0,1036000.0,1
NMB-AGRI-02190,Morogoro,1,9.4,Cashew,6358410.948062574,1,2784000.0,0
NMB-AGRI-02191,Morogoro,0,8.6,Cashew,10506263.525563754,1,2099000.0,1
NMB-AGRI-02192,Mwanza,0,8.5,Cashew,9503431.870850664,0,2195000.0,1
NMB-AGRI-02193,Morogoro,1,5.4,Maize,3194379.3730567293,0,3288000.0,0
NMB-AGRI-02194,Morogoro,0,8.0,Cashew,4905272.05271741,0,3378000.0,0
NMB-AGRI-02195,Morogoro,1,2.2,Rice,1338575.9590527762,0,941000.0,0
NMB-AGRI-02196,Arusha,1,5.9,Coffee,7223705.915496032,0,2598000.0,1
NMB-AGRI-02197,Mwanza,0,9.8,Cashew,6288809.04082621,0,3994000.0,1
NMB-AGRI-02198,Morogoro,0,3.3,Maize,3193516.4946777523,0,2328000.0,0
NMB-AGRI-02199,Mwanza,0,8.0,Rice,6855854.447022062,1,996000.0,0
NMB-AGRI-02200,Mbeya,1,5.2,Rice,5462621.532005133,0,1703000.0,0
NMB-AGRI-02201,Mbeya,1,0.9,Coffee,1085828.8384974624,0,1219000.0,0
NMB-AGRI-02202,Morogoro,1,7.7,Rice,9122363.536604257,0,804000.0,0
NMB-AGRI-02203,Mwanza,1,2.1,Rice,2132591.823420191,1,2012000.0,1
NMB-AGRI-02204,Mwanza,1,6.5,Rice,6268176.678467506,0,2796000.0,1
NMB-AGRI-02205,Mwanza,0,1.3,Rice,1167160.2736589364,0,549000.0,1
NMB-AGRI-02206,Arusha,0,9.5,Maize,12938144.508891605,1,3098000.0,0
NMB-AGRI-02207,Mbeya,1,3.3,Coffee,2741810.9560797284,1,4967000.0,1
NMB-AGRI-02208,Mwanza,0,2.7,Cashew,2050287.7171522363,1,4828000.0,0
NMB-AGRI-02209,Mwanza,0,1.7,Rice,2113636.3392139613,0,4180000.0,1
NMB-AGRI-02210,Arusha,1,9.5,Maize,8167752.886118902,1,1478000.0,0
NMB-AGRI-02211,Arusha,1,7.3,Coffee,9833089.77822806,0,308000.0,1
NMB-AGRI-02212,Mwanza,1,7.5,Cashew,6209165.389778586,1,4201000.0,1
NMB-AGRI-02213,Dodoma,1,5.2,Coffee,6250113.087787859,0,467000.0,0
NMB-AGRI-02214,Mwanza,0,5.0,Maize,2725545.0314266803,1,1187000.0,1
NMB-AGRI-02215,Mwanza,1,1.5,Maize,1328344.32016548,1,2813000.0,1
NMB-AGRI-02216,Arusha,0,5.8,Maize,4890735.014811799,0,1056000.0,1
NMB-AGRI-02217,Arusha,0,2.8,Rice,3686700.4699725853,1,4202000.0,0
NMB-AGRI-02218,Mwanza,1,9.8,Maize,14377142.951637438,0,3930000.0,0
NMB-AGRI-02219,Mwanza,0,8.1,Cashew,7783138.341212987,0,3828000.0,0
NMB-AGRI-02220,Mwanza,1,4.4,Rice,5829279.619476536,0,4117000.0,0
NMB-AGRI-02221,Arusha,0,1.9,Coffee,2279419.9318189938,1,1255000.0,0
NMB-AGRI-02222,Mwanza,1,8.0,Cashew,11739087.901309546,0,3699000.0,1
NMB-AGRI-02223,Mwanza,0,1.7,Rice,2228884.474382802,0,1905000.0,1
NMB-AGRI-02224,Morogoro,1,2.3,Maize,1328199.5517165803,0,3401000.0,1
NMB-AGRI-02225,Dodoma,1,2.5,Coffee,3033204.3059555907,1,786000.0,0
NMB-AGRI-02226,Mbeya,0,5.8,Maize,6005898.349449767,1,3587000.0,0
NMB-AGRI-02227,Dodoma,0,8.0,Cashew,4131488.463458617,0,4866000.0,1
NMB-AGRI-02228,Morogoro,0,3.5,Cashew,2629595.3555390527,0,409000.0,1
NMB-AGRI-02229,Mbeya,0,1.3,Rice,1848281.818534961,0,650000.0,1
NMB-AGRI-02230,Mwanza,1,4.9,Cashew,6987700.726655089,0,793000.0,1
NMB-AGRI-02231,Morogoro,1,7.6,Coffee,9871263.49752482,0,2267000.0,0
NMB-AGRI-02232,Mwanza,0,2.6,Rice,3852626.9685227727,0,1596000.0,1
NMB-AGRI-02233,Arusha,0,2.6,Coffee,3397017.5840229327,1,4073000.0,0
NMB-AGRI-02234,Morogoro,0,9.5,Maize,4846939.779209829,0,2474000.0,1
NMB-AGRI-02235,Arusha,1,9.6,Coffee,7563209.666894513,0,2526000.0,0
NMB-AGRI-02236,Morogoro,0,9.9,Coffee,5253179.404153853,0,3642000.0,1
NMB-AGRI-02237,Morogoro,1,8.2,Cashew,4871685.343647987,0,1937000.0,1
NMB-AGRI-02238,Arusha,1,2.3,Maize,1653333.8789867847,0,1895000.0,0
NMB-AGRI-02239,Mbeya,0,2.5,Cashew,2508896.365813806,0,3833000.0,1
NMB-AGRI-02240,Dodoma,1,3.7,Maize,4985868.412809466,1,3944000.0,1
NMB-AGRI-02241,Mwanza,1,3.5,Maize,4766883.646549879,0,269000.0,1
NMB-AGRI-02242,Morogoro,1,9.6,Coffee,10715537.842150046,0,890000.0,0
NMB-AGRI-02243,Mwanza,0,8.0,Cashew,11425407.51252988,1,1223000.0,0
NMB-AGRI-02244,Arusha,0,7.4,Coffee,7400461.21676754,1,1888000.0,1
NMB-AGRI-02245,Mwanza,1,2.3,Coffee,3194782.901506364,1,1599000.0,0
NMB-AGRI-02246,Arusha,1,9.1,Coffee,8681993.83262131,1,3409000.0,1
NMB-AGRI-02247,Mwanza,1,8.4,Maize,6528690.062343812,1,4175000.0,1
NMB-AGRI-02248,Dodoma,1,2.1,Cashew,2974467.1280108984,0,1122000.0,1
NMB-AGRI-02249,Dodoma,1,8.8,Cashew,7813828.665974051,1,2902000.0,0
NMB-AGRI-02250,Dodoma,1,3.1,Coffee,3110552.737417831,0,1966000.0,1
NMB-AGRI-02251,Dodoma,0,1.3,Maize,1077518.8222898804,0,2628000.0,0
NMB-AGRI-02252,Dodoma,1,6.7,Cashew,7791011.921947889,0,3180000.0,1
NMB-AGRI-02253,Dodoma,1,6.7,Rice,10016709.207540438,0,4489000.0,0
NMB-AGRI-02254,Arusha,1,1.4,Cashew,735718.9684106774,0,1123000.0,0
NMB-AGRI-02255,Morogoro,1,3.5,Coffee,4899468.021024855,0,618000.0,1
NMB-AGRI-02256,Mwanza,0,9.9,Rice,4988867.964193728,0,3211000.0,0
NMB-AGRI-02257,Dodoma,1,6.9,Maize,5963172.379908857,1,2092000.0,1
NMB-AGRI-02258,Arusha,1,7.4,Rice,4947690.366542406,1,982000.0,1
NMB-AGRI-02259,Arusha,0,2.5,Rice,3143354.4516813783,0,762000.0,1
NMB-AGRI-02260,Arusha,1,1.2,Coffee,660733.0089086081,1,2883000.0,0
NMB-AGRI-02261,Morogoro,0,3.1,Cashew,3265803.3561114166,0,1642000.0,1
NMB-AGRI-02262,Mwanza,0,2.9,Maize,2305285.7881514067,1,4988000.0,1
NMB-AGRI-02263,Morogoro,0,2.7,Rice,1710909.671934696,0,2148000.0,0
NMB-AGRI-02264,Mbeya,1,2.3,Coffee,2925181.887836074,0,1219000.0,1
NMB-AGRI-02265,Arusha,1,6.0,Cashew,4304501.00553154,0,3218000.0,1
NMB-AGRI-02266,Mbeya,1,3.6,Rice,2605230.7633977802,0,1372000.0,0
NMB-AGRI-02267,Dodoma,1,8.3,Coffee,6433137.316644761,0,2572000.0,1
NMB-AGRI-02268,Dodoma,1,2.2,Coffee,2390886.880421661,0,2516000.0,1
NMB-AGRI-02269,Morogoro,0,4.9,Coffee,5682363.065284668,0,2377000.0,0
NMB-AGRI-02270,Mwanza,0,0.6,Maize,310561.51422080694,0,4021000.0,1
NMB-AGRI-02271,Mbeya,1,5.1,Cashew,3783535.1441803304,0,1240000.0,1
NMB-AGRI-02272,Mwanza,0,1.0,Rice,930970.8425052828,1,4541000.0,1
NMB-AGRI-02273,Morogoro,1,9.8,Cashew,8153374.131180085,0,3998000.0,0
NMB-AGRI-02274,Dodoma,1,8.0,Cashew,11073365.268087089,0,1799000.0,1
NMB-AGRI-02275,Mwanza,1,5.2,Rice,6696085.400609378,0,1067000.0,1
NMB-AGRI-02276,Mwanza,1,1.3,Cashew,1463657.2802004758,1,1542000.0,1
NMB-AGRI-02277,Dodoma,0,6.1,Maize,5112058.737581942,0,1797000.0,1
NMB-AGRI-02278,Mbeya,0,7.7,Rice,9245177.05531543,1,2873000.0,0
NMB-AGRI-02279,Dodoma,1,2.3,Rice,3090367.429545327,0,423000.0,1
NMB-AGRI-02280,Mwanza,0,5.9,Coffee,6459499.226418021,0,4589000.0,1
NMB-AGRI-02281,Mbeya,1,8.2,Cashew,10532584.028525708,0,674000.0,1
NMB-AGRI-02282,Mbeya,0,7.8,Rice,9743018.698918032,0,1541000.0,1
NMB-AGRI-02283,Dodoma,1,8.1,Rice,8681072.22039861,0,725000.0,1
NMB-AGRI-02284,Mwanza,1,8.9,Maize,7228430.629711448,0,1432000.0,1
NMB-AGRI-02285,Morogoro,1,9.4,Coffee,11710352.285211954,0,4221000.0,1
NMB-AGRI-02286,Mwanza,0,4.4,Rice,3109904.0119734686,1,3153000.0,0
NMB-AGRI-02287,Arusha,0,5.9,Maize,7548981.244182049,0,1291000.0,0
NMB-AGRI-02288,Morogoro,1,8.0,Rice,10436373.537140265,0,4384000.0,1
NMB-AGRI-02289,Mbeya,0,7.1,Rice,9387228.644949649,0,4043000.0,0
NMB-AGRI-02290,Morogoro,1,10.0,Rice,9729159.709784577,0,3818000.0,0
NMB-AGRI-02291,Mbeya,1,0.6,Maize,415488.460662253,0,4269000.0,1
NMB-AGRI-02292,Mbeya,1,3.9,Cashew,2338922.0402576677,1,3174000.0,1
NMB-AGRI-02293,Morogoro,1,3.2,Rice,3978756.001561357,1,2607000.0,0
NMB-AGRI-02294,Mbeya,0,3.0,Rice,4158784.1535894396,0,1995000.0,1
NMB-AGRI-02295,Mbeya,1,2.6,Cashew,2992179.732975957,1,1274000.0,0
NMB-AGRI-02296,Arusha,1,7.2,Rice,4637952.434796262,0,2876000.0,0
NMB-AGRI-02297,Mwanza,1,1.3,Coffee,1865365.3830728463,0,4470000.0,1
NMB-AGRI-02298,Mwanza,1,7.5,Rice,11168265.109044896,0,3051000.0,0
NMB-AGRI-02299,Arusha,1,7.1,Coffee,6626988.130537946,0,4614000.0,1
NMB-AGRI-02300,Morogoro,0,2.9,Cashew,3174993.3388939365,0,1913000.0,1
NMB-AGRI-02301,Dodoma,0,2.9,Maize,3703962.7080048076,0,3537000.0,1
NMB-AGRI-02302,Dodoma,1,6.5,Cashew,8036533.63532529,0,3314000.0,1
NMB-AGRI-02303,Dodoma,0,7.7,Rice,11301961.37788756,1,3418000.0,1
NMB-AGRI-02304,Arusha,1,8.8,Coffee,5410971.201493343,0,3296000.0,1
NMB-AGRI-02305,Arusha,1,8.6,Maize,9294233.848828128,1,1264000.0,0
NMB-AGRI-02306,Mbeya,0,9.7,Rice,11561734.770828994,0,889000.0,1
NMB-AGRI-02307,Dodoma,0,6.0,Maize,8340590.54512602,0,4897000.0,1
NMB-AGRI-02308,Morogoro,1,9.1,Maize,12504397.61223517,1,417000.0,1
NMB-AGRI-02309,Morogoro,0,8.2,Rice,12119598.307202578,0,2445000.0,1
NMB-AGRI-02310,Dodoma,1,9.0,Cashew,9108706.085439112,0,2240000.0,1
NMB-AGRI-02311,Dodoma,1,0.6,Rice,798456.520087936,0,1928000.0,0
NMB-AGRI-02312,Dodoma,1,9.7,Rice,8994632.568835078,0,3954000.0,1
NMB-AGRI-02313,Arusha,1,5.0,Cashew,4611569.389280161,0,3778000.0,0
NMB-AGRI-02314,Arusha,0,8.1,Coffee,6102121.752230158,0,4545000.0,1
NMB-AGRI-02315,Arusha,1,1.7,Rice,2241003.387932691,1,2098000.0,0
NMB-AGRI-02316,Mwanza,0,4.3,Maize,6389004.954998117,0,2908000.0,1
NMB-AGRI-02317,Morogoro,0,3.1,Rice,2344659.3578764996,0,4483000.0,1
NMB-AGRI-02318,Morogoro,1,3.3,Rice,1835234.2404695386,0,4970000.0,0
NMB-AGRI-02319,Mbeya,1,1.7,Maize,2236422.143612312,0,4853000.0,1
NMB-AGRI-02320,Arusha,0,8.2,Cashew,9185886.430785,0,3646000.0,0
NMB-AGRI-02321,Mwanza,1,0.6,Coffee,875819.2803306027,0,887000.0,0
NMB-AGRI-02322,Mwanza,1,3.5,Coffee,2632837.266769333,0,311000.0,0
NMB-AGRI-02323,Morogoro,0,2.2,Maize,1256260.8476028184,1,4161000.0,0
NMB-AGRI-02324,Arusha,0,6.1,Cashew,6053897.791285659,0,4237000.0,0
NMB-AGRI-02325,Mbeya,1,2.9,Rice,1697851.4665989277,1,3783000.0,1
NMB-AGRI-02326,Arusha,1,3.0,Rice,2285370.0033081225,0,1544000.0,1
NMB-AGRI-02327,Dodoma,1,5.1,Rice,3192487.090177758,0,3271000.0,0
NMB-AGRI-02328,Arusha,1,6.7,Rice,4851685.603722528,0,1718000.0,1
NMB-AGRI-02329,Dodoma,0,1.7,Rice,1030445.9097963661,1,2363000.0,1
NMB-AGRI-02330,Dodoma,1,2.2,Maize,3198593.1987400283,0,2036000.0,0
NMB-AGRI-02331,Mbeya,1,2.8,Rice,2179975.597659259,1,4585000.0,0
NMB-AGRI-02332,Morogoro,1,9.8,Rice,9250196.342727141,1,1324000.0,0
NMB-AGRI-02333,Arusha,0,4.3,Cashew,6014030.772827156,1,2973000.0,0
NMB-AGRI-02334,Dodoma,0,6.2,Rice,7299393.8453611415,0,1933000.0,1
NMB-AGRI-02335,Arusha,0,2.8,Coffee,3130504.9455729676,1,3383000.0,1
NMB-AGRI-02336,Morogoro,1,5.2,Maize,6268928.589876354,1,2910000.0,0
NMB-AGRI-02337,Morogoro,1,1.2,Maize,1594586.708526458,0,4635000.0,1
NMB-AGRI-02338,Mwanza,1,0.8,Maize,1102135.414281409,1,688000.0,0
NMB-AGRI-02339,Morogoro,0,5.0,Coffee,5713198.353325133,1,1259000.0,1
NMB-AGRI-02340,Mbeya,0,4.3,Rice,5977031.281184448,0,3878000.0,1
NMB-AGRI-02341,Dodoma,1,1.8,Maize,1863715.5493658583,0,1970000.0,0
NMB-AGRI-02342,Mwanza,1,7.0,Coffee,5441035.993878963,0,996000.0,1
NMB-AGRI-02343,Mbeya,1,9.9,Cashew,13662759.417950058,0,2616000.0,1
NMB-AGRI-02344,Arusha,0,4.3,Rice,4478333.157876275,0,3330000.0,1
NMB-AGRI-02345,Dodoma,1,6.4,Coffee,8999280.560430301,0,415000.0,1
NMB-AGRI-02346,Morogoro,0,9.6,Rice,5185611.013925579,0,1600000.0,1
NMB-AGRI-02347,Dodoma,0,8.4,Cashew,7539132.312946378,0,4085000.0,1
NMB-AGRI-02348,Arusha,1,4.9,Coffee,7094244.589976095,1,2697000.0,0
NMB-AGRI-02349,Mwanza,0,7.5,Rice,5622375.695687271,0,370000.0,0
NMB-AGRI-02350,Mwanza,0,1.7,Coffee,2450611.6182654374,1,1553000.0,1
NMB-AGRI-02351,Mwanza,1,5.4,Maize,7851073.290097951,0,3268000.0,1
NMB-AGRI-02352,Morogoro,1,3.2,Rice,4422855.405522755,1,1157000.0,0
NMB-AGRI-02353,Mbeya,1,2.0,Coffee,2127336.0901865973,1,4171000.0,0
NMB-AGRI-02354,Mbeya,1,4.5,Maize,5161227.520862874,0,3448000.0,1
NMB-AGRI-02355,Dodoma,0,1.7,Cashew,2328348.8973647775,0,2463000.0,1
NMB-AGRI-02356,Morogoro,0,7.1,Rice,9058869.284963207,0,4595000.0,1
NMB-AGRI-02357,Mwanza,1,4.8,Rice,5424450.477385975,1,2081000.0,1
NMB-AGRI-02358,Mwanza,1,5.5,Cashew,8152426.743288864,1,1328000.0,0
NMB-AGRI-02359,Arusha,1,1.9,Maize,2252785.609034019,0,3375000.0,0
NMB-AGRI-02360,Arusha,0,1.8,Cashew,2655867.58640597,0,2952000.0,0
NMB-AGRI-02361,Mwanza,1,6.0,Rice,3344330.847642544,0,1809000.0,0
NMB-AGRI-02362,Mwanza,0,9.9,Coffee,6325707.670347904,0,1850000.0,1
NMB-AGRI-02363,Morogoro,1,1.4,Maize,1332042.3844006867,1,2111000.0,0
NMB-AGRI-02364,Mbeya,1,3.2,Maize,2831614.2748298086,0,1597000.0,1
NMB-AGRI-02365,Arusha,1,8.8,Maize,11288066.603941845,1,3609000.0,1
NMB-AGRI-02366,Mbeya,1,1.2,Cashew,792736.8317630445,1,3327000.0,0
NMB-AGRI-02367,Morogoro,1,8.8,Cashew,12989637.5761811,1,2316000.0,1
NMB-AGRI-02368,Mwanza,1,5.5,Coffee,4482862.3139350265,0,2110000.0,1
NMB-AGRI-02369,Mbeya,1,4.4,Coffee,4087264.314056702,0,1952000.0,0
NMB-AGRI-02370,Mwanza,0,3.4,Maize,2634133.110296078,0,1561000.0,1
NMB-AGRI-02371,Mwanza,1,3.3,Coffee,3561899.9371776064,1,611000.0,0
NMB-AGRI-02372,Dodoma,0,3.4,Cashew,1899337.5814367854,0,1487000.0,1
NMB-AGRI-02373,Mbeya,1,8.9,Coffee,5782129.799576995,0,1742000.0,0
NMB-AGRI-02374,Mbeya,1,7.4,Cashew,9218903.00529856,1,2829000.0,1
NMB-AGRI-02375,Mwanza,1,6.9,Coffee,4736854.025493147,0,3914000.0,1
NMB-AGRI-02376,Morogoro,0,8.1,Rice,5957667.057608969,0,2099000.0,1
NMB-AGRI-02377,Dodoma,0,2.9,Cashew,3749648.4836020293,0,4735000.0,0
NMB-AGRI-02378,Mwanza,1,6.4,Rice,3797127.541486423,0,4171000.0,0
NMB-AGRI-02379,Arusha,1,4.9,Cashew,4593621.731577121,0,4927000.0,1
NMB-AGRI-02380,Arusha,1,7.9,Coffee,4132200.757278093,0,4406000.0,1
NMB-AGRI-02381,Dodoma,0,3.4,Rice,2879145.1576808733,1,3160000.0,1
NMB-AGRI-02382,Morogoro,1,6.6,Coffee,7913277.25723098,1,3073000.0,0
NMB-AGRI-02383,Mwanza,1,8.9,Cashew,5251919.189483332,0,822000.0,0
NMB-AGRI-02384,Mbeya,0,4.3,Rice,5969838.8951486675,1,3668000.0,1
NMB-AGRI-02385,Dodoma,0,1.1,Maize,1550448.9472347877,0,3081000.0,0
NMB-AGRI-02386,Morogoro,1,5.4,Coffee,3266948.0256757294,0,2633000.0,0
NMB-AGRI-02387,Mbeya,1,3.8,Cashew,5664783.258227952,1,3528000.0,1
NMB-AGRI-02388,Arusha,1,6.9,Rice,5502953.918428875,0,2331000.0,1
NMB-AGRI-02389,Arusha,1,9.5,Coffee,5548965.875750258,0,2715000.0,0
NMB-AGRI-02390,Mbeya,1,5.1,Rice,2575842.2839360377,0,2112000.0,0
NMB-AGRI-02391,Dodoma,1,4.9,Coffee,4451762.189242927,0,3643000.0,1
NMB-AGRI-02392,Arusha,0,6.7,Coffee,7569726.904230989,0,4408000.0,1
NMB-AGRI-02393,Mwanza,0,1.5,Coffee,1248268.87485497,1,4236000.0,1
NMB-AGRI-02394,Mbeya,1,2.9,Rice,3876480.359876406,0,3973000.0,1
NMB-AGRI-02395,Mbeya,1,9.2,Rice,11192777.73519846,1,266000.0,0
NMB-AGRI-02396,Arusha,1,6.9,Coffee,5866114.570579426,0,4577000.0,1
NMB-AGRI-02397,Dodoma,1,0.6,Maize,740585.7999651628,0,1519000.0,1
NMB-AGRI-02398,Mwanza,0,2.4,Maize,3457170.568726199,0,4462000.0,1
NMB-AGRI-02399,Dodoma,1,7.0,Maize,4151671.9898011195,0,1145000.0,0
NMB-AGRI-02400,Morogoro,0,7.8,Cashew,6287610.889229411,1,2310000.0,1
NMB-AGRI-02401,Morogoro,1,8.5,Maize,8188270.482491894,0,3797000.0,1
NMB-AGRI-02402,Arusha,1,3.3,Rice,3293367.421590736,0,3273000.0,0
NMB-AGRI-02403,Arusha,1,9.3,Maize,9692419.497440485,0,2196000.0,0
NMB-AGRI-02404,Arusha,1,5.8,Rice,4643636.057924162,0,3457000.0,0
NMB-AGRI-02405,Morogoro,0,7.1,Cashew,8287543.486474678,0,2835000.0,1
NMB-AGRI-02406,Dodoma,1,6.2,Rice,7099523.921884944,0,1524000.0,0
NMB-AGRI-02407,Dodoma,0,1.7,Rice,1832296.5606617434,0,3302000.0,0
NMB-AGRI-02408,Arusha,1,9.6,Rice,5892112.528424415,0,1180000.0,0
NMB-AGRI-02409,Mwanza,1,1.7,Maize,1660845.4148631056,1,3531000.0,1
NMB-AGRI-02410,Dodoma,1,2.9,Coffee,2483057.9737191894,0,215000.0,1
NMB-AGRI-02411,Morogoro,1,8.2,Rice,8126515.4526726045,1,2834000.0,0
NMB-AGRI-02412,Mbeya,0,6.4,Maize,9099945.187296167,0,2125000.0,0
NMB-AGRI-02413,Mbeya,1,8.5,Maize,8334516.416846471,0,1655000.0,0
NMB-AGRI-02414,Mbeya,0,5.4,Maize,2775496.275933364,0,2675000.0,0
NMB-AGRI-02415,Mwanza,1,4.1,Coffee,3849230.6261449363,0,3297000.0,1
NMB-AGRI-02416,Arusha,0,9.3,Coffee,12282028.074459255,0,4833000.0,1
NMB-AGRI-02417,Morogoro,0,0.8,Coffee,1024048.7385745347,0,4199000.0,0
NMB-AGRI-02418,Mwanza,1,8.6,Coffee,8715154.632342357,0,3642000.0,0
NMB-AGRI-02419,Morogoro,1,2.7,Cashew,2024376.3347201513,1,2499000.0,0
NMB-AGRI-02420,Morogoro,0,8.6,Coffee,8299762.501065087,1,2082000.0,0
NMB-AGRI-02421,Arusha,0,1.8,Coffee,1914663.9949527453,1,356000.0,1
NMB-AGRI-02422,Mbeya,1,6.0,Coffee,8999228.629644804,0,1924000.0,1
NMB-AGRI-02423,Arusha,0,8.9,Rice,10183185.002507458,0,4272000.0,0
NMB-AGRI-02424,Mwanza,0,5.0,Rice,5971324.650313067,0,2043000.0,1
NMB-AGRI-02425,Mwanza,1,7.6,Coffee,7535051.491117194,0,2416000.0,0
NMB-AGRI-02426,Mwanza,0,8.1,Cashew,6921365.361338492,0,1505000.0,0
NMB-AGRI-02427,Arusha,1,7.5,Rice,9847147.377354044,0,1516000.0,1
NMB-AGRI-02428,Morogoro,1,9.3,Maize,9252870.616354898,0,497000.0,0
NMB-AGRI-02429,Morogoro,1,4.7,Rice,7025043.610833269,1,3146000.0,1
NMB-AGRI-02430,Dodoma,1,2.1,Maize,2009953.2059628926,1,2351000.0,0
NMB-AGRI-02431,Mwanza,1,1.0,Rice,568000.2836475774,0,3109000.0,1
NMB-AGRI-02432,Morogoro,0,2.8,Coffee,3311218.7838522317,0,2825000.0,0
NMB-AGRI-02433,Dodoma,0,1.9,Rice,1038618.756759041,1,4034000.0,0
NMB-AGRI-02434,Morogoro,1,5.8,Coffee,4352909.261931279,0,3805000.0,1
NMB-AGRI-02435,Mwanza,0,2.3,Coffee,1963597.9813937775,0,3903000.0,0
NMB-AGRI-02436,Mbeya,1,0.9,Rice,1115535.2270591948,0,2596000.0,0
NMB-AGRI-02437,Mwanza,1,0.8,Maize,795388.7411260903,0,1899000.0,0
NMB-AGRI-02438,Arusha,0,8.4,Maize,4440625.823006156,0,4680000.0,0
NMB-AGRI-02439,Morogoro,1,6.1,Rice,6812784.092783125,1,460000.0,1
NMB-AGRI-02440,Morogoro,1,3.9,Coffee,3554601.3259639833,0,933000.0,1
NMB-AGRI-02441,Arusha,1,9.0,Maize,12796510.589703964,0,2214000.0,1
NMB-AGRI-02442,Arusha,1,1.2,Cashew,1199474.7733682825,0,3147000.0,0
NMB-AGRI-02443,Mbeya,1,9.8,Coffee,11847956.430205522,1,239000.0,0
NMB-AGRI-02444,Morogoro,1,6.4,Rice,4600758.3509091,0,3653000.0,1
NMB-AGRI-02445,Morogoro,1,2.2,Coffee,2774141.841969637,0,2882000.0,1
NMB-AGRI-02446,Mbeya,1,7.0,Cashew,8546687.173385706,0,2527000.0,1
NMB-AGRI-02447,Dodoma,0,7.8,Cashew,10951837.326622203,0,2233000.0,0
NMB-AGRI-02448,Mbeya,0,4.6,Maize,2455579.5519083166,0,2694000.0,1
NMB-AGRI-02449,Mwanza,1,8.7,Cashew,8243256.069271824,0,977000.0,0
NMB-AGRI-02450,Morogoro,0,1.9,Coffee,2240395.265205297,1,722000.0,1
NMB-AGRI-02451,Arusha,0,3.1,Maize,1845008.0902486667,1,1590000.0,0
NMB-AGRI-02452,Mwanza,1,1.4,Cashew,1274845.6940084773,0,3606000.0,1
NMB-AGRI-02453,Morogoro,0,2.5,Maize,3605366.507665488,0,3024000.0,1
NMB-AGRI-02454,Mbeya,1,2.8,Maize,2620616.574495159,0,2505000.0,1
NMB-AGRI-02455,Mwanza,1,9.2,Rice,13665724.008021807,1,2943000.0,1
NMB-AGRI-02456,Morogoro,1,1.2,Maize,668206.8732957834,0,2884000.0,1
NMB-AGRI-02457,Dodoma,1,4.6,Maize,5602016.970248099,1,1674000.0,1
NMB-AGRI-02458,Dodoma,0,5.6,Cashew,6053690.922990308,0,668000.0,1
NMB-AGRI-02459,Arusha,1,9.0,Coffee,9004857.09418913,1,4505000.0,1
NMB-AGRI-02460,Morogoro,1,10.0,Coffee,14708474.014850093,1,3080000.0,0
NMB-AGRI-02461,Dodoma,1,7.7,Cashew,4848308.083781691,1,3549000.0,1
NMB-AGRI-02462,Mbeya,1,9.7,Coffee,13541189.831304858,0,2427000.0,0
NMB-AGRI-02463,Morogoro,0,8.0,Maize,9529923.289092883,0,3831000.0,0
NMB-AGRI-02464,Mbeya,1,9.7,Rice,7362261.911006436,0,3006000.0,1
NMB-AGRI-02465,Mbeya,0,7.2,Maize,10092017.848552514,0,458000.0,1
NMB-AGRI-02466,Dodoma,1,1.3,Maize,1208083.3932193173,0,4472000.0,1
NMB-AGRI-02467,Morogoro,1,4.3,Rice,5651177.510714204,0,1667000.0,1
NMB-AGRI-02468,Mwanza,0,6.6,Cashew,5866321.012512839,0,862000.0,0
NMB-AGRI-02469,Dodoma,0,3.8,Maize,5133537.144246316,0,623000.0,1
NMB-AGRI-02470,Dodoma,0,3.1,Maize,3523550.2671796507,0,3658000.0,1
NMB-AGRI-02471,Morogoro,1,6.0,Cashew,3846279.801502363,0,3579000.0,1
NMB-AGRI-02472,Morogoro,1,9.4,Maize,10806833.73661356,0,3561000.0,0
NMB-AGRI-02473,Mbeya,0,0.8,Maize,553075.8101614981,0,4596000.0,0
NMB-AGRI-02474,Morogoro,1,7.8,Coffee,7112996.497574469,1,1875000.0,0
NMB-AGRI-02475,Mbeya,0,7.4,Cashew,4960187.32346505,0,2893000.0,0
NMB-AGRI-02476,Dodoma,1,9.7,Maize,5063556.3219710495,0,3174000.0,1
NMB-AGRI-02477,Arusha,0,9.3,Maize,6620544.816884604,0,4902000.0,1
NMB-AGRI-02478,Mwanza,1,7.7,Rice,7980064.582675768,0,1699000.0,1
NMB-AGRI-02479,Dodoma,1,5.4,Rice,5300429.225997669,0,4790000.0,1
NMB-AGRI-02480,Morogoro,1,2.4,Rice,2403593.0292865527,1,914000.0,0
NMB-AGRI-02481,Mwanza,1,5.7,Maize,4261815.207145628,0,3867000.0,1
NMB-AGRI-02482,Arusha,1,7.8,Maize,9244257.36479065,0,3238000.0,1
NMB-AGRI-02483,Arusha,1,9.0,Rice,10838369.581383113,0,4121000.0,1
NMB-AGRI-02484,Mbeya,1,8.0,Coffee,6863742.6044773245,0,338000.0,0
NMB-AGRI-02485,Mwanza,1,2.4,Coffee,3314808.2123380187,1,575000.0,0
NMB-AGRI-02486,Mbeya,1,6.2,Coffee,7092943.943140397,0,535000.0,1
NMB-AGRI-02487,Dodoma,0,3.7,Coffee,4488245.3184569385,1,3046000.0,1
NMB-AGRI-02488,Mwanza,1,0.6,Cashew,466403.9507633636,0,3094000.0,1
NMB-AGRI-02489,Dodoma,0,2.4,Rice,1201467.9243734088,1,4549000.0,0
NMB-AGRI-02490,Mbeya,1,1.6,Maize,2184600.9793633753,0,2444000.0,0
NMB-AGRI-02491,Mwanza,1,8.5,Rice,11240607.268928371,0,527000.0,1
NMB-AGRI-02492,Mbeya,1,3.0,Coffee,1869575.6641284905,1,1206000.0,1
NMB-AGRI-02493,Mwanza,0,3.2,Maize,2797136.431860181,0,239000.0,1
NMB-AGRI-02494,Mbeya,0,9.6,Cashew,11148857.360530391,0,3928000.0,1
NMB-AGRI-02495,Arusha,1,4.1,Rice,4723654.514596785,0,4115000.0,0
NMB-AGRI-02496,Mbeya,1,0.6,Maize,816210.2008851338,0,4990000.0,1
NMB-AGRI-02497,Arusha,0,3.2,Maize,2048858.1172333714,0,2179000.0,0
NMB-AGRI-02498,Mbeya,1,1.6,Coffee,1487903.59645619,0,293000.0,1
NMB-AGRI-02499,Mwanza,1,1.5,Coffee,895836.6268896372,0,1327000.0,0
NMB-AGRI-02500,Mwanza,1,1.2,Rice,1067514.2981263536,0,3021000.0,1
NMB-AGRI-02501,Mwanza,0,6.1,Cashew,3142155.4180849963,0,4817000.0,1
NMB-AGRI-02502,Morogoro,1,2.3,Maize,3216028.049753292,0,697000.0,0
NMB-AGRI-02503,Dodoma,0,3.9,Coffee,4005471.587631856,1,784000.0,0
NMB-AGRI-02504,Mwanza,1,8.7,Rice,11743279.668980477,0,3568000.0,0
NMB-AGRI-02505,Arusha,0,4.5,Coffee,2519571.1545151365,1,3403000.0,0
NMB-AGRI-02506,Mwanza,0,9.2,Rice,6692614.616350869,0,1402000.0,0
NMB-AGRI-02507,Morogoro,0,5.2,Coffee,3948775.975150139,0,4103000.0,1
NMB-AGRI-02508,Arusha,0,4.3,Cashew,3812773.4269467886,0,818000.0,0
NMB-AGRI-02509,Morogoro,1,7.6,Maize,9901784.43022135,0,4644000.0,0
NMB-AGRI-02510,Arusha,0,1.2,Coffee,1063869.4484777912,0,1165000.0,1
NMB-AGRI-02511,Mbeya,0,1.4,Maize,986514.9415048577,0,590000.0,1
NMB-AGRI-02512,Dodoma,1,6.7,Rice,3785434.744269748,0,1830000.0,0
NMB-AGRI-02513,Dodoma,0,5.1,Cashew,2955407.916598706,1,1102000.0,0
NMB-AGRI-02514,Morogoro,0,8.0,Maize,10080377.647687819,1,2729000.0,1
NMB-AGRI-02515,Dodoma,1,9.2,Coffee,8692187.517537024,0,3497000.0,0
NMB-AGRI-02516,Morogoro,1,4.2,Maize,5149960.712400065,0,2556000.0,0
NMB-AGRI-02517,Morogoro,1,6.2,Maize,7330180.154934925,0,3371000.0,1
NMB-AGRI-02518,Morogoro,1,5.3,Rice,3367421.047329366,0,1952000.0,0
NMB-AGRI-02519,Dodoma,1,9.8,Cashew,6300301.755084219,0,334000.0,1
NMB-AGRI-02520,Morogoro,0,8.4,Cashew,10544872.929646725,0,4876000.0,1
NMB-AGRI-02521,Dodoma,1,9.2,Maize,11235668.300065838,1,4133000.0,0
NMB-AGRI-02522,Morogoro,1,2.9,Maize,2546289.2239355,0,552000.0,0
NMB-AGRI-02523,Mwanza,1,7.8,Rice,4503893.653996152,0,2356000.0,1
NMB-AGRI-02524,Morogoro,1,3.0,Maize,1536294.0650953567,1,3248000.0,0
NMB-AGRI-02525,Arusha,0,2.5,Rice,1970392.3736543623,0,1115000.0,1
NMB-AGRI-02526,Morogoro,1,9.5,Cashew,4837611.599078656,0,2974000.0,0
NMB-AGRI-02527,Mbeya,1,0.7,Cashew,511050.83477259235,1,2762000.0,0
NMB-AGRI-02528,Morogoro,1,9.7,Rice,8919157.180049982,0,1200000.0,0
NMB-AGRI-02529,Arusha,0,1.9,Maize,1180689.9540927128,0,878000.0,0
NMB-AGRI-02530,Arusha,0,8.3,Cashew,5015505.390001834,0,3843000.0,0
NMB-AGRI-02531,Dodoma,0,3.1,Coffee,4328956.050728084,0,1748000.0,1
NMB-AGRI-02532,Mwanza,1,3.8,Rice,4124786.110286979,1,1371000.0,1
NMB-AGRI-02533,Morogoro,0,2.6,Cashew,3729584.7855832316,0,3742000.0,1
NMB-AGRI-02534,Dodoma,0,6.1,Cashew,5159539.599092643,0,3733000.0,0
NMB-AGRI-02535,Mwanza,1,3.8,Cashew,4473150.76185082,0,1527000.0,1
NMB-AGRI-02536,Morogoro,0,6.7,Coffee,4721434.219965996,1,4388000.0,1
NMB-AGRI-02537,Mbeya,1,0.6,Coffee,671004.1903679647,0,3504000.0,0
NMB-AGRI-02538,Morogoro,0,1.1,Coffee,692544.3030109829,0,1860000.0,0
NMB-AGRI-02539,Arusha,1,1.4,Maize,702912.8948468,1,2252000.0,0
NMB-AGRI-02540,Arusha,1,4.5,Rice,6441893.106343105,1,3688000.0,1
NMB-AGRI-02541,Mbeya,1,8.2,Maize,8650133.884636717,0,1216000.0,1
NMB-AGRI-02542,Dodoma,1,8.9,Coffee,12699771.898760151,0,2450000.0,1
NMB-AGRI-02543,Mwanza,0,2.8,Rice,2334728.2663658014,0,3337000.0,1
NMB-AGRI-02544,Morogoro,0,6.0,Maize,4966716.41497054,0,2790000.0,1
NMB-AGRI-02545,Arusha,0,7.8,Maize,7025109.013829647,0,3120000.0,1
NMB-AGRI-02546,Dodoma,1,3.2,Maize,3859331.148666139,0,2822000.0,1
NMB-AGRI-02547,Mbeya,1,4.4,Coffee,4689557.990419167,0,1156000.0,0
NMB-AGRI-02548,Arusha,1,5.5,Cashew,7839451.989045149,0,2169000.0,1
NMB-AGRI-02549,Mbeya,1,1.8,Rice,945793.622038391,1,2754000.0,1
NMB-AGRI-02550,Morogoro,0,0.7,Coffee,845737.1565807754,0,3944000.0,0
NMB-AGRI-02551,Mwanza,1,2.0,Rice,1660655.3787331088,0,3339000.0,0
NMB-AGRI-02552,Arusha,1,6.5,Coffee,4421518.736819998,1,2248000.0,0
NMB-AGRI-02553,Arusha,0,1.2,Maize,1212474.7470241187,0,4877000.0,1
NMB-AGRI-02554,Morogoro,1,2.3,Maize,2311646.7036139905,0,717000.0,0
NMB-AGRI-02555,Dodoma,0,3.7,Cashew,2356940.8061471856,0,1193000.0,0
NMB-AGRI-02556,Mwanza,1,1.2,Cashew,842275.2673594678,0,1838000.0,0
NMB-AGRI-02557,Arusha,1,2.3,Rice,2088778.7292735758,0,1297000.0,1
NMB-AGRI-02558,Mwanza,0,9.2,Cashew,8361064.9940093,0,3202000.0,1
NMB-AGRI-02559,Arusha,1,0.7,Cashew,572290.6977337793,0,390000.0,0
NMB-AGRI-02560,Mwanza,0,6.7,Rice,4345252.515116872,0,1052000.0,1
NMB-AGRI-02561,Mbeya,1,4.2,Coffee,2118369.452224114,0,1608000.0,0
NMB-AGRI-02562,Arusha,1,6.9,Cashew,10144621.930753343,0,3480000.0,0
NMB-AGRI-02563,Mwanza,0,6.1,Coffee,8805345.301193954,0,4404000.0,0
NMB-AGRI-02564,Dodoma,1,2.6,Maize,2557490.9858579515,0,4033000.0,0
NMB-AGRI-02565,Mbeya,1,8.5,Cashew,12707939.902837548,1,1074000.0,0
NMB-AGRI-02566,Mbeya,0,5.2,Maize,6103002.520067666,0,2914000.0,1
NMB-AGRI-02567,Dodoma,0,8.3,Maize,4721517.562142596,0,344000.0,1
NMB-AGRI-02568,Mwanza,1,4.4,Coffee,2717960.075963561,0,1691000.0,0
NMB-AGRI-02569,Morogoro,1,9.9,Rice,14019497.354309414,0,4069000.0,0
NMB-AGRI-02570,Dodoma,0,7.8,Cashew,8814407.176767102,1,2392000.0,1
NMB-AGRI-02571,Mwanza,0,9.7,Coffee,13028881.178576306,1,920000.0,0
NMB-AGRI-02572,Dodoma,0,5.4,Rice,7550656.108022761,0,2305000.0,1
NMB-AGRI-02573,Dodoma,1,5.0,Maize,4739710.05641193,1,1151000.0,1
NMB-AGRI-02574,Arusha,0,7.7,Cashew,4223649.827140536,0,2087000.0,1
NMB-AGRI-02575,Mwanza,0,8.9,Maize,6125695.105186167,1,2542000.0,0
NMB-AGRI-02576,Morogoro,1,9.7,Maize,5495747.88883362,0,1878000.0,1
NMB-AGRI-02577,Arusha,1,3.6,Cashew,2479463.444514626,0,4697000.0,0
NMB-AGRI-02578,Dodoma,0,8.1,Rice,7375316.704292602,1,2900000.0,1
NMB-AGRI-02579,Dodoma,1,2.5,Rice,1545492.0262874637,0,4246000.0,0
NMB-AGRI-02580,Dodoma,1,5.7,Cashew,3800379.5124904565,1,3851000.0,0
NMB-AGRI-02581,Mwanza,0,2.2,Cashew,2080807.9205576943,0,3374000.0,1
NMB-AGRI-02582,Mwanza,0,3.8,Coffee,3192649.6114762602,0,2585000.0,1
NMB-AGRI-02583,Arusha,1,9.3,Coffee,8999220.554948783,0,210000.0,0
NMB-AGRI-02584,Morogoro,0,1.9,Maize,1765426.852742218,0,3145000.0,0
NMB-AGRI-02585,Arusha,1,6.5,Cashew,7439107.168869243,0,1909000.0,1
NMB-AGRI-02586,Mbeya,1,6.1,Rice,8766856.248142712,0,765000.0,1
NMB-AGRI-02587,Dodoma,0,1.6,Maize,972582.941510788,0,2334000.0,1
NMB-AGRI-02588,Dodoma,0,3.6,Maize,2157336.5375131015,1,3731000.0,1
NMB-AGRI-02589,Dodoma,1,5.8,Maize,7846275.4443272315,0,4816000.0,1
NMB-AGRI-02590,Arusha,1,2.3,Maize,2314712.420700656,1,1996000.0,0
NMB-AGRI-02591,Arusha,1,8.1,Rice,10257880.69090438,0,2805000.0,1
NMB-AGRI-02592,Dodoma,1,9.7,Maize,6939592.464990629,0,4286000.0,1
NMB-AGRI-02593,Arusha,0,2.5,Cashew,3322156.432918879,0,1803000.0,0
NMB-AGRI-02594,Mwanza,1,2.3,Coffee,3274847.2356432006,1,883000.0,1
NMB-AGRI-02595,Mwanza,1,4.8,Rice,5450318.474623143,0,1553000.0,0
NMB-AGRI-02596,Arusha,1,7.6,Cashew,4604680.563200898,0,4516000.0,0
NMB-AGRI-02597,Dodoma,0,3.2,Cashew,4464943.405300285,1,965000.0,1
NMB-AGRI-02598,Arusha,0,0.7,Cashew,904741.4091590499,0,1780000.0,1
NMB-AGRI-02599,Arusha,1,5.6,Coffee,7004915.548481142,1,2430000.0,1
NMB-AGRI-02600,Arusha,1,9.6,Coffee,5152590.61349679,0,4266000.0,1
NMB-AGRI-02601,Mbeya,0,4.2,Coffee,5455642.60607928,0,4701000.0,1
NMB-AGRI-02602,Mwanza,0,4.5,Cashew,2870779.5471076067,0,2244000.0,0
NMB-AGRI-02603,Morogoro,1,9.7,Coffee,7007145.909109816,0,4673000.0,1
NMB-AGRI-02604,Morogoro,1,7.1,Maize,7647657.327571729,1,975000.0,0
NMB-AGRI-02605,Mbeya,0,7.3,Coffee,5584359.6422932455,1,953000.0,1
NMB-AGRI-02606,Arusha,0,5.8,Rice,6735819.596609134,0,4756000.0,0
NMB-AGRI-02607,Mbeya,0,9.8,Cashew,10859090.387451,1,2646000.0,0
NMB-AGRI-02608,Mbeya,1,7.0,Cashew,4257047.186092839,0,1092000.0,0
NMB-AGRI-02609,Dodoma,1,9.0,Maize,10404131.216323555,0,2542000.0,1
NMB-AGRI-02610,Mwanza,1,7.1,Coffee,10110079.859757004,0,3959000.0,1
NMB-AGRI-02611,Morogoro,1,7.5,Coffee,4958324.288893748,0,4169000.0,0
NMB-AGRI-02612,Arusha,0,3.3,Rice,3620304.669111528,0,4347000.0,0
NMB-AGRI-02613,Morogoro,1,3.4,Maize,2862342.2645847597,0,2934000.0,0
NMB-AGRI-02614,Morogoro,1,7.9,Rice,7580932.207011471,0,4361000.0,1
NMB-AGRI-02615,Mwanza,0,3.3,Rice,2597100.5909606004,1,2648000.0,0
NMB-AGRI-02616,Morogoro,0,5.8,Cashew,4953957.6908166325,1,3114000.0,0
NMB-AGRI-02617,Morogoro,1,2.9,Cashew,1533844.2874730162,0,3842000.0,0
NMB-AGRI-02618,Mbeya,1,8.3,Coffee,12296879.424712934,0,2242000.0,1
NMB-AGRI-02619,Mwanza,0,1.5,Coffee,1687199.8831091223,0,553000.0,0
NMB-AGRI-02620,Dodoma,1,8.4,Rice,8405926.960148636,1,1881000.0,0
NMB-AGRI-02621,Arusha,1,6.2,Coffee,5479035.166902025,0,3195000.0,0
NMB-AGRI-02622,Morogoro,0,2.3,Rice,2390561.4852952636,0,1123000.0,0
NMB-AGRI-02623,Arusha,0,5.6,Coffee,4928593.592808502,1,912000.0,1
NMB-AGRI-02624,Dodoma,0,3.2,Coffee,2751705.3679797547,0,1607000.0,0
NMB-AGRI-02625,Arusha,1,3.6,Cashew,3470207.5501992474,0,354000.0,1
NMB-AGRI-02626,Dodoma,0,3.8,Cashew,2948735.527950525,0,3768000.0,0
NMB-AGRI-02627,Mbeya,0,1.1,Cashew,748054.8899634641,0,1442000.0,1
NMB-AGRI-02628,Morogoro,1,9.9,Cashew,10460398.391984904,1,796000.0,1
NMB-AGRI-02629,Dodoma,1,0.8,Maize,1074212.348920241,0,3556000.0,0
NMB-AGRI-02630,Arusha,0,6.8,Cashew,4439231.608536067,0,4246000.0,1
NMB-AGRI-02631,Morogoro,1,4.0,Maize,2130937.3624168746,0,295000.0,0
NMB-AGRI-02632,Mbeya,1,6.6,Cashew,4928957.518016639,0,1321000.0,1
NMB-AGRI-02633,Morogoro,1,3.9,Coffee,5770910.509469862,0,4737000.0,1
NMB-AGRI-02634,Dodoma,1,6.9,Rice,9168430.708829042,0,2049000.0,0
NMB-AGRI-02635,Mbeya,0,7.4,Coffee,8109408.796111615,0,4705000.0,1
NMB-AGRI-02636,Arusha,1,7.1,Coffee,10147667.298226263,0,1516000.0,0
NMB-AGRI-02637,Mbeya,1,1.6,Maize,1512446.5869395917,0,1247000.0,1
NMB-AGRI-02638,Mbeya,1,6.7,Cashew,9937980.037253667,0,1228000.0,1
NMB-AGRI-02639,Mwanza,1,3.2,Rice,2548166.544381709,1,609000.0,1
NMB-AGRI-02640,Mbeya,1,0.8,Rice,592244.5996127513,0,4503000.0,0
NMB-AGRI-02641,Mbeya,0,4.4,Cashew,5007412.085046849,1,4903000.0,1
NMB-AGRI-02642,Morogoro,1,4.6,Maize,4039508.2525716573,0,4782000.0,1
NMB-AGRI-02643,Arusha,1,4.9,Maize,5519191.155683663,1,4290000.0,0
NMB-AGRI-02644,Morogoro,1,7.2,Maize,5795967.731779338,0,4265000.0,1
NMB-AGRI-02645,Morogoro,0,3.4,Rice,3800922.0732491696,0,3373000.0,1
NMB-AGRI-02646,Dodoma,1,3.5,Maize,2715111.9120476274,0,4166000.0,1
NMB-AGRI-02647,Morogoro,1,1.1,Maize,606069.2757007789,0,1200000.0,1
NMB-AGRI-02648,Mwanza,0,7.0,Rice,9884951.313462283,1,2062000.0,1
NMB-AGRI-02649,Mwanza,1,5.9,Rice,8160910.691053428,0,3276000.0,1
NMB-AGRI-02650,Dodoma,1,3.8,Coffee,5589032.967236153,0,4399000.0,1
NMB-AGRI-02651,Arusha,1,7.2,Rice,8758995.668794114,1,3370000.0,1
NMB-AGRI-02652,Arusha,1,5.6,Cashew,6623238.595317697,0,4227000.0,1
NMB-AGRI-02653,Morogoro,1,5.0,Rice,5295015.350374153,0,2475000.0,0
NMB-AGRI-02654,Morogoro,0,5.4,Rice,3380089.0483036228,0,3643000.0,0
NMB-AGRI-02655,Morogoro,1,6.5,Maize,4480029.521170255,0,4904000.0,1
NMB-AGRI-02656,Arusha,1,6.8,Coffee,5368393.882973245,1,937000.0,0
NMB-AGRI-02657,Mbeya,1,3.2,Maize,4448500.360234862,0,4649000.0,0
NMB-AGRI-02658,Mwanza,1,1.8,Coffee,1211345.1442855352,0,2707000.0,0
NMB-AGRI-02659,Mbeya,1,2.0,Maize,2845746.3489757814,0,3287000.0,1
NMB-AGRI-02660,Mbeya,0,6.6,Cashew,6750385.838139353,0,4414000.0,0
NMB-AGRI-02661,Arusha,1,8.8,Maize,10697012.792163035,0,2166000.0,1
NMB-AGRI-02662,Mbeya,0,4.4,Maize,2685075.7413944933,0,2210000.0,0
NMB-AGRI-02663,Dodoma,0,2.1,Cashew,1614970.4524294129,0,2730000.0,1
NMB-AGRI-02664,Morogoro,0,7.7,Cashew,11230593.282996982,1,292000.0,1
NMB-AGRI-02665,Dodoma,1,8.4,Rice,6435659.554209744,0,2584000.0,1
NMB-AGRI-02666,Mwanza,0,8.9,Maize,7089043.311481201,0,1597000.0,0
NMB-AGRI-02667,Morogoro,0,6.3,Cashew,4394863.524498801,0,4654000.0,1
NMB-AGRI-02668,Mbeya,0,8.7,Cashew,5472940.888169416,1,621000.0,1
NMB-AGRI-02669,Mwanza,0,0.6,Rice,439954.58487239876,0,2405000.0,1
NMB-AGRI-02670,Morogoro,1,1.5,Coffee,1713490.3379261973,1,4748000.0,0
NMB-AGRI-02671,Mbeya,1,1.4,Cashew,1337514.8269049888,1,4525000.0,0
NMB-AGRI-02672,Dodoma,0,7.3,Cashew,7692417.6052666595,1,3566000.0,0
NMB-AGRI-02673,Morogoro,1,1.2,Maize,746837.7945192292,0,3029000.0,0
NMB-AGRI-02674,Mbeya,1,5.2,Rice,6771005.525247081,0,1548000.0,1
NMB-AGRI-02675,Dodoma,1,5.0,Maize,6420473.502899241,0,1961000.0,1
NMB-AGRI-02676,Mwanza,0,3.5,Coffee,1825564.688999364,1,633000.0,1
NMB-AGRI-02677,Mwanza,1,8.8,Rice,7774932.831690684,1,3973000.0,1
NMB-AGRI-02678,Mwanza,0,2.1,Maize,1194418.2641394106,1,1755000.0,0
NMB-AGRI-02679,Mwanza,0,3.8,Cashew,4910001.9617768405,0,3405000.0,1
NMB-AGRI-02680,Arusha,0,7.9,Cashew,9774430.496693065,0,1916000.0,1
NMB-AGRI-02681,Morogoro,1,0.8,Rice,1121590.475434525,0,2429000.0,1
NMB-AGRI-02682,Morogoro,0,6.9,Cashew,5081187.316776491,0,2864000.0,1
NMB-AGRI-02683,Arusha,0,8.3,Maize,7937255.829960732,0,4049000.0,0
NMB-AGRI-02684,Mbeya,0,9.4,Rice,6434186.045345339,0,1214000.0,1
NMB-AGRI-02685,Mbeya,1,8.8,Cashew,7666867.423372252,1,2114000.0,1
NMB-AGRI-02686,Mwanza,1,3.5,Cashew,3577851.380484094,0,824000.0,0
NMB-AGRI-02687,Dodoma,0,6.1,Coffee,3375317.8180153924,1,564000.0,1
NMB-AGRI-02688,Mbeya,1,1.2,Coffee,1457844.492812862,1,3102000.0,1
NMB-AGRI-02689,Dodoma,1,2.9,Rice,3025550.745076118,0,1108000.0,0
NMB-AGRI-02690,Morogoro,1,1.4,Coffee,1860542.6240949426,0,487000.0,1
NMB-AGRI-02691,Dodoma,0,3.5,Maize,2701231.7541691903,0,4506000.0,1
NMB-AGRI-02692,Morogoro,1,8.8,Cashew,12349225.72636944,0,2765000.0,0
NMB-AGRI-02693,Arusha,0,3.8,Cashew,5695038.161515685,0,846000.0,1
NMB-AGRI-02694,Arusha,1,5.8,Cashew,8231930.942590511,0,456000.0,1
NMB-AGRI-02695,Mwanza,0,4.6,Rice,5878305.3888325095,1,775000.0,0
NMB-AGRI-02696,Mbeya,0,4.9,Rice,6430607.134081526,0,2462000.0,1
NMB-AGRI-02697,Mwanza,0,9.7,Coffee,10415319.152682487,0,3409000.0,0
NMB-AGRI-02698,Morogoro,1,3.3,Cashew,2277507.7476116144,1,3278000.0,1
NMB-AGRI-02699,Mwanza,0,6.5,Cashew,7650764.4534601625,0,893000.0,0
NMB-AGRI-02700,Dodoma,1,4.5,Cashew,5457388.509269691,0,3241000.0,0
NMB-AGRI-02701,Morogoro,0,1.1,Cashew,1633923.6542946964,1,2143000.0,0
NMB-AGRI-02702,Arusha,1,5.1,Cashew,5310636.712907241,0,2431000.0,1
NMB-AGRI-02703,Mbeya,1,8.2,Maize,6325225.923205462,0,4047000.0,1
NMB-AGRI-02704,Morogoro,1,1.4,Cashew,1657141.5304353093,1,1796000.0,1
NMB-AGRI-02705,Morogoro,1,1.2,Maize,1775250.9835997454,0,906000.0,0
NMB-AGRI-02706,Dodoma,1,2.0,Cashew,1354427.8165381881,0,4393000.0,1
NMB-AGRI-02707,Mbeya,0,7.8,Rice,6442783.764577702,0,1218000.0,0
NMB-AGRI-02708,Arusha,1,7.4,Rice,7709919.05791784,0,1611000.0,1
NMB-AGRI-02709,Morogoro,0,5.9,Maize,3954266.3458038284,1,3592000.0,1
NMB-AGRI-02710,Morogoro,1,4.9,Cashew,2558881.1336476984,1,3481000.0,1
NMB-AGRI-02711,Dodoma,1,8.9,Rice,7449149.789727131,0,4042000.0,0
NMB-AGRI-02712,Mwanza,0,7.8,Rice,10649892.251708252,1,1083000.0,0
NMB-AGRI-02713,Arusha,0,8.2,Cashew,4456440.874454461,1,1891000.0,1
NMB-AGRI-02714,Mbeya,1,8.2,Cashew,7617218.283938723,0,804000.0,0
NMB-AGRI-02715,Morogoro,1,6.6,Rice,8330525.101312143,0,2797000.0,1
NMB-AGRI-02716,Morogoro,1,4.9,Cashew,7120594.724863338,0,1604000.0,0
NMB-AGRI-02717,Arusha,1,8.7,Coffee,12923635.97133856,0,3507000.0,0
NMB-AGRI-02718,Mwanza,1,9.3,Cashew,8574315.239661299,0,202000.0,1
NMB-AGRI-02719,Morogoro,1,0.7,Rice,1015269.0060653822,0,486000.0,1
NMB-AGRI-02720,Arusha,0,1.0,Rice,535418.9732808637,0,2276000.0,1
NMB-AGRI-02721,Dodoma,0,9.6,Maize,11960802.60478614,1,4799000.0,1
NMB-AGRI-02722,Mwanza,1,3.1,Coffee,3542512.7073642,1,4476000.0,0
NMB-AGRI-02723,Mbeya,1,8.8,Rice,6595792.34675814,0,4971000.0,0
NMB-AGRI-02724,Morogoro,1,4.2,Coffee,4230737.702854525,1,2201000.0,0
NMB-AGRI-02725,Arusha,1,1.6,Cashew,1007285.980416793,0,424000.0,0
NMB-AGRI-02726,Dodoma,0,1.3,Rice,1783076.2962370294,0,1669000.0,1
NMB-AGRI-02727,Mbeya,1,2.0,Maize,1715796.1710912958,0,3444000.0,1
NMB-AGRI-02728,Arusha,0,2.9,Rice,3265528.9643505774,1,849000.0,0
NMB-AGRI-02729,Arusha,0,5.1,Maize,3359759.060065037,1,1640000.0,0
NMB-AGRI-02730,Mbeya,1,7.2,Coffee,5084386.881344691,1,470000.0,0
NMB-AGRI-02731,Dodoma,0,9.9,Maize,14770368.070951205,1,2480000.0,0
NMB-AGRI-02732,Dodoma,1,4.7,Cashew,5889506.053874249,0,1203000.0,1
NMB-AGRI-02733,Mwanza,1,5.4,Cashew,7894648.096779983,1,638000.0,1
NMB-AGRI-02734,Morogoro,1,5.5,Cashew,4377181.408666243,0,2174000.0,0
NMB-AGRI-02735,Mbeya,0,5.6,Rice,3721552.109070994,0,1886000.0,1
NMB-AGRI-02736,Mbeya,0,5.4,Cashew,5416569.7027856875,0,2780000.0,0
NMB-AGRI-02737,Mbeya,0,0.6,Cashew,596800.969336406,0,3795000.0,1
NMB-AGRI-02738,Dodoma,1,0.5,Rice,337473.25687899394,0,740000.0,1
NMB-AGRI-02739,Morogoro,1,1.4,Coffee,1726507.3974139744,0,3997000.0,1
NMB-AGRI-02740,Mwanza,1,1.5,Cashew,1292666.3016581011,0,326000.0,0
NMB-AGRI-02741,Arusha,0,7.2,Cashew,4941829.662699724,0,2327000.0,1
NMB-AGRI-02742,Arusha,1,2.4,Rice,1996760.146903892,0,3020000.0,1
NMB-AGRI-02743,Mbeya,0,9.0,Coffee,9572928.296715137,0,4794000.0,1
NMB-AGRI-02744,Morogoro,0,9.3,Coffee,11406179.669278124,0,2955000.0,1
NMB-AGRI-02745,Dodoma,1,9.8,Coffee,9622530.68336335,1,962000.0,1
NMB-AGRI-02746,Morogoro,1,9.4,Rice,9640592.904386712,1,2684000.0,1
NMB-AGRI-02747,Morogoro,0,3.1,Maize,1980732.40142252,0,2100000.0,1
NMB-AGRI-02748,Dodoma,0,5.3,Maize,7497861.90095363,1,2501000.0,1
NMB-AGRI-02749,Mbeya,1,2.2,Cashew,3143193.2355824984,0,1146000.0,1
NMB-AGRI-02750,Morogoro,0,8.2,Cashew,9704098.041427629,0,2604000.0,1
NMB-AGRI-02751,Arusha,0,8.9,Cashew,4606919.53951282,0,920000.0,1
NMB-AGRI-02752,Dodoma,1,8.6,Maize,8918838.256768603,0,3771000.0,1
NMB-AGRI-02753,Mwanza,1,4.6,Rice,5194407.271607622,0,3051000.0,1
NMB-AGRI-02754,Mbeya,1,7.7,Cashew,11508837.516777448,0,577000.0,0
NMB-AGRI-02755,Dodoma,1,1.4,Rice,2094493.7372727154,0,4470000.0,1
NMB-AGRI-02756,Mwanza,1,0.9,Cashew,1221850.1117930016,0,3159000.0,0
NMB-AGRI-02757,Mwanza,0,7.7,Rice,4341498.638601075,1,1717000.0,1
NMB-AGRI-02758,Morogoro,1,4.5,Rice,6539743.758504285,0,419000.0,0
NMB-AGRI-02759,Morogoro,1,10.0,Maize,11126612.471519992,1,3235000.0,0
NMB-AGRI-02760,Morogoro,0,1.4,Rice,1821241.478670851,0,1993000.0,1
NMB-AGRI-02761,Dodoma,1,8.6,Coffee,7801858.50729834,1,4557000.0,0
NMB-AGRI-02762,Dodoma,0,5.1,Maize,4180314.3032964077,0,367000.0,1
NMB-AGRI-02763,Mbeya,0,8.4,Cashew,8091250.822063988,1,388000.0,1
NMB-AGRI-02764,Morogoro,0,8.3,Maize,5369058.4576412635,1,4757000.0,1
NMB-AGRI-02765,Mwanza,1,9.2,Coffee,7885008.476530416,0,4831000.0,1
NMB-AGRI-02766,Arusha,1,3.3,Coffee,4480137.749235319,0,333000.0,1
NMB-AGRI-02767,Mbeya,1,9.5,Rice,5110529.619478375,0,3637000.0,1
NMB-AGRI-02768,Dodoma,1,1.9,Coffee,1236668.2889667484,1,1263000.0,1
NMB-AGRI-02769,Mbeya,0,1.3,Coffee,812651.0075443311,0,3567000.0,0
NMB-AGRI-02770,Mbeya,0,4.6,Coffee,4154147.496421049,0,4370000.0,1
NMB-AGRI-02771,Mbeya,0,8.4,Coffee,12574689.967483237,0,684000.0,1
NMB-AGRI-02772,Mbeya,0,5.0,Cashew,3366789.6510569137,0,1346000.0,1
NMB-AGRI-02773,Arusha,0,8.4,Cashew,5422054.256633786,0,316000.0,1
NMB-AGRI-02774,Morogoro,1,7.4,Maize,10471412.400343543,1,410000.0,1
NMB-AGRI-02775,Mwanza,1,2.5,Rice,3455126.2924149144,0,342000.0,1
NMB-AGRI-02776,Mbeya,1,9.5,Cashew,5056283.514967267,1,4043000.0,1
NMB-AGRI-02777,Mbeya,0,1.1,Coffee,1376876.5561972465,0,1632000.0,1
NMB-AGRI-02778,Mbeya,1,9.0,Rice,10399191.313287865,0,2567000.0,0
NMB-AGRI-02779,Morogoro,0,3.4,Cashew,4310318.753499211,0,3982000.0,1
NMB-AGRI-02780,Dodoma,0,5.3,Maize,5270863.010418387,1,2576000.0,1
NMB-AGRI-02781,Dodoma,1,4.5,Coffee,6711206.483017331,0,2260000.0,1
NMB-AGRI-02782,Arusha,1,2.1,Rice,1142078.7392930228,0,256000.0,0
NMB-AGRI-02783,Dodoma,0,3.9,Cashew,2864049.1869748426,0,2927000.0,0
NMB-AGRI-02784,Mbeya,1,2.3,Rice,2062055.7700393146,0,799000.0,1
NMB-AGRI-02785,Mbeya,0,2.4,Cashew,2279467.0597576876,1,3870000.0,1
NMB-AGRI-02786,Mbeya,1,2.3,Maize,3269145.026208893,0,1437000.0,1
NMB-AGRI-02787,Arusha,1,5.1,Coffee,5406022.25679402,0,3436000.0,1
NMB-AGRI-02788,Mbeya,1,8.1,Maize,4415399.06371519,0,3302000.0,0
NMB-AGRI-02789,Dodoma,0,5.9,Coffee,5356391.484211406,0,3160000.0,1
NMB-AGRI-02790,Morogoro,0,9.0,Coffee,8248413.711321629,0,1481000.0,1
NMB-AGRI-02791,Morogoro,1,6.5,Rice,9525691.099845601,0,1482000.0,1
NMB-AGRI-02792,Mwanza,1,7.0,Cashew,7694379.637147757,0,4343000.0,0
NMB-AGRI-02793,Dodoma,0,6.8,Maize,7722427.283880783,0,261000.0,0
NMB-AGRI-02794,Mbeya,1,4.8,Maize,5823614.5500061,0,1071000.0,0
NMB-AGRI-02795,Morogoro,1,7.0,Maize,8890275.209774863,0,3129000.0,1
NMB-AGRI-02796,Dodoma,1,1.2,Rice,1362061.284242987,0,4122000.0,0
NMB-AGRI-02797,Morogoro,1,8.7,Rice,6413590.854865238,0,1920000.0,1
NMB-AGRI-02798,Mbeya,1,7.9,Rice,10854962.723295199,0,3337000.0,1
NMB-AGRI-02799,Morogoro,1,2.8,Coffee,3449935.441149764,0,2874000.0,0
NMB-AGRI-02800,Mwanza,1,7.8,Maize,9686589.783756256,1,510000.0,0
NMB-AGRI-02801,Mwanza,0,0.6,Coffee,897934.0435408495,0,3184000.0,1
NMB-AGRI-02802,Morogoro,0,2.6,Maize,3386568.9906446217,0,4107000.0,0
NMB-AGRI-02803,Dodoma,0,1.1,Maize,1462066.5434706686,0,4964000.0,0
NMB-AGRI-02804,Dodoma,1,7.9,Cashew,11466103.57411025,0,342000.0,1
NMB-AGRI-02805,Dodoma,0,7.7,Maize,5013731.798836483,1,3368000.0,0
NMB-AGRI-02806,Morogoro,1,8.2,Rice,8181364.487120155,0,2190000.0,1
NMB-AGRI-02807,Dodoma,0,0.5,Rice,540283.5117953938,0,247000.0,0
NMB-AGRI-02808,Mbeya,0,5.3,Rice,4395161.364879025,0,3149000.0,1
NMB-AGRI-02809,Mwanza,1,7.2,Cashew,9643704.07604044,1,788000.0,1
NMB-AGRI-02810,Mbeya,0,2.0,Cashew,2524839.243291447,1,2017000.0,0
NMB-AGRI-02811,Dodoma,0,6.7,Coffee,8179916.599204431,0,1455000.0,1
NMB-AGRI-02812,Mbeya,0,1.3,Maize,1946294.2716856168,1,1934000.0,1
NMB-AGRI-02813,Dodoma,1,2.2,Maize,1670639.0214984592,0,2565000.0,0
NMB-AGRI-02814,Morogoro,1,5.0,Rice,6177286.258377107,0,1924000.0,0
NMB-AGRI-02815,Mbeya,1,6.7,Rice,7044409.981869535,0,2853000.0,1
NMB-AGRI-02816,Morogoro,1,1.9,Rice,1544679.4467383644,0,1346000.0,1
NMB-AGRI-02817,Morogoro,1,2.3,Rice,1519349.8026631891,0,3250000.0,0
NMB-AGRI-02818,Arusha,0,2.4,Rice,3350121.208962113,1,4298000.0,1
NMB-AGRI-02819,Dodoma,0,2.8,Rice,3067275.3515819665,0,1276000.0,1
NMB-AGRI-02820,Mwanza,1,2.7,Maize,3577321.361630146,0,2638000.0,1
NMB-AGRI-02821,Dodoma,0,4.3,Cashew,4494983.431206643,0,3314000.0,1
NMB-AGRI-02822,Mwanza,0,6.7,Rice,4823846.440381931,0,2910000.0,1
NMB-AGRI-02823,Dodoma,1,4.7,Maize,3936479.4215715285,0,1955000.0,0
NMB-AGRI-02824,Morogoro,1,7.9,Rice,6964156.855541018,0,3283000.0,0
NMB-AGRI-02825,Mbeya,0,7.3,Coffee,10752424.131277027,0,336000.0,1
NMB-AGRI-02826,Mbeya,0,1.7,Coffee,859576.5732483503,0,1976000.0,1
NMB-AGRI-02827,Arusha,1,1.0,Maize,1485666.0230245069,0,2757000.0,1
NMB-AGRI-02828,Mwanza,1,8.8,Cashew,13028062.38896651,0,299000.0,1
NMB-AGRI-02829,Mwanza,1,1.3,Coffee,1944996.0276891775,0,2637000.0,1
NMB-AGRI-02830,Mwanza,1,1.9,Coffee,1855517.5399473058,0,3340000.0,0
NMB-AGRI-02831,Morogoro,1,0.7,Cashew,1024666.2787346997,0,3844000.0,1
NMB-AGRI-02832,Mwanza,1,6.5,Coffee,5821394.682023877,0,744000.0,0
NMB-AGRI-02833,Mbeya,1,6.0,Rice,3157766.6440103203,0,4955000.0,0
NMB-AGRI-02834,Morogoro,0,9.9,Cashew,7171037.145080469,1,3110000.0,1
NMB-AGRI-02835,Dodoma,1,8.9,Coffee,12863136.579942722,1,1943000.0,1
NMB-AGRI-02836,Mwanza,0,4.4,Cashew,2260564.65067576,1,1396000.0,0
NMB-AGRI-02837,Mwanza,0,4.0,Rice,4183976.5416919,0,2950000.0,0
NMB-AGRI-02838,Dodoma,1,3.3,Coffee,1899485.243352441,0,4432000.0,0
NMB-AGRI-02839,Mwanza,1,1.9,Maize,1494153.4990123992,0,2699000.0,1
NMB-AGRI-02840,Dodoma,1,1.8,Coffee,1058567.131281396,0,3375000.0,0
NMB-AGRI-02841,Morogoro,0,1.8,Coffee,2447151.5180035015,0,1917000.0,1
NMB-AGRI-02842,Mbeya,1,1.6,Rice,1745713.1354363293,1,2063000.0,1
NMB-AGRI-02843,Dodoma,1,2.8,Maize,3925898.104011276,0,1574000.0,1
NMB-AGRI-02844,Arusha,1,3.4,Maize,4040400.8784367763,0,3587000.0,1
NMB-AGRI-02845,Dodoma,0,9.6,Maize,14121879.659952957,0,1924000.0,0
NMB-AGRI-02846,Mwanza,0,6.0,Rice,6059265.92856244,0,1115000.0,1
NMB-AGRI-02847,Morogoro,1,9.9,Rice,11273234.759452458,0,1973000.0,0
NMB-AGRI-02848,Morogoro,0,4.0,Rice,4305235.279556226,0,4298000.0,1
NMB-AGRI-02849,Dodoma,1,4.8,Rice,4724450.061343741,0,3744000.0,0
NMB-AGRI-02850,Mbeya,1,3.6,Rice,4845453.715522845,1,1806000.0,1
NMB-AGRI-02851,Arusha,0,2.2,Maize,2517955.2984747924,0,4553000.0,0
NMB-AGRI-02852,Morogoro,0,1.9,Cashew,2472493.303225398,1,559000.0,1
NMB-AGRI-02853,Mwanza,0,9.5,Rice,12220457.397722926,0,439000.0,1
NMB-AGRI-02854,Mwanza,1,9.9,Cashew,6841347.090487423,0,812000.0,0
NMB-AGRI-02855,Mbeya,0,0.9,Coffee,1035147.1792658793,0,759000.0,1
NMB-AGRI-02856,Morogoro,1,1.9,Coffee,1329331.236444535,1,622000.0,1
NMB-AGRI-02857,Dodoma,1,4.5,Rice,4874942.15209697,0,3374000.0,0
NMB-AGRI-02858,Mwanza,1,2.3,Coffee,2708099.774226491,0,3084000.0,1
NMB-AGRI-02859,Mbeya,0,4.0,Cashew,5988940.286350347,0,3309000.0,1
NMB-AGRI-02860,Morogoro,0,1.7,Coffee,901921.3628545552,0,3504000.0,1
NMB-AGRI-02861,Morogoro,1,4.8,Coffee,2837963.491745861,0,3833000.0,1
NMB-AGRI-02862,Morogoro,1,3.1,Cashew,1788782.7587508175,1,1194000.0,0
NMB-AGRI-02863,Morogoro,1,3.8,Coffee,3413772.887813612,0,3187000.0,1
NMB-AGRI-02864,Morogoro,0,1.4,Rice,1850223.7060801391,0,2984000.0,1
NMB-AGRI-02865,Mwanza,0,4.6,Cashew,6182659.130820823,1,4730000.0,0
NMB-AGRI-02866,Mbeya,1,9.8,Cashew,12122400.038067287,1,1315000.0,0
NMB-AGRI-02867,Morogoro,0,3.6,Maize,5028761.670587812,0,482000.0,0
NMB-AGRI-02868,Arusha,1,8.8,Maize,7241167.508691183,0,3337000.0,1
NMB-AGRI-02869,Arusha,1,8.5,Cashew,4999314.476144542,0,3753000.0,1
NMB-AGRI-02870,Mbeya,0,9.5,Cashew,5302453.765903576,1,1559000.0,1
NMB-AGRI-02871,Dodoma,1,8.0,Maize,10817061.75695509,1,2940000.0,1
NMB-AGRI-02872,Dodoma,1,6.8,Rice,8366966.801605102,1,486000.0,1
NMB-AGRI-02873,Dodoma,0,8.6,Coffee,10308091.631695637,0,4808000.0,0
NMB-AGRI-02874,Arusha,1,1.2,Coffee,1007611.6062548026,0,728000.0,0
NMB-AGRI-02875,Dodoma,0,4.9,Coffee,4311535.424229309,0,524000.0,1
NMB-AGRI-02876,Mwanza,0,9.9,Cashew,14435323.93610326,0,412000.0,1
NMB-AGRI-02877,Morogoro,0,7.8,Rice,4397677.003963893,1,2251000.0,1
NMB-AGRI-02878,Arusha,1,9.6,Maize,12227824.674602808,0,666000.0,0
NMB-AGRI-02879,Mbeya,1,7.9,Rice,6396103.257296306,0,3774000.0,0
NMB-AGRI-02880,Mbeya,1,8.8,Rice,4743680.642030494,1,4515000.0,1
NMB-AGRI-02881,Morogoro,0,7.2,Coffee,8946504.797345683,0,1449000.0,0
NMB-AGRI-02882,Arusha,1,7.7,Maize,6398021.519723485,0,3218000.0,1
NMB-AGRI-02883,Dodoma,0,5.5,Rice,6721811.353085381,1,403000.0,1
NMB-AGRI-02884,Dodoma,1,9.3,Maize,11231185.762998518,1,2056000.0,1
NMB-AGRI-02885,Mwanza,1,8.3,Cashew,8588731.066094855,1,1606000.0,0
NMB-AGRI-02886,Mwanza,0,8.5,Coffee,10857671.598289667,0,1297000.0,1
NMB-AGRI-02887,Dodoma,0,6.9,Maize,7459164.436781581,0,3295000.0,1
NMB-AGRI-02888,Mbeya,1,3.4,Cashew,2674565.2996840863,0,825000.0,1
NMB-AGRI-02889,Mbeya,0,0.8,Cashew,987292.2408515353,0,4331000.0,1
NMB-AGRI-02890,Mwanza,1,9.4,Cashew,10237914.269250602,0,3391000.0,0
NMB-AGRI-02891,Morogoro,0,6.1,Rice,3127636.418308515,1,3612000.0,1
NMB-AGRI-02892,Dodoma,0,3.3,Rice,4625425.786642021,0,4690000.0,0
NMB-AGRI-02893,Mwanza,1,1.9,Coffee,1986722.8748161953,0,4723000.0,1
NMB-AGRI-02894,Mwanza,1,8.4,Coffee,11496469.030028066,1,2848000.0,1
NMB-AGRI-02895,Dodoma,1,8.4,Cashew,11614989.447450854,1,2578000.0,1
NMB-AGRI-02896,Dodoma,0,8.2,Coffee,7748726.585227724,0,1810000.0,1
NMB-AGRI-02897,Mbeya,0,6.6,Rice,6650555.976578124,1,3635000.0,1
NMB-AGRI-02898,Morogoro,0,4.0,Coffee,3663017.550702408,1,2783000.0,1
NMB-AGRI-02899,Morogoro,1,3.4,Maize,3228085.036047355,1,4678000.0,0
NMB-AGRI-02900,Dodoma,1,0.6,Rice,837088.2953830367,1,1345000.0,0
NMB-AGRI-02901,Arusha,1,8.4,Cashew,10820409.717330452,1,1689000.0,0
NMB-AGRI-02902,Mwanza,1,1.3,Cashew,814483.3792102514,0,1717000.0,1
NMB-AGRI-02903,Mwanza,0,6.5,Coffee,7217000.580010623,0,4069000.0,1
NMB-AGRI-02904,Dodoma,1,5.3,Rice,7928305.194047614,0,675000.0,1
NMB-AGRI-02905,Arusha,1,5.5,Cashew,6025528.856778673,0,2387000.0,0
NMB-AGRI-02906,Mbeya,1,9.3,Cashew,11958606.118015883,0,2252000.0,0
NMB-AGRI-02907,Dodoma,0,0.8,Rice,1015249.1787049369,0,551000.0,0
NMB-AGRI-02908,Dodoma,0,7.8,Rice,6632476.701804163,0,2172000.0,1
NMB-AGRI-02909,Mwanza,1,1.0,Cashew,871849.3027039589,1,2664000.0,1
NMB-AGRI-02910,Dodoma,0,0.9,Coffee,1101668.779611363,1,513000.0,1
NMB-AGRI-02911,Dodoma,0,4.6,Coffee,4599924.245382241,0,2647000.0,1
NMB-AGRI-02912,Dodoma,0,1.1,Coffee,1177627.780043427,0,4804000.0,1
NMB-AGRI-02913,Mwanza,1,8.0,Maize,9703246.322918702,1,4899000.0,1
NMB-AGRI-02914,Mbeya,0,5.5,Rice,7026662.648714775,1,2752000.0,1
NMB-AGRI-02915,Mbeya,0,0.8,Cashew,617213.262186457,1,2672000.0,1
NMB-AGRI-02916,Dodoma,0,0.9,Maize,582114.3834932667,1,1570000.0,1
NMB-AGRI-02917,Mwanza,1,6.3,Coffee,4988306.274359469,1,4986000.0,0
NMB-AGRI-02918,Mbeya,1,8.2,Maize,8261814.265755018,0,1516000.0,1
NMB-AGRI-02919,Mbeya,1,4.7,Cashew,3958064.191296084,0,2374000.0,1
NMB-AGRI-02920,Mbeya,1,5.8,Cashew,6196504.001316044,1,214000.0,0
NMB-AGRI-02921,Mwanza,1,8.1,Rice,4483072.36541759,0,1876000.0,0
NMB-AGRI-02922,Mwanza,0,6.3,Coffee,6361427.593166733,1,543000.0,1
NMB-AGRI-02923,Dodoma,0,2.6,Coffee,2256760.7580380407,0,3770000.0,0
NMB-AGRI-02924,Morogoro,0,6.3,Maize,6518400.555825159,1,2893000.0,1
NMB-AGRI-02925,Mbeya,0,6.5,Coffee,5996466.806752349,0,2946000.0,1
NMB-AGRI-02926,Morogoro,0,7.5,Maize,5881693.879781569,0,1575000.0,1
NMB-AGRI-02927,Mwanza,1,6.4,Cashew,8986290.59492887,0,4112000.0,1
NMB-AGRI-02928,Mwanza,1,9.7,Cashew,6642220.387687162,1,216000.0,0
NMB-AGRI-02929,Mwanza,1,2.4,Cashew,2835277.381393343,0,1801000.0,1
NMB-AGRI-02930,Morogoro,1,9.5,Cashew,13534124.769532934,1,3366000.0,1
NMB-AGRI-02931,Mwanza,0,5.6,Cashew,5816551.774238425,1,4558000.0,0
NMB-AGRI-02932,Dodoma,0,6.9,Maize,9497218.571198426,1,1326000.0,1
NMB-AGRI-02933,Mwanza,1,1.4,Cashew,874792.069806598,1,2797000.0,0
NMB-AGRI-02934,Arusha,1,4.1,Maize,4074533.9580512727,0,2782000.0,1
NMB-AGRI-02935,Morogoro,0,7.8,Cashew,7464797.187751328,0,4396000.0,1
NMB-AGRI-02936,Arusha,1,7.2,Maize,3658455.410666363,0,442000.0,1
NMB-AGRI-02937,Mwanza,1,0.9,Maize,848931.6072234011,1,2237000.0,0
NMB-AGRI-02938,Dodoma,1,5.7,Maize,4953469.611380808,1,1076000.0,0
NMB-AGRI-02939,Mbeya,1,1.3,Coffee,1520738.346107,0,303000.0,1
NMB-AGRI-02940,Mwanza,0,10.0,Maize,14383297.785765184,0,906000.0,1
NMB-AGRI-02941,Dodoma,0,9.0,Maize,5272119.794358329,0,4887000.0,0
NMB-AGRI-02942,Morogoro,1,0.7,Cashew,579233.4707002362,0,1231000.0,0
NMB-AGRI-02943,Arusha,0,8.7,Maize,8213363.215329991,0,4688000.0,1
NMB-AGRI-02944,Arusha,1,9.2,Maize,8787705.477916326,0,1185000.0,1
NMB-AGRI-02945,Arusha,1,3.9,Rice,4971757.91128479,0,4670000.0,0
NMB-AGRI-02946,Morogoro,0,7.3,Coffee,6886788.360584118,0,3342000.0,1
NMB-AGRI-02947,Dodoma,1,4.7,Rice,2477658.116832171,0,743000.0,0
NMB-AGRI-02948,Morogoro,1,6.7,Cashew,8107697.43377197,0,2993000.0,1
NMB-AGRI-02949,Arusha,0,3.7,Coffee,5123869.872038986,0,1729000.0,0
NMB-AGRI-02950,Mwanza,1,3.6,Coffee,3650056.9651788226,0,2039000.0,1
NMB-AGRI-02951,Mbeya,1,4.5,Rice,4864988.347643274,0,2313000.0,0
NMB-AGRI-02952,Morogoro,1,1.9,Coffee,1259579.2340411874,0,2229000.0,0
NMB-AGRI-02953,Morogoro,0,8.4,Rice,6053425.93530324,0,3388000.0,0
NMB-AGRI-02954,Dodoma,1,3.8,Maize,2793646.9086735244,0,3888000.0,0
NMB-AGRI-02955,Dodoma,1,4.3,Rice,4002190.4919895697,1,1780000.0,0
NMB-AGRI-02956,Morogoro,0,9.0,Coffee,12853306.988060778,0,4637000.0,0
NMB-AGRI-02957,Arusha,0,5.2,Coffee,5313280.786917408,0,4705000.0,1
NMB-AGRI-02958,Mbeya,1,5.7,Cashew,3944956.57764771,0,395000.0,1
NMB-AGRI-02959,Dodoma,0,9.6,Cashew,7354442.264341917,0,272000.0,0
NMB-AGRI-02960,Arusha,1,8.9,Cashew,7867733.76457194,1,2240000.0,0
NMB-AGRI-02961,Mwanza,1,2.1,Cashew,2358843.8489548787,0,3035000.0,1
NMB-AGRI-02962,Dodoma,1,5.0,Coffee,4700165.765020027,0,1534000.0,0
NMB-AGRI-02963,Arusha,0,9.7,Cashew,8656714.988516172,0,1445000.0,1
NMB-AGRI-02964,Arusha,1,4.0,Rice,4258914.401595979,0,3456000.0,1
NMB-AGRI-02965,Mbeya,0,4.0,Maize,2967339.9798178617,0,3088000.0,0
NMB-AGRI-02966,Mbeya,1,2.4,Coffee,1389367.8542029972,0,1002000.0,0
NMB-AGRI-02967,Mwanza,1,1.6,Cashew,839062.9037155554,0,4446000.0,0
NMB-AGRI-02968,Arusha,1,7.5,Coffee,5634443.726003453,0,3464000.0,0
NMB-AGRI-02969,Arusha,1,7.8,Cashew,4614417.8663268555,0,1940000.0,1
NMB-AGRI-02970,Mbeya,1,9.7,Coffee,8112504.193651437,1,3481000.0,1
NMB-AGRI-02971,Dodoma,0,7.8,Cashew,9928881.614806093,0,741000.0,0
NMB-AGRI-02972,Dodoma,1,2.8,Maize,3405624.125363147,0,2448000.0,1
NMB-AGRI-02973,Morogoro,1,0.9,Cashew,999834.860509226,0,1011000.0,1
NMB-AGRI-02974,Mbeya,0,9.9,Rice,13389752.414406842,0,399000.0,0
NMB-AGRI-02975,Morogoro,0,3.7,Coffee,2893650.2108138236,1,1824000.0,0
NMB-AGRI-02976,Mbeya,1,3.5,Coffee,4847688.135604881,0,924000.0,0
NMB-AGRI-02977,Mwanza,0,9.1,Rice,8183076.443989531,0,3241000.0,0
NMB-AGRI-02978,Arusha,1,6.1,Rice,5495449.241426421,0,3436000.0,1
NMB-AGRI-02979,Mwanza,1,2.5,Maize,2263379.034063804,0,914000.0,1
NMB-AGRI-02980,Mbeya,0,8.9,Coffee,5323039.859544735,0,318000.0,0
NMB-AGRI-02981,Arusha,1,9.9,Maize,14607355.933477452,1,4005000.0,0
NMB-AGRI-02982,Dodoma,0,1.3,Coffee,830058.811172707,1,210000.0,1
NMB-AGRI-02983,Dodoma,1,8.7,Coffee,7315705.802881905,0,1851000.0,1
NMB-AGRI-02984,Morogoro,1,4.2,Maize,3441061.34537238,1,2574000.0,0
NMB-AGRI-02985,Mbeya,1,5.5,Coffee,3160736.880491903,0,4129000.0,1
NMB-AGRI-02986,Mbeya,1,9.2,Coffee,6000793.197029265,1,4225000.0,0
NMB-AGRI-02987,Dodoma,1,9.7,Maize,5285125.860998242,1,3680000.0,1
NMB-AGRI-02988,Mwanza,1,3.0,Cashew,2377213.4806815404,0,1387000.0,1
NMB-AGRI-02989,Arusha,0,2.5,Maize,3416642.3100722665,0,3657000.0,0
NMB-AGRI-02990,Mwanza,0,1.3,Coffee,1091274.8674585999,1,1383000.0,1
NMB-AGRI-02991,Mwanza,1,5.8,Rice,3617412.6259907996,0,1230000.0,1
NMB-AGRI-02992,Dodoma,1,0.6,Cashew,687416.3210303508,0,2826000.0,0
NMB-AGRI-02993,Dodoma,1,4.4,Rice,6585044.013041607,0,3459000.0,0
NMB-AGRI-02994,Dodoma,1,1.2,Cashew,878788.547438313,1,455000.0,1
NMB-AGRI-02995,Morogoro,0,4.3,Rice,3352155.3230934483,1,488000.0,1
NMB-AGRI-02996,Mwanza,1,0.9,Cashew,1324662.3488527099,0,3964000.0,1
NMB-AGRI-02997,Mbeya,1,8.4,Maize,5701720.815424092,1,4326000.0,0
NMB-AGRI-02998,Arusha,0,2.5,Cashew,2528035.16864791,0,3101000.0,1
NMB-AGRI-02999,Morogoro,0,3.6,Cashew,2662747.6788579416,1,2258000.0,1
NMB-AGRI-03000,Mbeya,1,8.8,Cashew,12604696.701530948,0,4258000.0,1
NMB-AGRI-03001,Mwanza,0,7.6,Coffee,11259559.710779835,0,3698000.0,1
NMB-AGRI-03002,Dodoma,0,2.6,Rice,3418214.3999120397,0,2982000.0,1
NMB-AGRI-03003,Mwanza,0,1.2,Maize,977740.5789753726,0,1735000.0,1
NMB-AGRI-03004,Arusha,1,7.3,Rice,6595458.569547686,0,1150000.0,0
NMB-AGRI-03005,Morogoro,1,4.2,Rice,3117683.8713989696,1,2210000.0,0
NMB-AGRI-03006,Morogoro,1,7.8,Maize,10847912.142670134,0,1577000.0,1
NMB-AGRI-03007,Arusha,1,4.7,Coffee,6648423.905134344,1,1828000.0,0
NMB-AGRI-03008,Mbeya,0,3.8,Cashew,3491708.516534979,0,2675000.0,0
NMB-AGRI-03009,Mbeya,1,4.8,Coffee,5551358.735534409,0,1012000.0,1
NMB-AGRI-03010,Morogoro,0,7.6,Coffee,5058204.166287674,0,4070000.0,1
NMB-AGRI-03011,Morogoro,0,9.1,Cashew,8507916.693307022,1,899000.0,1
NMB-AGRI-03012,Dodoma,1,1.0,Rice,1131499.1066734977,0,2509000.0,0
NMB-AGRI-03013,Mbeya,1,5.5,Cashew,4869717.151849108,1,3781000.0,0
NMB-AGRI-03014,Arusha,0,0.8,Maize,686079.620549168,1,2528000.0,0
NMB-AGRI-03015,Mbeya,0,4.9,Cashew,2454895.0621080194,0,1933000.0,0
NMB-AGRI-03016,Dodoma,1,8.9,Rice,11608211.827616317,0,2479000.0,0
NMB-AGRI-03017,Morogoro,0,3.9,Coffee,5418416.686883647,1,4274000.0,0
NMB-AGRI-03018,Morogoro,0,9.4,Coffee,13812957.177730823,1,4954000.0,0
NMB-AGRI-03019,Dodoma,0,6.5,Cashew,7925264.002949902,0,3229000.0,1
NMB-AGRI-03020,Arusha,0,9.4,Maize,9858647.736276913,0,4009000.0,1
NMB-AGRI-03021,Morogoro,1,7.7,Rice,5923490.802527063,0,270000.0,0
NMB-AGRI-03022,Mwanza,0,1.5,Coffee,2248949.2139452477,0,4426000.0,0
NMB-AGRI-03023,Morogoro,0,2.7,Cashew,2942332.7072366853,0,4779000.0,1
NMB-AGRI-03024,Mwanza,1,4.2,Maize,4960847.103787874,0,2961000.0,0
NMB-AGRI-03025,Dodoma,1,2.1,Maize,2483052.9401061675,0,3818000.0,0
NMB-AGRI-03026,Dodoma,0,5.2,Coffee,6995309.337937344,0,2661000.0,1
NMB-AGRI-03027,Morogoro,0,5.0,Coffee,2548362.694234596,1,1574000.0,1
NMB-AGRI-03028,Mbeya,0,9.6,Rice,6914370.628141169,1,4291000.0,0
NMB-AGRI-03029,Mwanza,1,4.6,Maize,5361456.400782064,1,3065000.0,1
NMB-AGRI-03030,Arusha,1,8.0,Rice,11161165.894596543,1,2981000.0,1
NMB-AGRI-03031,Morogoro,1,9.4,Maize,11142184.550060749,0,3364000.0,0
NMB-AGRI-03032,Arusha,1,8.8,Maize,8038723.365144385,1,4309000.0,0
NMB-AGRI-03033,Morogoro,1,2.5,Cashew,2153888.739675654,1,3713000.0,1
NMB-AGRI-03034,Mbeya,1,5.2,Coffee,6437329.643073266,1,1213000.0,0
NMB-AGRI-03035,Mbeya,1,3.8,Maize,4716703.249121334,0,2441000.0,1
NMB-AGRI-03036,Mbeya,0,4.3,Rice,4760349.367774468,0,4905000.0,0
NMB-AGRI-03037,Mbeya,1,3.9,Coffee,3086721.3939796146,0,2862000.0,0
NMB-AGRI-03038,Dodoma,0,8.4,Rice,11971300.474480566,0,4704000.0,1
NMB-AGRI-03039,Dodoma,0,4.8,Coffee,5049023.722169467,1,4104000.0,1
NMB-AGRI-03040,Mwanza,1,5.5,Coffee,7097707.959365818,0,3397000.0,0
NMB-AGRI-03041,Arusha,0,9.8,Maize,7000220.96918595,1,1877000.0,1
NMB-AGRI-03042,Morogoro,1,1.1,Cashew,928444.8674762007,0,1661000.0,1
NMB-AGRI-03043,Morogoro,1,5.1,Maize,7010355.533575446,0,3288000.0,1
NMB-AGRI-03044,Dodoma,1,7.9,Coffee,4345845.5365257505,0,2276000.0,1
NMB-AGRI-03045,Morogoro,1,1.9,Maize,1923399.0913876577,0,4034000.0,0
NMB-AGRI-03046,Dodoma,0,6.3,Maize,6184744.5230172565,0,3850000.0,1
NMB-AGRI-03047,Mwanza,1,2.8,Coffee,3503444.528942629,0,1698000.0,0
NMB-AGRI-03048,Arusha,1,8.7,Coffee,6802475.804214192,0,3573000.0,1
NMB-AGRI-03049,Mwanza,1,3.6,Maize,2588640.558694558,1,2574000.0,0
NMB-AGRI-03050,Mbeya,1,3.6,Maize,5134078.219583642,0,1752000.0,0
NMB-AGRI-03051,Mbeya,0,6.2,Maize,6644599.842142481,1,2182000.0,1
NMB-AGRI-03052,Mbeya,1,2.2,Rice,1330317.05022404,0,4498000.0,0
NMB-AGRI-03053,Mwanza,0,3.2,Maize,2217715.7190858275,0,1926000.0,1
NMB-AGRI-03054,Morogoro,1,4.5,Rice,6744717.2678141175,0,1580000.0,0
NMB-AGRI-03055,Arusha,0,3.9,Cashew,2712875.0853835503,1,1889000.0,0
NMB-AGRI-03056,Mbeya,1,5.5,Rice,6107615.312445234,0,1230000.0,0
NMB-AGRI-03057,Mbeya,0,6.2,Maize,5704794.089772832,0,2814000.0,0
NMB-AGRI-03058,Mbeya,0,5.9,Cashew,8175034.659614029,1,908000.0,1
NMB-AGRI-03059,Arusha,1,6.7,Rice,8409629.568378696,0,4124000.0,1
NMB-AGRI-03060,Mbeya,1,3.4,Rice,3729634.747290174,0,1283000.0,1
NMB-AGRI-03061,Arusha,1,1.7,Coffee,868256.2690565701,1,3071000.0,0
NMB-AGRI-03062,Mbeya,1,7.7,Cashew,10624423.097699638,0,800000.0,0
NMB-AGRI-03063,Mwanza,1,8.6,Coffee,8124140.24921296,0,4897000.0,1
NMB-AGRI-03064,Mwanza,1,2.9,Cashew,4151575.193753872,0,2382000.0,1
NMB-AGRI-03065,Arusha,0,4.4,Rice,4380371.656558486,0,4146000.0,1
NMB-AGRI-03066,Mwanza,1,5.2,Coffee,6209967.343750173,0,3890000.0,1
NMB-AGRI-03067,Arusha,0,5.6,Maize,3188038.837013196,0,3626000.0,1
NMB-AGRI-03068,Mwanza,1,6.8,Rice,8467031.243982144,1,4171000.0,0
NMB-AGRI-03069,Mwanza,1,0.9,Cashew,754196.4281807307,0,682000.0,0
NMB-AGRI-03070,Arusha,1,7.4,Cashew,6300056.706055178,0,3457000.0,0
NMB-AGRI-03071,Morogoro,1,1.1,Coffee,680521.429180329,1,1476000.0,0
NMB-AGRI-03072,Mwanza,1,4.9,Coffee,3169600.028336991,0,3972000.0,0
NMB-AGRI-03073,Mbeya,1,8.4,Cashew,5760376.072132166,1,4793000.0,0
NMB-AGRI-03074,Morogoro,0,4.8,Rice,3975389.609142827,1,4527000.0,1
NMB-AGRI-03075,Arusha,1,1.9,Coffee,2644742.8342736503,0,752000.0,1
NMB-AGRI-03076,Morogoro,0,9.9,Maize,8595776.358477797,0,1974000.0,1
NMB-AGRI-03077,Dodoma,1,8.9,Cashew,10896828.088412644,1,1949000.0,0
NMB-AGRI-03078,Dodoma,0,7.8,Maize,4545430.530340997,1,787000.0,0
NMB-AGRI-03079,Mwanza,0,4.4,Cashew,4800834.716796768,0,671000.0,0
NMB-AGRI-03080,Mwanza,0,2.2,Maize,2160160.708794967,0,2047000.0,0
NMB-AGRI-03081,Mbeya,1,9.4,Rice,13892804.701372344,0,4962000.0,1
NMB-AGRI-03082,Morogoro,1,5.6,Cashew,7538763.511322192,0,2931000.0,0
NMB-AGRI-03083,Dodoma,0,8.6,Rice,8211536.042972388,0,3185000.0,0
NMB-AGRI-03084,Mwanza,1,3.7,Coffee,4718028.226967753,0,2461000.0,0
NMB-AGRI-03085,Morogoro,0,3.7,Cashew,2564243.3427869766,1,3379000.0,0
NMB-AGRI-03086,Mwanza,1,9.9,Rice,10517129.641178604,0,4792000.0,0
NMB-AGRI-03087,Mwanza,1,5.5,Maize,3160404.805627895,1,3026000.0,1
NMB-AGRI-03088,Dodoma,1,1.8,Rice,1526560.2580530297,0,512000.0,1
NMB-AGRI-03089,Dodoma,1,2.6,Cashew,1887241.6722176431,0,2566000.0,1
NMB-AGRI-03090,Mwanza,0,5.1,Rice,6216440.058158575,0,4965000.0,0
NMB-AGRI-03091,Arusha,1,0.9,Maize,891081.6220929254,0,2060000.0,1
NMB-AGRI-03092,Mwanza,1,4.9,Maize,6130245.346355252,0,3051000.0,0
NMB-AGRI-03093,Mwanza,1,4.5,Maize,4568829.469341505,1,712000.0,0
NMB-AGRI-03094,Mbeya,1,7.9,Coffee,4633227.092997945,0,878000.0,1
NMB-AGRI-03095,Mbeya,0,3.9,Cashew,4817933.833956854,1,4398000.0,1
NMB-AGRI-03096,Mbeya,1,9.8,Maize,13065646.787080497,0,1642000.0,1
NMB-AGRI-03097,Arusha,1,2.2,Coffee,3087768.697008144,0,1666000.0,1
NMB-AGRI-03098,Arusha,0,6.1,Maize,6539150.866370919,0,2059000.0,1
NMB-AGRI-03099,Mwanza,0,1.4,Rice,1755019.502599293,1,4839000.0,1
NMB-AGRI-03100,Mbeya,0,7.5,Cashew,9390332.526619703,0,605000.0,1
NMB-AGRI-03101,Arusha,1,10.0,Rice,6557497.597989444,0,4130000.0,0
NMB-AGRI-03102,Dodoma,1,8.3,Coffee,5513031.705914438,1,1839000.0,0
NMB-AGRI-03103,Mwanza,0,5.8,Rice,3311135.933692931,1,4277000.0,0
NMB-AGRI-03104,Morogoro,0,5.1,Rice,4181559.539215537,0,4960000.0,1
NMB-AGRI-03105,Mwanza,1,8.4,Maize,8177472.137024943,1,1874000.0,0
NMB-AGRI-03106,Morogoro,1,9.4,Rice,14080239.815889642,0,821000.0,0
NMB-AGRI-03107,Mbeya,0,9.9,Maize,9216834.086474879,1,893000.0,0
NMB-AGRI-03108,Morogoro,0,4.3,Maize,5272843.130581696,0,3842000.0,1
NMB-AGRI-03109,Mbeya,1,9.9,Cashew,11814630.560098093,0,896000.0,0
NMB-AGRI-03110,Dodoma,0,2.0,Coffee,1408963.900501159,0,1450000.0,0
NMB-AGRI-03111,Morogoro,0,2.9,Coffee,1619670.7392033655,0,1181000.0,1
NMB-AGRI-03112,Mwanza,1,1.3,Coffee,1359808.7769936637,0,1907000.0,1
NMB-AGRI-03113,Mbeya,1,3.1,Maize,3720947.336174876,1,557000.0,0
NMB-AGRI-03114,Mwanza,0,7.8,Coffee,11686363.963452796,1,4312000.0,1
NMB-AGRI-03115,Arusha,0,8.6,Maize,7384055.049618068,0,4329000.0,1
NMB-AGRI-03116,Mbeya,0,7.9,Cashew,11031280.040440664,0,2182000.0,1
NMB-AGRI-03117,Morogoro,0,6.5,Coffee,5732560.9631497115,0,3138000.0,0
NMB-AGRI-03118,Mbeya,1,5.4,Maize,6422823.225524769,0,3281000.0,0
NMB-AGRI-03119,Mwanza,1,7.2,Coffee,7907421.099722774,1,3796000.0,0
NMB-AGRI-03120,Dodoma,1,4.2,Coffee,2322510.931870907,0,2699000.0,0
NMB-AGRI-03121,Mbeya,1,8.5,Cashew,4916301.629247197,0,2650000.0,1
NMB-AGRI-03122,Morogoro,1,6.9,Rice,3593272.219098781,0,3230000.0,0
NMB-AGRI-03123,Arusha,0,7.1,Coffee,6182922.000617324,0,3575000.0,1
NMB-AGRI-03124,Dodoma,1,5.6,Cashew,6976485.873089659,0,1864000.0,0
NMB-AGRI-03125,Arusha,1,8.9,Coffee,5987523.006517433,0,1786000.0,1
NMB-AGRI-03126,Mbeya,1,2.9,Coffee,3206973.6083132974,0,1495000.0,1
NMB-AGRI-03127,Mwanza,0,4.1,Coffee,3234193.898127419,0,2834000.0,1
NMB-AGRI-03128,Mwanza,1,7.9,Coffee,10246241.729434669,0,1929000.0,0
NMB-AGRI-03129,Morogoro,1,5.2,Rice,6751659.974815553,0,2794000.0,0
NMB-AGRI-03130,Mwanza,1,8.9,Rice,11351189.183201171,0,2149000.0,1
NMB-AGRI-03131,Dodoma,0,3.8,Coffee,3894367.3524452318,1,4216000.0,1
NMB-AGRI-03132,Mwanza,1,4.0,Coffee,3138266.8403194067,0,551000.0,0
NMB-AGRI-03133,Morogoro,1,8.9,Cashew,11654051.990519848,1,2947000.0,0
NMB-AGRI-03134,Mbeya,1,4.9,Cashew,3361892.7535022837,0,2963000.0,1
NMB-AGRI-03135,Mbeya,1,5.4,Maize,4264701.850954743,0,2042000.0,1
NMB-AGRI-03136,Mwanza,0,3.7,Rice,2530606.5127943,0,2221000.0,1
NMB-AGRI-03137,Arusha,0,3.1,Coffee,3640051.497201708,0,4041000.0,1
NMB-AGRI-03138,Mbeya,0,6.7,Rice,7947781.388375981,1,1547000.0,1
NMB-AGRI-03139,Mwanza,1,1.6,Cashew,1844015.9884588048,0,4383000.0,1
NMB-AGRI-03140,Morogoro,0,8.9,Rice,8148853.055095544,0,4502000.0,1
NMB-AGRI-03141,Mwanza,1,7.9,Rice,4741350.9568913225,1,3323000.0,0
NMB-AGRI-03142,Mbeya,1,2.3,Coffee,3245690.0443845484,0,3910000.0,0
NMB-AGRI-03143,Morogoro,0,7.1,Coffee,7154889.844486891,0,3142000.0,0
NMB-AGRI-03144,Mwanza,1,6.2,Cashew,5623227.608448767,0,2721000.0,0
NMB-AGRI-03145,Dodoma,1,2.3,Coffee,2504297.254471074,0,4840000.0,0
NMB-AGRI-03146,Morogoro,1,3.1,Cashew,2147650.351039228,0,1557000.0,1
NMB-AGRI-03147,Dodoma,1,4.4,Cashew,2783214.6280614473,0,940000.0,0
NMB-AGRI-03148,Arusha,1,7.1,Maize,6429229.072351399,1,1580000.0,1
NMB-AGRI-03149,Morogoro,0,6.6,Maize,4799656.581059409,1,3150000.0,0
NMB-AGRI-03150,Dodoma,1,5.6,Maize,4168025.649408121,0,1089000.0,0
NMB-AGRI-03151,Mbeya,0,7.8,Rice,10861589.60467253,0,4562000.0,0
NMB-AGRI-03152,Mbeya,1,7.7,Maize,7936845.664330851,0,2173000.0,1
NMB-AGRI-03153,Arusha,0,6.4,Coffee,6294202.011669448,0,4280000.0,0
NMB-AGRI-03154,Morogoro,1,8.0,Coffee,9515836.749828778,0,1396000.0,0
NMB-AGRI-03155,Morogoro,1,3.7,Maize,5370728.020603937,1,1703000.0,1
NMB-AGRI-03156,Morogoro,1,8.9,Rice,5448567.223788021,1,484000.0,0
NMB-AGRI-03157,Arusha,0,6.3,Cashew,8401267.77278832,0,1437000.0,1
NMB-AGRI-03158,Morogoro,1,8.3,Rice,8997359.192903122,0,2554000.0,0
NMB-AGRI-03159,Mbeya,1,5.7,Rice,3683142.5167274727,0,4741000.0,1
NMB-AGRI-03160,Dodoma,1,2.6,Cashew,2072588.2285913785,0,2067000.0,1
NMB-AGRI-03161,Mbeya,0,5.7,Cashew,5599460.073849015,0,3271000.0,0
NMB-AGRI-03162,Mbeya,1,4.0,Cashew,4764708.578309692,0,2253000.0,1
NMB-AGRI-03163,Dodoma,1,7.1,Coffee,5272509.820369511,0,425000.0,1
NMB-AGRI-03164,Mbeya,0,5.0,Cashew,5174394.07733795,0,2617000.0,1
NMB-AGRI-03165,Arusha,1,8.4,Cashew,9951241.670293238,0,516000.0,0
NMB-AGRI-03166,Dodoma,1,6.9,Rice,6546311.180847793,1,4442000.0,1
NMB-AGRI-03167,Mbeya,1,7.0,Rice,9541181.72784123,0,3815000.0,0
NMB-AGRI-03168,Mwanza,0,2.6,Maize,3560593.667385052,0,2018000.0,0
NMB-AGRI-03169,Mbeya,1,9.9,Rice,9609843.054640414,0,3273000.0,0
NMB-AGRI-03170,Arusha,1,8.5,Cashew,12519868.538475646,0,738000.0,0
NMB-AGRI-03171,Morogoro,1,8.0,Coffee,4604680.739243578,1,3572000.0,1
NMB-AGRI-03172,Mbeya,1,3.6,Rice,1812104.5619625717,0,4149000.0,1
NMB-AGRI-03173,Morogoro,1,5.6,Rice,4931742.277301947,1,4144000.0,1
NMB-AGRI-03174,Mwanza,1,1.8,Cashew,1981974.7104705167,0,1565000.0,1
NMB-AGRI-03175,Mbeya,0,5.6,Rice,6323520.8817181,0,1466000.0,1
NMB-AGRI-03176,Dodoma,1,1.9,Rice,1855246.8989582742,0,2703000.0,1
NMB-AGRI-03177,Morogoro,1,5.8,Cashew,3624323.2167957476,0,4845000.0,0
NMB-AGRI-03178,Mwanza,0,6.7,Rice,4492333.395978891,0,4619000.0,1
NMB-AGRI-03179,Dodoma,0,4.2,Coffee,5679021.532178439,1,1926000.0,0
NMB-AGRI-03180,Dodoma,1,5.2,Maize,7113137.8850441575,0,3943000.0,1
NMB-AGRI-03181,Dodoma,1,8.8,Rice,10330307.13317434,0,4622000.0,1
NMB-AGRI-03182,Dodoma,0,1.5,Coffee,1746326.9584183234,0,1452000.0,1
NMB-AGRI-03183,Mbeya,1,8.0,Rice,8781457.02422246,0,4185000.0,1
NMB-AGRI-03184,Mbeya,0,2.1,Maize,1476144.3599741755,0,1486000.0,0
NMB-AGRI-03185,Mbeya,1,0.8,Cashew,742600.5602079226,0,1848000.0,1
NMB-AGRI-03186,Mwanza,1,2.3,Maize,2750557.6983657707,0,1154000.0,1
NMB-AGRI-03187,Mwanza,1,7.8,Rice,8090567.721626041,0,2634000.0,1
NMB-AGRI-03188,Mwanza,0,4.3,Maize,2229895.4364369265,1,4248000.0,1
NMB-AGRI-03189,Arusha,1,8.8,Maize,12791299.899136867,1,2735000.0,1
NMB-AGRI-03190,Mwanza,0,5.5,Cashew,7396488.289146788,0,793000.0,1
NMB-AGRI-03191,Mbeya,1,0.7,Rice,532381.5098768164,1,1409000.0,1
NMB-AGRI-03192,Mbeya,1,7.3,Maize,8150150.226713961,1,2902000.0,1
NMB-AGRI-03193,Arusha,1,1.5,Maize,2134859.0755922813,0,2999000.0,1
NMB-AGRI-03194,Arusha,0,8.0,Cashew,4768088.096909211,0,2969000.0,0
NMB-AGRI-03195,Mwanza,1,2.1,Coffee,2106361.9096730715,0,570000.0,1
NMB-AGRI-03196,Morogoro,1,3.8,Rice,3633723.498215919,0,3818000.0,1
NMB-AGRI-03197,Arusha,0,7.7,Coffee,7008578.540683199,1,4565000.0,1
NMB-AGRI-03198,Dodoma,1,9.6,Coffee,12821650.64537208,1,2650000.0,1
NMB-AGRI-03199,Mbeya,1,4.0,Cashew,3522584.5867898297,1,3650000.0,1
NMB-AGRI-03200,Dodoma,1,8.4,Cashew,4734771.999224464,0,4587000.0,1
NMB-AGRI-03201,Mbeya,1,2.3,Rice,1301426.8069778956,0,3285000.0,1
NMB-AGRI-03202,Mbeya,1,8.2,Coffee,4450505.773501794,0,3437000.0,1
NMB-AGRI-03203,Arusha,0,6.7,Maize,6091274.326556049,0,3663000.0,0
NMB-AGRI-03204,Arusha,1,2.3,Coffee,2802334.4387062276,0,1450000.0,0
NMB-AGRI-03205,Dodoma,1,3.4,Cashew,2392656.3705637525,0,2997000.0,1
NMB-AGRI-03206,Mbeya,0,1.8,Maize,2063643.3367767888,0,4242000.0,1
NMB-AGRI-03207,Dodoma,1,4.1,Maize,4867062.735625187,0,1622000.0,0
NMB-AGRI-03208,Morogoro,1,2.4,Cashew,1812485.0976374352,1,4506000.0,0
NMB-AGRI-03209,Dodoma,1,6.6,Maize,7263680.530000153,0,3178000.0,0
NMB-AGRI-03210,Mwanza,0,9.9,Coffee,11730196.56626579,1,2231000.0,1
NMB-AGRI-03211,Dodoma,0,0.6,Cashew,579968.1736812755,1,3191000.0,1
NMB-AGRI-03212,Mwanza,1,5.6,Rice,4685612.944768532,1,2129000.0,0
NMB-AGRI-03213,Mwanza,0,5.9,Cashew,6602994.154288531,1,4223000.0,0
NMB-AGRI-03214,Mwanza,1,9.2,Rice,13596193.20341812,0,2515000.0,1
NMB-AGRI-03215,Morogoro,0,5.3,Rice,4912259.469655584,0,4526000.0,0
NMB-AGRI-03216,Dodoma,0,5.7,Cashew,5082890.04882519,1,2647000.0,1
NMB-AGRI-03217,Dodoma,1,5.0,Cashew,4821334.512130567,1,3370000.0,1
NMB-AGRI-03218,Morogoro,0,3.1,Rice,1786277.0196796497,0,4989000.0,1
NMB-AGRI-03219,Mbeya,1,1.0,Rice,1053163.27967139,1,905000.0,1
NMB-AGRI-03220,Arusha,1,4.4,Maize,3646268.50375596,0,3736000.0,0
NMB-AGRI-03221,Dodoma,0,1.0,Cashew,621422.1223312624,0,867000.0,0
NMB-AGRI-03222,Arusha,0,5.7,Cashew,5507663.424369028,0,4227000.0,0
NMB-AGRI-03223,Morogoro,1,3.4,Maize,1711505.5543515233,0,3063000.0,1
NMB-AGRI-03224,Mbeya,0,5.6,Cashew,5049997.3729114495,0,4703000.0,1
NMB-AGRI-03225,Mbeya,1,1.8,Maize,1090323.482267611,0,4357000.0,1
NMB-AGRI-03226,Mbeya,1,9.4,Maize,4928351.411957935,0,559000.0,1
NMB-AGRI-03227,Morogoro,1,9.0,Cashew,11920275.416200519,1,859000.0,0
NMB-AGRI-03228,Mwanza,1,2.3,Coffee,3257372.24755006,0,3086000.0,1
NMB-AGRI-03229,Mwanza,1,3.8,Rice,2689163.663764605,0,2688000.0,1
NMB-AGRI-03230,Arusha,1,6.3,Cashew,6547579.062155846,0,1009000.0,1
NMB-AGRI-03231,Mwanza,0,1.4,Coffee,1089141.4199833788,0,821000.0,1
NMB-AGRI-03232,Mwanza,0,3.9,Maize,3874952.01082151,0,2907000.0,0
NMB-AGRI-03233,Mbeya,0,2.9,Coffee,2716230.830593065,0,435000.0,1
NMB-AGRI-03234,Mbeya,1,9.2,Cashew,7075269.706740468,1,4394000.0,0
NMB-AGRI-03235,Arusha,1,8.6,Cashew,10323384.78486356,0,4074000.0,0
NMB-AGRI-03236,Dodoma,1,6.0,Coffee,3758945.755921526,0,3970000.0,1
NMB-AGRI-03237,Arusha,0,5.4,Cashew,2986593.0237253825,1,277000.0,1
NMB-AGRI-03238,Arusha,1,9.3,Rice,11789381.527246697,1,429000.0,0
NMB-AGRI-03239,Morogoro,1,9.4,Coffee,10959742.293474391,0,2839000.0,1
NMB-AGRI-03240,Morogoro,0,9.7,Maize,9685703.40422006,0,4973000.0,0
NMB-AGRI-03241,Arusha,1,1.7,Coffee,1645242.6098033206,0,1843000.0,1
NMB-AGRI-03242,Arusha,0,2.0,Coffee,1994822.7589828526,0,1853000.0,1
NMB-AGRI-03243,Arusha,1,6.9,Coffee,6465466.1250808425,0,845000.0,0
NMB-AGRI-03244,Mwanza,0,5.6,Coffee,5000196.856654603,1,3437000.0,1
NMB-AGRI-03245,Morogoro,1,0.7,Maize,699783.4220202842,0,3304000.0,1
NMB-AGRI-03246,Arusha,1,1.1,Maize,1131366.6882757365,0,686000.0,1
NMB-AGRI-03247,Mbeya,1,8.9,Maize,10607930.595344227,0,2444000.0,1
NMB-AGRI-03248,Mbeya,1,8.8,Coffee,10658623.0144594,1,3402000.0,0
NMB-AGRI-03249,Mwanza,1,3.9,Rice,3422753.412546564,0,2569000.0,1
NMB-AGRI-03250,Mwanza,1,9.0,Rice,8221864.704691398,0,3437000.0,1
NMB-AGRI-03251,Dodoma,1,6.1,Maize,5329552.73539096,0,4118000.0,0
NMB-AGRI-03252,Dodoma,0,8.2,Rice,8499593.343730824,0,3492000.0,1
NMB-AGRI-03253,Dodoma,1,4.6,Rice,4385426.274405298,1,3157000.0,1
NMB-AGRI-03254,Mwanza,0,1.6,Rice,2223354.34101791,0,4297000.0,1
NMB-AGRI-03255,Mwanza,0,4.6,Rice,5503261.827815773,0,4523000.0,1
NMB-AGRI-03256,Mwanza,1,4.8,Rice,6713550.642021339,0,2067000.0,1
NMB-AGRI-03257,Mbeya,1,5.7,Cashew,6892080.851888726,1,1032000.0,1
NMB-AGRI-03258,Mwanza,0,1.5,Maize,2206488.222785721,0,4126000.0,0
NMB-AGRI-03259,Mbeya,1,9.9,Coffee,11243794.104727162,1,1226000.0,1
NMB-AGRI-03260,Dodoma,1,2.8,Rice,4097940.386856553,0,4659000.0,1
NMB-AGRI-03261,Dodoma,1,2.4,Cashew,1579607.7369826224,0,310000.0,0
NMB-AGRI-03262,Dodoma,0,5.5,Coffee,3038627.244561721,0,4622000.0,1
NMB-AGRI-03263,Arusha,1,5.6,Cashew,6043101.037141611,0,3028000.0,0
NMB-AGRI-03264,Arusha,0,4.7,Rice,6972418.067258942,1,3919000.0,1
NMB-AGRI-03265,Morogoro,1,7.8,Rice,7157320.928958694,1,2113000.0,0
NMB-AGRI-03266,Morogoro,0,5.4,Rice,3845034.1558419825,0,4960000.0,0
NMB-AGRI-03267,Morogoro,0,6.3,Rice,6435711.129919138,0,1292000.0,0
NMB-AGRI-03268,Arusha,1,7.4,Coffee,8501109.821883775,0,1469000.0,1
NMB-AGRI-03269,Arusha,1,0.7,Coffee,570625.0868611223,1,447000.0,0
NMB-AGRI-03270,Morogoro,0,5.9,Cashew,7167139.215145631,0,4714000.0,1
NMB-AGRI-03271,Morogoro,0,8.9,Maize,13128519.112706961,0,2389000.0,0
NMB-AGRI-03272,Mwanza,1,0.7,Rice,977874.1851974317,0,3439000.0,1
NMB-AGRI-03273,Morogoro,0,4.3,Cashew,3403817.106102439,0,3500000.0,1
NMB-AGRI-03274,Mwanza,1,9.3,Cashew,7688530.253244764,1,4398000.0,1
NMB-AGRI-03275,Mbeya,0,3.9,Cashew,3399010.7753533954,1,3392000.0,1
NMB-AGRI-03276,Arusha,0,4.9,Rice,4383308.6141288625,0,2898000.0,1
NMB-AGRI-03277,Morogoro,0,9.8,Rice,5883131.092094139,0,3610000.0,0
NMB-AGRI-03278,Arusha,1,2.4,Cashew,3028710.813334294,0,3805000.0,1
NMB-AGRI-03279,Arusha,0,1.1,Rice,951873.1899717705,1,1092000.0,0
NMB-AGRI-03280,Arusha,0,8.7,Cashew,12004433.797337433,0,726000.0,1
NMB-AGRI-03281,Mbeya,1,8.8,Coffee,12557077.483456956,0,559000.0,1
NMB-AGRI-03282,Dodoma,1,5.0,Rice,2622156.5465384405,0,1995000.0,1
NMB-AGRI-03283,Morogoro,0,5.4,Coffee,8037916.577612314,0,2590000.0,1
NMB-AGRI-03284,Dodoma,1,8.4,Maize,10164190.94460155,0,3155000.0,1
NMB-AGRI-03285,Dodoma,1,7.5,Rice,7652941.694947217,0,4799000.0,0
NMB-AGRI-03286,Dodoma,0,3.0,Maize,2668582.8251176598,1,1788000.0,1
NMB-AGRI-03287,Arusha,0,0.7,Cashew,712962.692826799,0,3852000.0,0
NMB-AGRI-03288,Mwanza,1,5.1,Rice,4205586.092290066,0,2751000.0,1
NMB-AGRI-03289,Arusha,1,8.7,Rice,9767383.97915997,0,1256000.0,0
NMB-AGRI-03290,Arusha,1,9.0,Rice,5336822.488003121,0,3153000.0,1
NMB-AGRI-03291,Dodoma,0,9.6,Maize,10762776.987953378,0,4842000.0,0
NMB-AGRI-03292,Arusha,0,8.9,Maize,6900569.166232153,0,797000.0,1
NMB-AGRI-03293,Dodoma,1,6.0,Cashew,3105808.974314078,0,2635000.0,1
NMB-AGRI-03294,Mwanza,0,4.7,Coffee,4947717.100965524,0,448000.0,1
NMB-AGRI-03295,Morogoro,1,7.9,Coffee,8519737.271236302,0,1742000.0,1
NMB-AGRI-03296,Dodoma,1,7.5,Maize,6949267.53533652,0,3179000.0,1
NMB-AGRI-03297,Mwanza,0,5.6,Rice,3204802.902281774,1,4237000.0,1
NMB-AGRI-03298,Morogoro,1,1.3,Coffee,1811345.838645449,0,3706000.0,0
NMB-AGRI-03299,Mbeya,1,9.3,Coffee,10336306.507219367,0,2422000.0,1
NMB-AGRI-03300,Dodoma,1,4.8,Maize,2955423.8379310537,0,4564000.0,1
NMB-AGRI-03301,Dodoma,0,4.0,Cashew,4043722.3063765904,0,1653000.0,1
NMB-AGRI-03302,Mbeya,0,6.5,Maize,6482153.053665064,1,3819000.0,0
NMB-AGRI-03303,Mbeya,1,6.9,Maize,3866772.8946711966,0,2475000.0,1
NMB-AGRI-03304,Dodoma,0,2.5,Rice,2767149.2590073687,1,4513000.0,1
NMB-AGRI-03305,Mbeya,1,8.5,Maize,11120774.390833298,0,4028000.0,1
NMB-AGRI-03306,Arusha,0,3.3,Rice,4121726.579019978,1,4527000.0,1
NMB-AGRI-03307,Morogoro,1,2.3,Cashew,1616829.6525776214,1,1228000.0,1
NMB-AGRI-03308,Morogoro,0,4.4,Rice,5994087.1300385315,0,3407000.0,0
NMB-AGRI-03309,Morogoro,1,7.4,Cashew,6234812.025879197,1,3745000.0,1
NMB-AGRI-03310,Arusha,0,9.7,Cashew,14031131.26943183,0,3764000.0,1
NMB-AGRI-03311,Mbeya,1,8.2,Cashew,4688333.306650852,1,2619000.0,0
NMB-AGRI-03312,Mwanza,0,9.4,Maize,9270361.672086522,1,254000.0,1
NMB-AGRI-03313,Mbeya,1,1.8,Rice,1974823.8789195884,1,1455000.0,0
NMB-AGRI-03314,Dodoma,0,1.2,Coffee,897180.1181695258,0,1752000.0,0
NMB-AGRI-03315,Morogoro,1,5.8,Maize,7374005.09457732,1,4290000.0,0
NMB-AGRI-03316,Mbeya,1,3.3,Cashew,3718755.743375366,0,4236000.0,1
NMB-AGRI-03317,Mwanza,0,8.4,Coffee,4352119.273218826,0,702000.0,1
NMB-AGRI-03318,Dodoma,1,6.9,Maize,7647743.275804028,0,4759000.0,0
NMB-AGRI-03319,Arusha,0,9.7,Coffee,9617338.87385893,1,1076000.0,1
NMB-AGRI-03320,Arusha,1,2.9,Cashew,2018484.6849401721,0,2189000.0,1
NMB-AGRI-03321,Mwanza,1,5.1,Coffee,7628315.9580036,0,1233000.0,1
NMB-AGRI-03322,Dodoma,0,5.3,Coffee,7404959.632586358,0,4330000.0,1
NMB-AGRI-03323,Morogoro,0,2.8,Cashew,2219021.5460813777,0,3797000.0,0
NMB-AGRI-03324,Mbeya,0,6.1,Coffee,6350532.616871559,1,1897000.0,0
NMB-AGRI-03325,Dodoma,1,4.7,Maize,3837560.0575783667,1,3473000.0,1
NMB-AGRI-03326,Arusha,0,4.7,Coffee,5994830.032689568,0,1085000.0,0
NMB-AGRI-03327,Mwanza,1,3.9,Rice,5578292.589466174,0,2035000.0,1
NMB-AGRI-03328,Mwanza,1,0.7,Maize,601180.0248400684,0,2010000.0,0
NMB-AGRI-03329,Mbeya,1,5.5,Coffee,7180713.370289952,0,1342000.0,1
NMB-AGRI-03330,Mwanza,0,3.7,Rice,3694107.9080388583,0,4406000.0,1
NMB-AGRI-03331,Mwanza,1,0.5,Rice,448289.28065578867,0,3458000.0,1
NMB-AGRI-03332,Dodoma,1,3.4,Rice,4890634.297135818,0,1544000.0,1
NMB-AGRI-03333,Morogoro,1,3.1,Coffee,3132254.5350289973,0,1362000.0,1
NMB-AGRI-03334,Mbeya,0,4.2,Cashew,4063124.101081352,0,286000.0,1
NMB-AGRI-03335,Dodoma,0,1.8,Rice,2110381.9235322177,0,1864000.0,0
NMB-AGRI-03336,Morogoro,0,5.3,Cashew,4034541.2653969075,0,2729000.0,0
NMB-AGRI-03337,Dodoma,1,7.1,Maize,5856029.382597041,0,1533000.0,0
NMB-AGRI-03338,Dodoma,0,6.5,Cashew,9308297.935551047,1,3562000.0,0
NMB-AGRI-03339,Mwanza,1,8.1,Cashew,9546091.748039233,0,2176000.0,0
NMB-AGRI-03340,Morogoro,0,4.8,Cashew,6367858.309300826,0,1718000.0,0
NMB-AGRI-03341,Mbeya,1,5.4,Cashew,4164003.5144513203,0,4707000.0,1
NMB-AGRI-03342,Mbeya,1,8.2,Cashew,8559079.55742495,1,1461000.0,0
NMB-AGRI-03343,Morogoro,1,4.6,Maize,6768422.828151691,1,2112000.0,0
NMB-AGRI-03344,Mwanza,0,7.2,Maize,5894668.073003167,1,2035000.0,1
NMB-AGRI-03345,Arusha,0,4.6,Cashew,3038191.7910583927,0,1358000.0,1
NMB-AGRI-03346,Dodoma,0,4.5,Cashew,4548987.037010988,0,1244000.0,1
NMB-AGRI-03347,Mwanza,0,7.7,Rice,6836222.383181547,1,1651000.0,0
NMB-AGRI-03348,Morogoro,1,2.2,Maize,1451069.9121307698,0,4348000.0,0
NMB-AGRI-03349,Dodoma,1,3.7,Coffee,5137640.116002462,1,3882000.0,0
NMB-AGRI-03350,Mbeya,1,2.6,Maize,3875882.1674398226,0,3469000.0,0
NMB-AGRI-03351,Arusha,0,3.9,Coffee,4167470.5046909912,0,2394000.0,1
NMB-AGRI-03352,Mbeya,1,2.7,Rice,3441627.274608326,1,2637000.0,0
NMB-AGRI-03353,Morogoro,1,6.0,Cashew,8154230.217277797,0,1482000.0,1
NMB-AGRI-03354,Dodoma,1,8.1,Rice,9727954.248776799,0,557000.0,1
NMB-AGRI-03355,Morogoro,0,8.0,Cashew,4353248.39289385,0,1789000.0,0
NMB-AGRI-03356,Dodoma,1,4.0,Maize,2630536.9268672713,1,2579000.0,0
NMB-AGRI-03357,Mwanza,1,9.9,Cashew,5652792.992398727,0,475000.0,0
NMB-AGRI-03358,Arusha,1,6.1,Coffee,3110265.6005165447,0,624000.0,1
NMB-AGRI-03359,Mwanza,1,4.3,Coffee,3465784.5576561172,0,1463000.0,0
NMB-AGRI-03360,Mwanza,0,8.4,Rice,7495790.068045102,1,1962000.0,1
NMB-AGRI-03361,Morogoro,0,7.4,Maize,5483620.019285851,1,2088000.0,1
NMB-AGRI-03362,Arusha,1,7.6,Coffee,4290995.325456039,0,766000.0,1
NMB-AGRI-03363,Dodoma,1,2.4,Rice,2471671.418008026,0,1284000.0,0
NMB-AGRI-03364,Dodoma,0,4.9,Maize,3789264.6677899943,0,1456000.0,1
NMB-AGRI-03365,Mbeya,1,8.7,Maize,11275523.247312993,0,525000.0,1
NMB-AGRI-03366,Dodoma,1,5.3,Rice,2692678.89461399,1,1765000.0,0
NMB-AGRI-03367,Morogoro,1,7.0,Coffee,9397689.359013272,0,547000.0,0
NMB-AGRI-03368,Mwanza,0,6.1,Coffee,8873997.441570338,0,3577000.0,1
NMB-AGRI-03369,Mwanza,1,8.5,Rice,10337148.036805341,0,2053000.0,1
NMB-AGRI-03370,Mwanza,1,3.2,Coffee,3947661.008840213,0,1768000.0,0
NMB-AGRI-03371,Arusha,1,6.0,Rice,8601373.869616399,0,807000.0,0
NMB-AGRI-03372,Dodoma,1,1.7,Coffee,1205421.1850105934,0,1287000.0,1
NMB-AGRI-03373,Morogoro,1,7.1,Coffee,10611415.534280894,1,1317000.0,1
NMB-AGRI-03374,Arusha,1,7.5,Rice,9551109.025339063,0,4929000.0,1
NMB-AGRI-03375,Mbeya,0,0.9,Rice,1103913.6374950141,0,4210000.0,1
NMB-AGRI-03376,Morogoro,1,6.9,Coffee,5941524.99506752,0,273000.0,1
NMB-AGRI-03377,Morogoro,1,4.4,Rice,4601420.935784686,1,3161000.0,1
NMB-AGRI-03378,Morogoro,0,1.7,Coffee,1961660.24006469,0,1428000.0,1
NMB-AGRI-03379,Mwanza,1,4.5,Cashew,5041542.875927472,1,701000.0,0
NMB-AGRI-03380,Morogoro,1,2.3,Maize,2771464.668498435,1,3587000.0,1
NMB-AGRI-03381,Dodoma,1,4.4,Maize,2562479.651945007,1,832000.0,1
NMB-AGRI-03382,Morogoro,0,4.2,Coffee,3593723.417893126,0,2330000.0,0
NMB-AGRI-03383,Mwanza,1,7.5,Maize,7005000.124466079,0,3234000.0,0
NMB-AGRI-03384,Morogoro,0,7.9,Coffee,6008971.453212235,0,2862000.0,0
NMB-AGRI-03385,Mbeya,0,6.3,Rice,4237551.80269611,0,4893000.0,1
NMB-AGRI-03386,Mbeya,1,0.7,Cashew,447249.23593900393,1,3972000.0,1
NMB-AGRI-03387,Mwanza,1,9.3,Maize,8057365.547986243,0,3916000.0,1
NMB-AGRI-03388,Dodoma,1,7.0,Maize,6954091.903937961,0,1907000.0,1
NMB-AGRI-03389,Dodoma,0,0.8,Rice,450381.15211732854,0,240000.0,1
NMB-AGRI-03390,Arusha,1,8.3,Cashew,12005602.185101561,1,3725000.0,0
NMB-AGRI-03391,Mwanza,0,2.4,Cashew,3036583.97486582,0,4999000.0,0
NMB-AGRI-03392,Morogoro,1,6.0,Cashew,7385110.6391127985,0,2148000.0,0
NMB-AGRI-03393,Mwanza,1,4.9,Rice,3297016.572444762,0,4930000.0,0
NMB-AGRI-03394,Arusha,1,4.5,Maize,4967103.45605485,1,880000.0,0
NMB-AGRI-03395,Mwanza,0,9.0,Maize,9267524.521278007,0,1623000.0,0
NMB-AGRI-03396,Mwanza,0,4.7,Cashew,6967603.575197462,0,1019000.0,0
NMB-AGRI-03397,Arusha,1,1.2,Rice,1497206.1240961896,0,2481000.0,0
NMB-AGRI-03398,Dodoma,0,9.5,Rice,10219737.895304196,1,4026000.0,1
NMB-AGRI-03399,Morogoro,1,9.2,Rice,12427476.531525122,0,1835000.0,1
NMB-AGRI-03400,Arusha,1,7.0,Cashew,4585659.896024967,1,4550000.0,0
NMB-AGRI-03401,Mbeya,0,4.9,Rice,2524560.995485788,0,2815000.0,1
NMB-AGRI-03402,Dodoma,1,1.4,Cashew,1666326.6667803323,0,2434000.0,0
NMB-AGRI-03403,Mbeya,1,8.0,Cashew,4786491.6818979,0,3978000.0,0
NMB-AGRI-03404,Dodoma,0,1.2,Cashew,738520.367980211,0,687000.0,0
NMB-AGRI-03405,Morogoro,0,1.2,Coffee,1493616.8717094366,0,3914000.0,1
NMB-AGRI-03406,Morogoro,0,5.6,Cashew,4314995.127150338,0,1366000.0,1
NMB-AGRI-03407,Mwanza,1,2.0,Rice,2257262.431137786,0,1548000.0,1
NMB-AGRI-03408,Mbeya,1,0.6,Coffee,850444.1556556491,0,3077000.0,0
NMB-AGRI-03409,Dodoma,0,4.5,Maize,3674135.3923703628,0,4529000.0,1
NMB-AGRI-03410,Morogoro,0,1.8,Maize,1290859.4841118539,1,2976000.0,0
NMB-AGRI-03411,Arusha,1,2.0,Rice,1213125.7674821033,1,3315000.0,0
NMB-AGRI-03412,Morogoro,1,1.2,Rice,756554.8337036713,0,3928000.0,0
NMB-AGRI-03413,Arusha,1,2.4,Rice,1349334.4689092226,0,1445000.0,0
NMB-AGRI-03414,Dodoma,0,7.3,Rice,4289789.365457103,1,4171000.0,0
NMB-AGRI-03415,Morogoro,0,8.2,Coffee,7642437.628235062,1,2206000.0,1
NMB-AGRI-03416,Morogoro,1,4.8,Rice,3940152.2161150547,1,1043000.0,0
NMB-AGRI-03417,Dodoma,1,5.3,Cashew,6394772.315911889,0,1881000.0,1
NMB-AGRI-03418,Morogoro,0,0.8,Maize,1096193.3265976016,0,1381000.0,1
NMB-AGRI-03419,Arusha,1,1.2,Rice,1541727.8437708612,0,1298000.0,1
NMB-AGRI-03420,Morogoro,1,2.9,Cashew,2988848.044330391,0,1556000.0,0
NMB-AGRI-03421,Mbeya,1,5.7,Rice,3433920.0625261245,0,1068000.0,1
NMB-AGRI-03422,Mwanza,0,7.5,Cashew,9073254.629561651,0,3405000.0,0
NMB-AGRI-03423,Arusha,1,6.2,Coffee,5349538.093306616,0,2984000.0,0
NMB-AGRI-03424,Mbeya,1,4.2,Maize,2459731.654444723,0,3313000.0,0
NMB-AGRI-03425,Dodoma,1,1.6,Maize,2147946.2515402013,0,1850000.0,1
NMB-AGRI-03426,Arusha,0,7.9,Coffee,6621910.485741794,0,3895000.0,0
NMB-AGRI-03427,Mwanza,0,4.0,Cashew,2872995.3300462854,1,822000.0,0
NMB-AGRI-03428,Mwanza,0,7.5,Rice,10285890.484641323,1,2941000.0,1
NMB-AGRI-03429,Dodoma,1,5.4,Cashew,7571522.889613827,0,1522000.0,0
NMB-AGRI-03430,Dodoma,0,7.5,Maize,6292281.278936699,1,2733000.0,1
NMB-AGRI-03431,Arusha,1,9.1,Coffee,7778692.915460498,0,1753000.0,1
NMB-AGRI-03432,Morogoro,0,9.2,Coffee,9932582.453764925,0,3994000.0,0
NMB-AGRI-03433,Dodoma,1,5.6,Cashew,6907272.365339685,1,4478000.0,1
NMB-AGRI-03434,Morogoro,1,5.4,Cashew,3041005.690297063,0,3764000.0,1
NMB-AGRI-03435,Mbeya,0,3.0,Coffee,3280030.9715654156,0,1043000.0,0
NMB-AGRI-03436,Mwanza,0,9.4,Maize,13656508.580765666,0,1519000.0,1
NMB-AGRI-03437,Morogoro,0,4.9,Rice,3734260.0961817736,0,4613000.0,1
NMB-AGRI-03438,Mwanza,1,1.7,Rice,2395006.2639647876,0,2299000.0,0
NMB-AGRI-03439,Morogoro,1,4.6,Cashew,6670774.36751023,0,4718000.0,0
NMB-AGRI-03440,Mbeya,0,1.7,Coffee,1307561.1896508525,0,2084000.0,0
NMB-AGRI-03441,Dodoma,1,5.3,Coffee,6647269.889192357,1,4769000.0,0
NMB-AGRI-03442,Mbeya,0,5.8,Coffee,4284895.048253448,0,4644000.0,1
NMB-AGRI-03443,Dodoma,0,3.7,Maize,4579161.298408891,0,3371000.0,0
NMB-AGRI-03444,Dodoma,0,1.2,Cashew,1556903.965546591,0,242000.0,0
NMB-AGRI-03445,Mwanza,1,9.5,Cashew,7098454.185251169,1,2122000.0,1
NMB-AGRI-03446,Mbeya,0,7.8,Cashew,9483782.439949233,1,4574000.0,0
NMB-AGRI-03447,Morogoro,0,8.5,Maize,11152888.580344765,1,4449000.0,0
NMB-AGRI-03448,Mbeya,0,4.0,Cashew,3434315.488427647,0,1099000.0,1
NMB-AGRI-03449,Mwanza,0,7.7,Rice,5141311.375120897,0,2116000.0,0
NMB-AGRI-03450,Dodoma,1,5.1,Cashew,3019019.293319319,0,4210000.0,0
NMB-AGRI-03451,Mwanza,0,2.4,Cashew,2580916.0886638607,0,2974000.0,1
NMB-AGRI-03452,Arusha,0,1.7,Cashew,2512766.8028367124,0,4267000.0,0
NMB-AGRI-03453,Arusha,1,3.8,Maize,5027211.216084421,1,4168000.0,0
NMB-AGRI-03454,Morogoro,0,1.8,Rice,1684511.3500821951,0,4556000.0,0
NMB-AGRI-03455,Mwanza,1,10.0,Rice,10366209.028549585,1,763000.0,1
NMB-AGRI-03456,Morogoro,1,1.0,Coffee,779527.885411819,0,897000.0,1
NMB-AGRI-03457,Morogoro,0,4.7,Coffee,3116409.576592299,1,597000.0,1
NMB-AGRI-03458,Arusha,1,4.8,Rice,4713989.559514912,0,4689000.0,0
NMB-AGRI-03459,Morogoro,0,3.4,Cashew,3275905.3249684297,1,2481000.0,0
NMB-AGRI-03460,Arusha,1,5.9,Cashew,6029386.721542185,0,509000.0,1
NMB-AGRI-03461,Dodoma,1,1.9,Cashew,2760328.7125714878,1,1743000.0,1
NMB-AGRI-03462,Mwanza,0,7.9,Maize,8720772.871143699,0,1887000.0,1
NMB-AGRI-03463,Morogoro,1,3.7,Cashew,4091355.795502783,0,4086000.0,0
NMB-AGRI-03464,Arusha,1,6.1,Maize,3830951.053452568,0,3730000.0,0
NMB-AGRI-03465,Mbeya,1,7.3,Rice,10924368.723090788,0,3509000.0,1
NMB-AGRI-03466,Morogoro,1,8.9,Cashew,11328320.00368855,0,305000.0,1
NMB-AGRI-03467,Dodoma,1,8.4,Cashew,11568508.090389643,1,4571000.0,1
NMB-AGRI-03468,Dodoma,0,6.3,Coffee,5760092.594535262,0,1235000.0,1
NMB-AGRI-03469,Mbeya,0,4.2,Rice,4208938.0022996245,1,3219000.0,0
NMB-AGRI-03470,Arusha,1,5.3,Cashew,5417044.188560066,0,497000.0,1
NMB-AGRI-03471,Morogoro,0,7.8,Maize,5413937.406458921,0,591000.0,1
NMB-AGRI-03472,Arusha,1,8.8,Rice,10467504.575677224,0,246000.0,0
NMB-AGRI-03473,Dodoma,0,1.5,Coffee,2104465.085426185,1,2916000.0,0
NMB-AGRI-03474,Arusha,0,4.2,Rice,2787564.43618136,0,3221000.0,0
NMB-AGRI-03475,Dodoma,0,7.9,Maize,4631914.3605407,0,442000.0,0
NMB-AGRI-03476,Arusha,1,4.6,Coffee,5695806.965485574,0,1594000.0,0
NMB-AGRI-03477,Mbeya,1,3.7,Maize,2860846.777190034,0,4287000.0,0
NMB-AGRI-03478,Mwanza,1,4.4,Rice,4944995.183116249,0,686000.0,0
NMB-AGRI-03479,Mbeya,0,6.2,Coffee,7413701.69555152,0,1239000.0,0
NMB-AGRI-03480,Mbeya,1,10.0,Maize,8219107.635818218,0,2237000.0,0
NMB-AGRI-03481,Mwanza,0,5.2,Rice,6838751.906614079,0,4243000.0,1
NMB-AGRI-03482,Mwanza,1,2.5,Maize,2624972.4552855417,1,1423000.0,1
NMB-AGRI-03483,Morogoro,1,2.0,Cashew,2737998.8159036054,0,4986000.0,1
NMB-AGRI-03484,Morogoro,0,0.9,Rice,1136964.1973030528,1,1905000.0,0
NMB-AGRI-03485,Mbeya,1,5.8,Coffee,7937738.665817232,0,2055000.0,0
NMB-AGRI-03486,Mbeya,1,5.7,Coffee,2964919.8780719964,0,786000.0,0
NMB-AGRI-03487,Dodoma,0,2.4,Cashew,1784415.0257726272,0,3465000.0,1
NMB-AGRI-03488,Dodoma,1,7.1,Maize,4189056.377166164,0,1369000.0,1
NMB-AGRI-03489,Morogoro,1,7.5,Maize,7065622.628920118,0,3219000.0,0
NMB-AGRI-03490,Morogoro,0,3.0,Coffee,4169880.3648459543,0,1271000.0,1
NMB-AGRI-03491,Dodoma,0,3.8,Maize,3676652.9966141027,0,2062000.0,1
NMB-AGRI-03492,Dodoma,1,9.9,Rice,13362159.1413459,0,4312000.0,0
NMB-AGRI-03493,Arusha,1,4.1,Rice,3391430.775879203,0,3747000.0,1
NMB-AGRI-03494,Arusha,1,7.7,Coffee,6464689.560600444,0,942000.0,1
NMB-AGRI-03495,Dodoma,1,4.8,Rice,6698696.305569012,1,3117000.0,1
NMB-AGRI-03496,Arusha,1,8.0,Coffee,7406537.172093613,1,3217000.0,1
NMB-AGRI-03497,Mwanza,1,7.8,Maize,10060170.804798398,0,635000.0,0
NMB-AGRI-03498,Morogoro,1,6.8,Maize,5009176.125596929,1,2436000.0,1
NMB-AGRI-03499,Morogoro,1,8.6,Maize,12459687.135227663,1,1451000.0,1
NMB-AGRI-03500,Dodoma,0,9.4,Cashew,10101035.517387368,0,2442000.0,1
NMB-AGRI-03501,Mbeya,0,6.0,Coffee,7555941.411470412,0,3930000.0,0
NMB-AGRI-03502,Dodoma,0,2.8,Rice,1650643.9594256792,1,960000.0,1
NMB-AGRI-03503,Arusha,1,4.3,Maize,4268456.171071273,0,792000.0,1
NMB-AGRI-03504,Mbeya,1,7.7,Cashew,10787996.43255198,0,1493000.0,1
NMB-AGRI-03505,Arusha,0,6.7,Rice,9226158.814590141,0,4771000.0,1
NMB-AGRI-03506,Mwanza,0,2.2,Rice,1202990.7059153006,1,3790000.0,1
NMB-AGRI-03507,Arusha,1,1.0,Rice,803698.4691289468,1,293000.0,0
NMB-AGRI-03508,Mwanza,0,7.0,Maize,6603240.045353561,0,2125000.0,0
NMB-AGRI-03509,Mwanza,1,2.9,Rice,1949567.961631786,1,1436000.0,0
NMB-AGRI-03510,Arusha,1,5.2,Coffee,6395991.217147846,0,3263000.0,0
NMB-AGRI-03511,Arusha,1,7.6,Cashew,5202291.166550208,0,2405000.0,1
NMB-AGRI-03512,Mwanza,0,5.8,Rice,4910510.22734534,0,4830000.0,1
NMB-AGRI-03513,Mbeya,0,1.3,Rice,1512264.827915164,1,1251000.0,1
NMB-AGRI-03514,Mwanza,1,2.3,Coffee,2258805.4924063035,0,3022000.0,0
NMB-AGRI-03515,Morogoro,1,2.6,Rice,3220284.7004507245,0,3561000.0,1
NMB-AGRI-03516,Mwanza,1,2.9,Maize,4237502.913546293,0,4163000.0,0
NMB-AGRI-03517,Mbeya,0,5.9,Maize,3637625.4575196654,0,2153000.0,0
NMB-AGRI-03518,Morogoro,1,5.3,Maize,6410708.896909722,0,3497000.0,1
NMB-AGRI-03519,Dodoma,1,2.4,Rice,1752825.9735170747,0,1655000.0,1
NMB-AGRI-03520,Dodoma,1,1.1,Cashew,1005924.4001483263,1,2290000.0,0
NMB-AGRI-03521,Mbeya,1,2.1,Cashew,1119011.7241697935,0,4499000.0,1
NMB-AGRI-03522,Mwanza,0,9.9,Rice,6295483.08469772,0,4760000.0,0
NMB-AGRI-03523,Arusha,0,5.0,Cashew,4098886.4452444986,0,3650000.0,1
NMB-AGRI-03524,Mbeya,1,8.7,Cashew,7325276.506005468,0,1997000.0,1
NMB-AGRI-03525,Morogoro,1,8.6,Rice,12036432.861574022,0,4136000.0,0
NMB-AGRI-03526,Morogoro,0,5.4,Maize,6705789.710039183,1,324000.0,1
NMB-AGRI-03527,Dodoma,0,7.2,Rice,10599717.370946696,0,693000.0,1
NMB-AGRI-03528,Morogoro,1,2.3,Maize,2527864.473771053,1,3375000.0,0
NMB-AGRI-03529,Mbeya,0,7.0,Maize,5191996.124639226,1,1598000.0,0
NMB-AGRI-03530,Morogoro,0,3.1,Cashew,2565730.592757093,0,4767000.0,1
NMB-AGRI-03531,Mbeya,1,8.4,Cashew,6886621.755652524,0,2293000.0,0
NMB-AGRI-03532,Arusha,1,1.3,Maize,1074442.6259622271,0,2261000.0,1
NMB-AGRI-03533,Dodoma,1,7.8,Maize,9149120.550272163,0,3455000.0,1
NMB-AGRI-03534,Morogoro,0,1.4,Cashew,1443131.0993265826,0,3884000.0,1
NMB-AGRI-03535,Mbeya,1,8.9,Coffee,7880275.184971134,0,2483000.0,0
NMB-AGRI-03536,Mwanza,1,3.4,Maize,2206905.2136776363,0,1227000.0,1
NMB-AGRI-03537,Dodoma,1,6.7,Maize,3498332.391712378,1,3912000.0,1
NMB-AGRI-03538,Arusha,1,5.1,Maize,3666056.8556972323,0,1738000.0,0
NMB-AGRI-03539,Mbeya,0,4.0,Cashew,2429885.615874725,0,1041000.0,0
NMB-AGRI-03540,Arusha,0,6.6,Rice,8483937.20362478,0,3232000.0,0
NMB-AGRI-03541,Arusha,0,9.5,Maize,5818730.599231912,0,634000.0,1
NMB-AGRI-03542,Morogoro,0,0.9,Maize,1101805.4135761524,0,4862000.0,1
NMB-AGRI-03543,Morogoro,1,9.2,Maize,8148059.94593996,1,3236000.0,1
NMB-AGRI-03544,Mbeya,1,6.3,Rice,3612283.8553857883,1,4932000.0,0
NMB-AGRI-03545,Mwanza,1,8.2,Rice,10764386.405339003,0,1827000.0,1
NMB-AGRI-03546,Mbeya,1,4.1,Maize,4426485.337970115,0,4862000.0,1
NMB-AGRI-03547,Mwanza,0,5.0,Maize,3678807.5643178653,0,899000.0,1
NMB-AGRI-03548,Arusha,1,8.8,Coffee,12273194.33412748,0,395000.0,1
NMB-AGRI-03549,Dodoma,0,4.4,Rice,2399136.5810304265,1,358000.0,0
NMB-AGRI-03550,Mbeya,0,5.6,Coffee,3930189.8059074716,1,2431000.0,0
NMB-AGRI-03551,Mbeya,0,0.7,Maize,876432.8494641026,0,598000.0,0
NMB-AGRI-03552,Mwanza,1,2.0,Maize,2418755.8606197783,0,2658000.0,1
NMB-AGRI-03553,Arusha,1,6.6,Maize,5209193.178581554,0,1772000.0,0
NMB-AGRI-03554,Arusha,0,7.3,Maize,4102781.590075317,0,1811000.0,1
NMB-AGRI-03555,Mwanza,0,6.0,Cashew,8148468.433349663,0,3251000.0,1
NMB-AGRI-03556,Arusha,1,1.9,Cashew,1546025.5123328147,0,983000.0,1
NMB-AGRI-03557,Morogoro,0,4.7,Cashew,3269853.050162846,0,3879000.0,1
NMB-AGRI-03558,Dodoma,1,3.9,Coffee,3962641.1072078105,0,2994000.0,1
NMB-AGRI-03559,Mbeya,1,5.2,Rice,7333181.436268726,0,4592000.0,1
NMB-AGRI-03560,Dodoma,1,8.8,Maize,4783209.885021704,0,1951000.0,0
NMB-AGRI-03561,Mbeya,1,7.9,Rice,9999852.295444014,0,4917000.0,0
NMB-AGRI-03562,Morogoro,1,1.3,Cashew,1394215.1963203216,0,2964000.0,1
NMB-AGRI-03563,Arusha,1,9.0,Maize,8329042.048966352,0,4872000.0,1
NMB-AGRI-03564,Mwanza,1,5.0,Maize,6220402.2205253,1,330000.0,1
NMB-AGRI-03565,Morogoro,1,7.6,Coffee,11140265.625756405,0,3694000.0,1
NMB-AGRI-03566,Dodoma,0,1.8,Rice,1312571.180092844,1,4120000.0,1
NMB-AGRI-03567,Mwanza,1,6.9,Coffee,4441166.818997625,0,455000.0,1
NMB-AGRI-03568,Arusha,1,2.7,Cashew,3814780.712101282,0,2979000.0,0
NMB-AGRI-03569,Morogoro,1,4.7,Rice,5494079.464049327,0,4049000.0,0
NMB-AGRI-03570,Mwanza,1,0.7,Cashew,656590.2150933762,0,2893000.0,1
NMB-AGRI-03571,Morogoro,1,1.9,Coffee,2039193.183502138,0,506000.0,0
NMB-AGRI-03572,Morogoro,0,1.4,Coffee,1743859.4672467418,1,3529000.0,0
NMB-AGRI-03573,Arusha,1,2.8,Maize,3564489.316376008,0,491000.0,1
NMB-AGRI-03574,Mbeya,1,1.5,Rice,2129841.271228447,0,4124000.0,1
NMB-AGRI-03575,Mwanza,1,7.1,Rice,6580583.80115892,0,407000.0,0
NMB-AGRI-03576,Arusha,1,0.8,Maize,634728.728015516,0,860000.0,0
NMB-AGRI-03577,Morogoro,0,6.4,Rice,7293851.307454988,1,1521000.0,1
NMB-AGRI-03578,Arusha,1,1.8,Cashew,1648310.2187031547,1,3240000.0,0
NMB-AGRI-03579,Mbeya,0,9.5,Cashew,10398685.31251529,0,4887000.0,1
NMB-AGRI-03580,Mwanza,0,9.4,Coffee,8647866.505485931,0,766000.0,0
NMB-AGRI-03581,Mbeya,1,2.6,Cashew,1697789.0453632537,0,885000.0,1
NMB-AGRI-03582,Dodoma,0,6.3,Rice,6107388.535451437,1,1971000.0,1
NMB-AGRI-03583,Mwanza,1,0.8,Maize,952734.2575528263,0,4214000.0,0
NMB-AGRI-03584,Mbeya,0,9.4,Coffee,12213267.792075908,1,2443000.0,0
NMB-AGRI-03585,Morogoro,0,5.5,Maize,5463294.522381008,0,1744000.0,1
NMB-AGRI-03586,Mwanza,1,0.9,Coffee,598714.1011893608,1,2894000.0,1
NMB-AGRI-03587,Mwanza,1,3.8,Coffee,3475813.2966678394,0,1451000.0,1
NMB-AGRI-03588,Arusha,1,1.2,Maize,1543552.7146100379,0,2126000.0,1
NMB-AGRI-03589,Morogoro,1,4.2,Cashew,3834008.936591706,0,1797000.0,1
NMB-AGRI-03590,Dodoma,1,6.9,Cashew,8256062.475869135,1,4060000.0,0
NMB-AGRI-03591,Mbeya,0,5.0,Cashew,5036068.408390449,1,4636000.0,1
NMB-AGRI-03592,Arusha,0,4.1,Cashew,3039014.812948526,1,3846000.0,0
NMB-AGRI-03593,Mbeya,0,1.6,Maize,2073840.812836919,1,2308000.0,0
NMB-AGRI-03594,Dodoma,1,2.8,Rice,1635797.6713979237,0,2621000.0,1
NMB-AGRI-03595,Dodoma,1,1.5,Coffee,1537335.424132726,1,800000.0,0
NMB-AGRI-03596,Mwanza,1,8.2,Maize,5812906.48079592,1,3785000.0,0
NMB-AGRI-03597,Dodoma,1,1.8,Cashew,1020718.1313744761,0,3063000.0,1
NMB-AGRI-03598,Mbeya,1,6.2,Cashew,6218190.409916143,0,4532000.0,0
NMB-AGRI-03599,Morogoro,0,3.8,Maize,3798336.1925527095,0,1163000.0,0
NMB-AGRI-03600,Morogoro,0,2.6,Coffee,3137942.344356874,0,3847000.0,1
NMB-AGRI-03601,Mwanza,1,6.6,Maize,8215354.574142572,1,3486000.0,1
NMB-AGRI-03602,Mbeya,1,4.8,Maize,5893399.145725905,0,1476000.0,0
NMB-AGRI-03603,Mbeya,1,4.3,Rice,3911102.5515420465,0,3403000.0,1
NMB-AGRI-03604,Dodoma,0,6.1,Maize,6903307.7020820305,0,4637000.0,0
NMB-AGRI-03605,Mbeya,1,5.2,Rice,5600115.261748593,0,4608000.0,0
NMB-AGRI-03606,Arusha,0,3.4,Coffee,3133309.9707975267,0,3654000.0,1
NMB-AGRI-03607,Dodoma,0,5.8,Maize,6363833.62627876,1,431000.0,1
NMB-AGRI-03608,Arusha,1,6.9,Maize,9986010.349273212,0,4387000.0,1
NMB-AGRI-03609,Mwanza,0,0.8,Cashew,554314.9949451019,1,3357000.0,1
NMB-AGRI-03610,Morogoro,1,4.9,Maize,6888283.26934908,0,1690000.0,0
NMB-AGRI-03611,Mwanza,0,1.0,Cashew,553455.5139831983,1,1099000.0,1
NMB-AGRI-03612,Morogoro,1,2.3,Cashew,1859295.1896738196,0,758000.0,1
NMB-AGRI-03613,Mwanza,1,5.8,Cashew,4571242.441946863,0,441000.0,1
NMB-AGRI-03614,Mbeya,0,8.7,Coffee,9799376.43856388,0,3820000.0,0
NMB-AGRI-03615,Arusha,1,8.9,Rice,5617902.070817884,1,1332000.0,1
NMB-AGRI-03616,Morogoro,0,1.2,Cashew,1658817.1342077043,0,316000.0,0
NMB-AGRI-03617,Dodoma,1,4.5,Maize,5978481.338092686,0,2107000.0,0
NMB-AGRI-03618,Arusha,0,6.0,Maize,6912394.918111667,1,2517000.0,0
NMB-AGRI-03619,Dodoma,0,1.9,Cashew,1820986.2804051756,0,1012000.0,1
NMB-AGRI-03620,Arusha,0,7.8,Cashew,11177057.12870821,0,411000.0,1
NMB-AGRI-03621,Arusha,0,7.6,Maize,10113673.815876225,0,1108000.0,1
NMB-AGRI-03622,Mwanza,1,9.1,Cashew,9093767.847539328,0,3460000.0,1
NMB-AGRI-03623,Morogoro,0,0.6,Rice,721124.0126725866,0,595000.0,0
NMB-AGRI-03624,Morogoro,0,2.6,Rice,2774017.87566718,0,2864000.0,1
NMB-AGRI-03625,Arusha,1,8.4,Coffee,9138714.802461423,1,903000.0,1
NMB-AGRI-03626,Mbeya,0,6.9,Cashew,5733734.8791185515,0,1139000.0,0
NMB-AGRI-03627,Mbeya,1,9.0,Coffee,8658761.441624071,0,2087000.0,1
NMB-AGRI-03628,Dodoma,1,1.0,Coffee,578121.4307897442,0,684000.0,1
NMB-AGRI-03629,Dodoma,1,6.2,Coffee,5315561.888320474,0,1031000.0,1
NMB-AGRI-03630,Mwanza,1,5.9,Cashew,7055388.240636697,0,1875000.0,0
NMB-AGRI-03631,Arusha,1,0.8,Coffee,1162572.824404949,1,1782000.0,0
NMB-AGRI-03632,Dodoma,0,5.4,Rice,7900546.208920309,1,3797000.0,0
NMB-AGRI-03633,Dodoma,1,6.3,Coffee,6651054.075486817,1,559000.0,1
NMB-AGRI-03634,Arusha,1,2.3,Rice,2545231.1791620385,0,4330000.0,1
NMB-AGRI-03635,Mwanza,1,3.1,Rice,2125735.6750529995,1,4118000.0,0
NMB-AGRI-03636,Dodoma,1,6.6,Cashew,7889033.513417304,1,3877000.0,0
NMB-AGRI-03637,Mwanza,1,4.9,Coffee,2796228.0841044923,0,1685000.0,0
NMB-AGRI-03638,Morogoro,1,8.7,Cashew,6826765.466455167,0,4150000.0,0
NMB-AGRI-03639,Mwanza,1,3.8,Rice,4439780.71968468,0,1077000.0,1
NMB-AGRI-03640,Mbeya,1,3.0,Maize,2430930.394630468,0,797000.0,0
NMB-AGRI-03641,Mbeya,1,9.9,Coffee,5443484.053733098,1,416000.0,0
NMB-AGRI-03642,Mwanza,0,9.2,Cashew,12253207.766028866,0,4709000.0,1
NMB-AGRI-03643,Mbeya,1,0.8,Maize,648264.0057076504,0,1678000.0,0
NMB-AGRI-03644,Morogoro,1,7.8,Coffee,4392220.753897691,0,4605000.0,1
NMB-AGRI-03645,Arusha,0,1.5,Coffee,862182.2467542978,0,1509000.0,0
NMB-AGRI-03646,Mbeya,0,0.8,Cashew,601407.0390310029,0,4556000.0,0
NMB-AGRI-03647,Mbeya,1,3.1,Maize,2101849.436386731,1,4539000.0,1
NMB-AGRI-03648,Mwanza,0,3.1,Cashew,3950330.3651184677,0,4634000.0,1
NMB-AGRI-03649,Morogoro,0,8.3,Coffee,6819977.587336387,1,2582000.0,0
NMB-AGRI-03650,Arusha,1,7.3,Coffee,9524279.230790775,0,4357000.0,1
NMB-AGRI-03651,Mwanza,0,9.8,Rice,6603690.778666898,0,4764000.0,0
NMB-AGRI-03652,Mwanza,1,7.3,Coffee,7248018.010671811,0,1758000.0,1
NMB-AGRI-03653,Morogoro,0,4.5,Coffee,5346167.100989079,1,2211000.0,0
NMB-AGRI-03654,Arusha,0,7.1,Maize,8179135.062447569,0,3652000.0,1
NMB-AGRI-03655,Morogoro,1,10.0,Maize,11011294.099302687,0,1642000.0,1
NMB-AGRI-03656,Arusha,1,7.2,Rice,10258715.533904422,0,3818000.0,0
NMB-AGRI-03657,Morogoro,0,7.7,Rice,5609643.637341931,1,555000.0,0
NMB-AGRI-03658,Mwanza,0,9.4,Rice,9340960.52194379,0,2713000.0,1
NMB-AGRI-03659,Mwanza,1,1.6,Cashew,2214388.0801158543,0,787000.0,1
NMB-AGRI-03660,Dodoma,0,7.2,Cashew,4160835.1122851307,0,1608000.0,0
NMB-AGRI-03661,Mbeya,0,8.6,Rice,4780639.106976447,0,1441000.0,0
NMB-AGRI-03662,Morogoro,0,9.6,Cashew,7039701.960559596,1,4227000.0,0
NMB-AGRI-03663,Dodoma,1,2.5,Coffee,2832553.048845046,1,1129000.0,0
NMB-AGRI-03664,Mbeya,1,5.3,Rice,4027362.0201839763,0,4081000.0,1
NMB-AGRI-03665,Morogoro,1,7.0,Rice,4831679.186661593,1,4011000.0,0
NMB-AGRI-03666,Arusha,1,2.9,Cashew,2780526.714539047,1,2595000.0,0
NMB-AGRI-03667,Mbeya,1,6.2,Maize,6904308.026370352,0,1322000.0,1
NMB-AGRI-03668,Mwanza,1,2.9,Rice,2170817.350348547,1,1289000.0,1
NMB-AGRI-03669,Dodoma,1,3.7,Cashew,2962557.3908778457,0,2432000.0,0
NMB-AGRI-03670,Mbeya,0,4.7,Cashew,5233728.732614116,0,242000.0,0
NMB-AGRI-03671,Mbeya,1,5.5,Maize,7951561.320941989,0,2750000.0,0
NMB-AGRI-03672,Mwanza,1,4.8,Rice,5638760.291702824,0,4773000.0,0
NMB-AGRI-03673,Morogoro,1,5.2,Maize,6671101.546639712,0,943000.0,1
NMB-AGRI-03674,Arusha,0,3.3,Coffee,2860473.312693047,1,2952000.0,0
NMB-AGRI-03675,Mwanza,0,2.0,Maize,1544508.7187689322,1,4817000.0,0
NMB-AGRI-03676,Arusha,1,0.9,Maize,858840.9688823603,1,4331000.0,1
NMB-AGRI-03677,Morogoro,1,2.4,Cashew,3137118.7889080164,0,4282000.0,1
NMB-AGRI-03678,Mbeya,1,6.0,Maize,5737797.850743335,1,4145000.0,0
NMB-AGRI-03679,Arusha,0,8.0,Coffee,10773803.270318888,0,1683000.0,0
NMB-AGRI-03680,Dodoma,1,2.1,Cashew,3126421.159459767,0,4475000.0,1
NMB-AGRI-03681,Dodoma,1,1.5,Coffee,858039.9985955046,0,4718000.0,1
NMB-AGRI-03682,Mwanza,1,7.6,Maize,4145117.1862361482,0,2580000.0,1
NMB-AGRI-03683,Morogoro,1,3.4,Coffee,2208604.98990543,0,1902000.0,1
NMB-AGRI-03684,Mwanza,1,9.5,Coffee,8401511.91947629,0,2188000.0,1
NMB-AGRI-03685,Mwanza,1,7.3,Maize,4606608.126761657,1,1804000.0,0
NMB-AGRI-03686,Mwanza,1,3.6,Maize,4934392.119427522,1,1220000.0,0
NMB-AGRI-03687,Dodoma,1,3.3,Cashew,1726382.6283893106,1,3169000.0,0
NMB-AGRI-03688,Dodoma,0,5.5,Cashew,4486859.939847024,0,2900000.0,1
NMB-AGRI-03689,Mwanza,0,1.3,Rice,890103.018342467,1,2420000.0,0
NMB-AGRI-03690,Dodoma,1,1.6,Cashew,2290462.928252052,1,660000.0,0
NMB-AGRI-03691,Morogoro,1,2.2,Maize,2572858.2107580616,0,4025000.0,1
NMB-AGRI-03692,Mwanza,1,7.9,Coffee,11155039.025965858,1,1040000.0,1
NMB-AGRI-03693,Dodoma,1,5.4,Coffee,7950575.035676125,0,750000.0,0
NMB-AGRI-03694,Arusha,0,0.6,Cashew,598258.9462064215,0,3191000.0,0
NMB-AGRI-03695,Mwanza,1,6.9,Cashew,5066801.845531381,0,2113000.0,0
NMB-AGRI-03696,Mwanza,1,4.5,Maize,3121779.5378846517,0,487000.0,1
NMB-AGRI-03697,Morogoro,0,5.4,Coffee,3903761.853103539,1,1907000.0,0
NMB-AGRI-03698,Mbeya,0,2.5,Rice,3021483.269055007,0,3905000.0,1
NMB-AGRI-03699,Mbeya,1,5.7,Rice,3080540.650301104,0,3153000.0,0
NMB-AGRI-03700,Morogoro,0,9.8,Cashew,5403338.515720607,1,1941000.0,0
NMB-AGRI-03701,Morogoro,1,1.2,Rice,1329771.53085978,1,1121000.0,1
NMB-AGRI-03702,Morogoro,0,3.2,Maize,3654582.869559701,0,3233000.0,1
NMB-AGRI-03703,Mbeya,1,2.8,Rice,3262736.188102888,0,4460000.0,1
NMB-AGRI-03704,Morogoro,1,2.9,Cashew,2528453.463306914,0,3302000.0,1
NMB-AGRI-03705,Dodoma,1,4.1,Maize,5354374.043728028,0,4102000.0,1
NMB-AGRI-03706,Mwanza,1,8.3,Coffee,8579084.078130927,0,2703000.0,0
NMB-AGRI-03707,Mwanza,1,9.2,Maize,5570283.796086658,0,3646000.0,0
NMB-AGRI-03708,Arusha,0,2.4,Cashew,3113038.336961629,1,4502000.0,1
NMB-AGRI-03709,Arusha,0,5.7,Cashew,8282486.381741612,1,3911000.0,0
NMB-AGRI-03710,Mwanza,1,6.6,Rice,3696239.665815567,0,4567000.0,0
NMB-AGRI-03711,Dodoma,1,5.5,Rice,4902432.36285319,0,2269000.0,0
NMB-AGRI-03712,Mbeya,1,4.6,Coffee,4542573.806239839,0,4540000.0,1
NMB-AGRI-03713,Mbeya,0,2.3,Coffee,1486882.7481801289,0,3184000.0,1
NMB-AGRI-03714,Dodoma,0,5.1,Cashew,6975315.6336926725,0,4376000.0,1
NMB-AGRI-03715,Mbeya,0,4.3,Cashew,3371843.4730271893,0,389000.0,1
NMB-AGRI-03716,Morogoro,1,8.1,Cashew,10392369.173499098,0,3358000.0,0
NMB-AGRI-03717,Mwanza,1,7.8,Coffee,9133756.959820865,0,4270000.0,1
NMB-AGRI-03718,Mwanza,1,1.8,Cashew,1976482.4804406425,0,1036000.0,0
NMB-AGRI-03719,Dodoma,1,1.3,Coffee,899785.7033055208,0,3377000.0,1
NMB-AGRI-03720,Mbeya,0,9.1,Cashew,6558402.037013242,0,4160000.0,1
NMB-AGRI-03721,Arusha,0,5.6,Maize,3065151.066580788,0,1582000.0,0
NMB-AGRI-03722,Arusha,0,8.6,Maize,6370126.89612749,0,2145000.0,1
NMB-AGRI-03723,Mbeya,1,1.1,Cashew,929987.9704065655,0,2934000.0,1
NMB-AGRI-03724,Arusha,0,5.5,Maize,7332299.17124334,0,2692000.0,1
NMB-AGRI-03725,Dodoma,1,5.6,Coffee,4851798.93360291,0,388000.0,0
NMB-AGRI-03726,Dodoma,0,8.7,Rice,10915209.510060774,0,674000.0,1
NMB-AGRI-03727,Mbeya,1,1.4,Maize,1315219.1938136825,1,682000.0,1
NMB-AGRI-03728,Arusha,1,2.8,Rice,3597631.2735828874,0,1459000.0,0
NMB-AGRI-03729,Dodoma,1,4.4,Maize,6495595.041922976,0,1380000.0,0
NMB-AGRI-03730,Dodoma,1,8.7,Coffee,6436621.555100947,1,3763000.0,0
NMB-AGRI-03731,Morogoro,1,9.4,Maize,12806011.152460435,1,2949000.0,1
NMB-AGRI-03732,Morogoro,0,9.9,Maize,11106058.45442717,0,3867000.0,0
NMB-AGRI-03733,Dodoma,1,9.6,Cashew,12646024.911251087,1,536000.0,0
NMB-AGRI-03734,Mbeya,1,0.6,Rice,690951.5413606832,0,2529000.0,1
NMB-AGRI-03735,Mwanza,0,1.0,Rice,923949.5072741501,1,1754000.0,1
NMB-AGRI-03736,Mwanza,0,1.9,Coffee,1383342.3849394016,0,4280000.0,0
NMB-AGRI-03737,Dodoma,1,3.8,Coffee,2166133.856258427,1,3597000.0,0
NMB-AGRI-03738,Dodoma,1,8.4,Rice,8698354.261470024,1,4372000.0,0
NMB-AGRI-03739,Dodoma,1,9.0,Cashew,13412934.850741789,0,423000.0,0
NMB-AGRI-03740,Mbeya,1,2.3,Cashew,2847496.1515326737,1,3660000.0,0
NMB-AGRI-03741,Morogoro,0,6.4,Rice,5295011.464953707,0,2792000.0,1
NMB-AGRI-03742,Dodoma,0,9.2,Maize,12210284.160797963,0,4160000.0,1
NMB-AGRI-03743,Dodoma,1,4.9,Rice,6218021.600864392,0,2634000.0,0
NMB-AGRI-03744,Arusha,0,1.5,Maize,1172453.690030185,1,2793000.0,1
NMB-AGRI-03745,Mbeya,1,4.8,Rice,2468675.9510123264,0,448000.0,1
NMB-AGRI-03746,Dodoma,1,4.1,Maize,2534466.8179891934,0,3409000.0,0
NMB-AGRI-03747,Arusha,0,6.0,Cashew,8263837.141872346,0,1511000.0,1
NMB-AGRI-03748,Mwanza,1,4.7,Rice,6281846.265932898,0,295000.0,1
NMB-AGRI-03749,Dodoma,0,0.7,Coffee,556646.3006148536,0,519000.0,0
NMB-AGRI-03750,Dodoma,1,9.9,Maize,7773434.720215762,1,4795000.0,0
NMB-AGRI-03751,Arusha,0,5.7,Cashew,7369330.426484086,1,1861000.0,1
NMB-AGRI-03752,Mbeya,1,5.0,Coffee,7188687.34947711,0,4367000.0,0
NMB-AGRI-03753,Dodoma,0,9.6,Cashew,12279717.66525696,0,4806000.0,0
NMB-AGRI-03754,Mwanza,1,2.0,Maize,2211157.354061523,0,4728000.0,1
NMB-AGRI-03755,Dodoma,1,2.3,Rice,1708144.1057631501,0,4432000.0,1
NMB-AGRI-03756,Mwanza,0,8.2,Cashew,8411132.895581137,0,4495000.0,1
NMB-AGRI-03757,Morogoro,1,3.0,Rice,2200535.575779794,0,1587000.0,0
NMB-AGRI-03758,Morogoro,0,8.1,Rice,10594892.502783867,0,927000.0,1
NMB-AGRI-03759,Mwanza,1,3.1,Cashew,2749579.346504986,0,3268000.0,1
NMB-AGRI-03760,Mbeya,0,0.8,Cashew,1066957.773595221,1,2543000.0,0
NMB-AGRI-03761,Dodoma,1,5.4,Cashew,4760689.777106716,1,674000.0,1
NMB-AGRI-03762,Dodoma,0,2.4,Rice,3177958.5724797393,0,3452000.0,1
NMB-AGRI-03763,Morogoro,1,7.7,Coffee,6416547.1767723635,0,2902000.0,1
NMB-AGRI-03764,Mwanza,0,6.6,Maize,6204875.850476621,0,4343000.0,1
NMB-AGRI-03765,Dodoma,1,9.3,Coffee,10374042.299886717,1,3124000.0,0
NMB-AGRI-03766,Dodoma,0,7.9,Rice,4505272.150836358,0,2955000.0,0
NMB-AGRI-03767,Mbeya,1,2.2,Cashew,3186055.535994022,1,2316000.0,1
NMB-AGRI-03768,Arusha,1,8.1,Cashew,8696206.867602807,0,2421000.0,1
NMB-AGRI-03769,Morogoro,0,6.6,Maize,6651612.096959295,0,4781000.0,1
NMB-AGRI-03770,Morogoro,1,6.9,Maize,9241818.400727393,0,865000.0,0
NMB-AGRI-03771,Arusha,0,8.4,Coffee,11472406.931133352,0,2342000.0,0
NMB-AGRI-03772,Dodoma,0,6.0,Coffee,6133562.427174096,0,3348000.0,1
NMB-AGRI-03773,Mbeya,1,4.9,Maize,6993585.396388824,0,2278000.0,1
NMB-AGRI-03774,Mbeya,1,6.5,Rice,3670795.479497124,1,1559000.0,1
NMB-AGRI-03775,Morogoro,1,3.3,Coffee,2023645.1144290178,0,1579000.0,1
NMB-AGRI-03776,Mbeya,0,2.2,Cashew,2412934.1060317685,0,1322000.0,0
NMB-AGRI-03777,Arusha,0,6.4,Cashew,5466021.515478936,0,1851000.0,0
NMB-AGRI-03778,Dodoma,0,2.7,Rice,2603407.948710837,0,4384000.0,0
NMB-AGRI-03779,Arusha,1,1.3,Maize,1076502.9832663166,0,2625000.0,0
NMB-AGRI-03780,Mwanza,1,0.5,Coffee,452362.6557224678,0,1353000.0,1
NMB-AGRI-03781,Morogoro,1,6.3,Cashew,8332671.9870216865,0,2046000.0,1
NMB-AGRI-03782,Mbeya,0,3.9,Maize,4264557.179431788,0,708000.0,1
NMB-AGRI-03783,Mwanza,0,7.6,Coffee,11379818.574554585,0,4539000.0,1
NMB-AGRI-03784,Mbeya,0,4.1,Rice,5276204.711065947,0,2159000.0,1
NMB-AGRI-03785,Dodoma,0,5.1,Cashew,3945697.895919315,1,4906000.0,1
NMB-AGRI-03786,Dodoma,0,4.4,Rice,3363118.5179974637,0,1868000.0,1
NMB-AGRI-03787,Dodoma,1,6.7,Rice,5600518.409783948,1,4215000.0,0
NMB-AGRI-03788,Mbeya,1,3.9,Rice,5238711.974526197,0,1431000.0,0
NMB-AGRI-03789,Mwanza,1,9.7,Coffee,5114690.211310486,0,566000.0,1
NMB-AGRI-03790,Dodoma,1,9.4,Rice,6863704.021389823,0,352000.0,1
NMB-AGRI-03791,Mwanza,0,8.6,Coffee,12082298.414960695,0,3110000.0,1
NMB-AGRI-03792,Mbeya,1,9.2,Coffee,10487047.211965919,0,1696000.0,0
NMB-AGRI-03793,Mwanza,0,4.8,Rice,3488866.0584050706,0,2329000.0,0
NMB-AGRI-03794,Mbeya,1,5.6,Rice,4027211.82210245,0,4130000.0,0
NMB-AGRI-03795,Mbeya,1,7.5,Maize,10219635.763195729,0,1391000.0,0
NMB-AGRI-03796,Morogoro,0,7.1,Cashew,9895678.30876703,1,1682000.0,1
NMB-AGRI-03797,Mbeya,1,9.0,Maize,6805179.818659037,1,4258000.0,1
NMB-AGRI-03798,Mbeya,0,7.3,Cashew,6719725.613958686,0,2565000.0,1
NMB-AGRI-03799,Arusha,1,10.0,Cashew,13345957.38628317,0,4173000.0,0
NMB-AGRI-03800,Dodoma,1,3.8,Maize,4829828.266717564,0,1997000.0,1
NMB-AGRI-03801,Morogoro,0,8.4,Maize,11036895.29515511,0,2112000.0,0
NMB-AGRI-03802,Morogoro,1,7.1,Cashew,7230627.154594578,1,1002000.0,0
NMB-AGRI-03803,Morogoro,1,7.1,Cashew,10021998.242966728,0,4598000.0,1
NMB-AGRI-03804,Arusha,1,3.6,Cashew,2973425.558235967,0,4505000.0,0
NMB-AGRI-03805,Mbeya,0,8.0,Coffee,5253377.074780144,0,4924000.0,1
NMB-AGRI-03806,Dodoma,1,9.1,Cashew,10999464.22634027,1,2132000.0,0
NMB-AGRI-03807,Mwanza,0,2.6,Rice,2702321.481617931,0,4129000.0,0
NMB-AGRI-03808,Mbeya,0,6.4,Rice,8669348.92038068,0,2192000.0,1
NMB-AGRI-03809,Arusha,0,4.2,Rice,2440868.846323803,0,2381000.0,1
NMB-AGRI-03810,Mbeya,0,9.9,Maize,13302554.794036862,0,4184000.0,1
NMB-AGRI-03811,Mbeya,0,5.0,Maize,3966473.266044111,0,1051000.0,0
NMB-AGRI-03812,Arusha,1,2.7,Maize,3118110.3013540944,1,1257000.0,1
NMB-AGRI-03813,Morogoro,0,4.1,Cashew,2214528.0352208484,0,1711000.0,0
NMB-AGRI-03814,Morogoro,0,6.7,Rice,7434194.685234124,1,3983000.0,1
NMB-AGRI-03815,Dodoma,0,1.2,Cashew,1460726.0270248032,0,1989000.0,0
NMB-AGRI-03816,Dodoma,1,6.2,Coffee,5386251.329934846,0,1919000.0,0
NMB-AGRI-03817,Morogoro,1,9.3,Coffee,6653319.558937904,1,4994000.0,0
NMB-AGRI-03818,Mwanza,0,8.6,Maize,8923623.818790486,0,2042000.0,1
NMB-AGRI-03819,Mbeya,0,1.1,Coffee,1466509.8848792114,1,1389000.0,0
NMB-AGRI-03820,Mwanza,0,9.9,Rice,8153118.847136843,1,3191000.0,1
NMB-AGRI-03821,Mbeya,0,7.1,Coffee,5342532.012401084,0,4049000.0,1
NMB-AGRI-03822,Morogoro,0,2.0,Maize,1557870.6172753754,1,534000.0,1
NMB-AGRI-03823,Dodoma,1,0.6,Cashew,869479.2917499986,1,3171000.0,1
NMB-AGRI-03824,Dodoma,0,2.1,Coffee,1804481.5231055752,0,372000.0,0
NMB-AGRI-03825,Mwanza,1,8.5,Rice,4280636.039050441,0,2726000.0,1
NMB-AGRI-03826,Dodoma,0,0.7,Rice,897176.8455717338,0,1434000.0,0
NMB-AGRI-03827,Morogoro,1,2.7,Rice,3238041.9474055534,0,1672000.0,1
NMB-AGRI-03828,Mwanza,1,7.7,Cashew,4839975.637442861,0,2442000.0,1
NMB-AGRI-03829,Mbeya,1,6.1,Rice,9057915.919722967,0,4650000.0,1
NMB-AGRI-03830,Dodoma,0,7.9,Maize,8753692.053910378,0,3611000.0,1
NMB-AGRI-03831,Arusha,0,7.6,Maize,7605924.131148571,0,4697000.0,1
NMB-AGRI-03832,Dodoma,1,1.0,Rice,882219.2676228911,0,3368000.0,0
NMB-AGRI-03833,Mbeya,1,9.0,Coffee,12588054.80007274,0,234000.0,0
NMB-AGRI-03834,Mwanza,1,2.7,Rice,2008701.399830121,0,1475000.0,1
NMB-AGRI-03835,Mbeya,1,5.8,Maize,4557459.6212754315,1,4548000.0,1
NMB-AGRI-03836,Arusha,1,6.6,Maize,4107911.324131341,0,3289000.0,1
NMB-AGRI-03837,Morogoro,0,2.1,Maize,2644150.1007269463,0,4912000.0,0
NMB-AGRI-03838,Dodoma,1,9.8,Coffee,10736382.947977364,0,949000.0,0
NMB-AGRI-03839,Mwanza,0,5.1,Coffee,5656237.463197941,0,1624000.0,0
NMB-AGRI-03840,Morogoro,0,1.0,Coffee,718470.4310194636,0,1939000.0,1
NMB-AGRI-03841,Mbeya,1,9.4,Maize,10820982.857794588,1,1767000.0,1
NMB-AGRI-03842,Mwanza,0,6.1,Cashew,7719296.52820587,0,1410000.0,1
NMB-AGRI-03843,Morogoro,1,7.1,Rice,6091008.568152393,1,2329000.0,0
NMB-AGRI-03844,Mwanza,0,5.5,Rice,7157409.291789417,0,3283000.0,1
NMB-AGRI-03845,Arusha,1,8.4,Maize,7129840.943668976,0,1694000.0,0
NMB-AGRI-03846,Arusha,1,0.8,Coffee,1006510.7692074303,1,583000.0,0
NMB-AGRI-03847,Dodoma,1,3.0,Cashew,1601190.3223731571,1,3601000.0,1
NMB-AGRI-03848,Dodoma,0,5.0,Cashew,5255823.007368264,0,2403000.0,1
NMB-AGRI-03849,Arusha,1,1.2,Coffee,1763431.872767864,1,2871000.0,0
NMB-AGRI-03850,Mwanza,1,7.2,Rice,10664961.124913214,0,2386000.0,1
NMB-AGRI-03851,Arusha,1,4.2,Rice,3283360.829035311,1,4474000.0,0
NMB-AGRI-03852,Dodoma,0,3.1,Cashew,2918337.182349102,0,2882000.0,1
NMB-AGRI-03853,Arusha,1,0.5,Cashew,281488.9539933165,1,4632000.0,1
NMB-AGRI-03854,Arusha,1,7.3,Coffee,10025391.545513578,0,2651000.0,1
NMB-AGRI-03855,Mwanza,1,8.4,Rice,8976006.0863778,0,1604000.0,0
NMB-AGRI-03856,Morogoro,1,4.3,Cashew,3805932.919444223,0,1906000.0,1
NMB-AGRI-03857,Dodoma,1,5.9,Rice,3615346.2950860034,0,2706000.0,1
NMB-AGRI-03858,Mwanza,0,2.7,Cashew,3906271.6708416007,0,2744000.0,1
NMB-AGRI-03859,Arusha,0,6.4,Coffee,6593401.90605436,0,3499000.0,1
NMB-AGRI-03860,Arusha,0,0.6,Rice,469756.75744974235,0,1278000.0,0
NMB-AGRI-03861,Morogoro,1,5.1,Cashew,4336097.163670698,1,3362000.0,1
NMB-AGRI-03862,Dodoma,1,6.6,Cashew,5086601.394086175,0,3937000.0,0
NMB-AGRI-03863,Dodoma,0,9.2,Cashew,10136650.241484221,1,3448000.0,0
NMB-AGRI-03864,Mbeya,1,4.1,Cashew,5862850.66070009,0,2513000.0,0
NMB-AGRI-03865,Dodoma,1,7.8,Coffee,10582211.665947203,0,4960000.0,1
NMB-AGRI-03866,Morogoro,1,6.2,Rice,5954361.427641061,0,2143000.0,1
NMB-AGRI-03867,Mbeya,0,9.3,Rice,12336444.069399374,0,712000.0,0
NMB-AGRI-03868,Mbeya,0,4.3,Maize,3969353.569488218,0,4143000.0,0
NMB-AGRI-03869,Arusha,0,3.5,Rice,2633074.992655233,0,1219000.0,1
NMB-AGRI-03870,Arusha,0,8.9,Maize,13202394.525871208,0,3624000.0,1
NMB-AGRI-03871,Dodoma,0,1.0,Cashew,803887.5679708219,0,1059000.0,0
NMB-AGRI-03872,Mbeya,0,1.8,Coffee,1482703.615776435,0,281000.0,1
NMB-AGRI-03873,Arusha,1,1.3,Coffee,1936600.728122479,1,967000.0,0
NMB-AGRI-03874,Morogoro,0,8.5,Cashew,5388383.691908066,1,2010000.0,1
NMB-AGRI-03875,Arusha,1,0.6,Maize,756320.392805817,1,712000.0,1
NMB-AGRI-03876,Arusha,0,8.7,Cashew,12491570.998799719,1,1149000.0,1
NMB-AGRI-03877,Mbeya,0,4.8,Coffee,4856615.972522009,0,3870000.0,1
NMB-AGRI-03878,Mbeya,0,0.5,Coffee,251260.88085141,0,3895000.0,1
NMB-AGRI-03879,Mwanza,0,4.3,Rice,3762753.4596863566,1,4124000.0,0
NMB-AGRI-03880,Morogoro,1,2.3,Maize,1406608.6824851022,0,4238000.0,0
NMB-AGRI-03881,Mbeya,0,6.4,Rice,5863601.029975653,1,2218000.0,0
NMB-AGRI-03882,Dodoma,1,7.0,Coffee,9030187.331495993,0,4364000.0,0
NMB-AGRI-03883,Morogoro,1,5.1,Coffee,4787428.899307382,0,2724000.0,1
NMB-AGRI-03884,Morogoro,1,0.9,Rice,838732.6092113303,0,2459000.0,1
NMB-AGRI-03885,Mbeya,1,6.7,Rice,7080489.495356272,1,3649000.0,0
NMB-AGRI-03886,Morogoro,1,8.5,Coffee,9194369.970355282,1,1226000.0,0
NMB-AGRI-03887,Mbeya,0,7.3,Rice,9900963.054232491,1,3990000.0,1
NMB-AGRI-03888,Arusha,1,8.4,Rice,6790185.689523193,0,2261000.0,0
NMB-AGRI-03889,Mwanza,0,2.4,Maize,3172011.0344832377,0,811000.0,1
NMB-AGRI-03890,Arusha,0,8.9,Coffee,9486810.363359222,0,773000.0,0
NMB-AGRI-03891,Mbeya,1,3.6,Cashew,2881906.378981729,1,992000.0,0
NMB-AGRI-03892,Mbeya,1,0.6,Maize,477075.62640364625,0,4475000.0,1
NMB-AGRI-03893,Arusha,1,8.5,Cashew,7319668.895398658,0,4957000.0,1
NMB-AGRI-03894,Dodoma,0,9.4,Rice,10553316.48062777,0,1913000.0,0
NMB-AGRI-03895,Dodoma,1,6.7,Rice,4896438.600111659,0,1602000.0,1
NMB-AGRI-03896,Dodoma,0,2.7,Cashew,3834900.6165151224,0,1250000.0,1
NMB-AGRI-03897,Mbeya,0,2.9,Rice,3117246.494115911,0,4154000.0,1
NMB-AGRI-03898,Morogoro,0,4.9,Rice,6958077.307280433,0,1204000.0,0
NMB-AGRI-03899,Mbeya,1,9.0,Maize,4917639.227212393,1,4636000.0,0
NMB-AGRI-03900,Morogoro,0,1.9,Cashew,1600961.6038767993,0,3403000.0,0
NMB-AGRI-03901,Arusha,1,8.3,Maize,4339303.583707272,0,4506000.0,0
NMB-AGRI-03902,Mwanza,1,3.3,Cashew,2548430.9898233,0,2859000.0,0
NMB-AGRI-03903,Morogoro,1,8.2,Maize,11168453.072602421,1,3515000.0,1
NMB-AGRI-03904,Dodoma,1,9.2,Coffee,4936809.385748248,0,3173000.0,0
NMB-AGRI-03905,Mbeya,1,4.6,Coffee,4306276.659612426,0,4190000.0,1
NMB-AGRI-03906,Arusha,1,4.0,Cashew,2470268.281892911,0,4212000.0,1
NMB-AGRI-03907,Dodoma,1,8.1,Coffee,7426409.340008979,0,3031000.0,0
NMB-AGRI-03908,Arusha,0,5.5,Maize,7363683.713454075,1,3236000.0,1
NMB-AGRI-03909,Mwanza,1,7.0,Cashew,7861497.233817633,1,4625000.0,0
NMB-AGRI-03910,Mbeya,1,6.4,Coffee,7915240.610121109,0,4663000.0,1
NMB-AGRI-03911,Mbeya,0,2.0,Coffee,1698208.2308991621,0,3388000.0,0
NMB-AGRI-03912,Mwanza,0,8.5,Cashew,12277380.407586202,0,237000.0,1
NMB-AGRI-03913,Mbeya,1,2.4,Coffee,2902229.0250708,0,701000.0,1
NMB-AGRI-03914,Morogoro,0,9.4,Coffee,8664908.90127459,1,4318000.0,1
NMB-AGRI-03915,Arusha,1,2.9,Cashew,2686747.920658459,0,607000.0,1
NMB-AGRI-03916,Dodoma,0,7.5,Coffee,10640131.334574733,0,1225000.0,1
NMB-AGRI-03917,Mwanza,1,3.2,Coffee,3444495.0189932543,1,1307000.0,0
NMB-AGRI-03918,Morogoro,0,3.5,Coffee,4222327.234660646,0,3081000.0,0
NMB-AGRI-03919,Dodoma,1,3.4,Coffee,3117919.7633447805,0,2968000.0,1
NMB-AGRI-03920,Dodoma,1,7.6,Rice,5500065.012211827,0,1589000.0,1
NMB-AGRI-03921,Mwanza,1,5.8,Cashew,7096643.893567627,0,1197000.0,1
NMB-AGRI-03922,Morogoro,1,8.9,Rice,9859631.572058352,1,3870000.0,1
NMB-AGRI-03923,Dodoma,0,3.4,Rice,3404565.79344425,0,4690000.0,1
NMB-AGRI-03924,Dodoma,0,7.1,Maize,7980548.673960692,0,453000.0,1
NMB-AGRI-03925,Morogoro,0,7.7,Rice,5453799.012694599,0,839000.0,0
NMB-AGRI-03926,Mbeya,1,1.9,Rice,2458483.542410717,0,3282000.0,1
NMB-AGRI-03927,Dodoma,0,4.3,Maize,6227100.061587315,1,4061000.0,1
NMB-AGRI-03928,Arusha,0,5.1,Coffee,7094626.035255283,0,3998000.0,0
NMB-AGRI-03929,Morogoro,1,3.9,Coffee,3203599.406697367,1,3654000.0,1
NMB-AGRI-03930,Dodoma,1,3.6,Rice,3261620.7838154733,1,4460000.0,0
NMB-AGRI-03931,Mwanza,1,7.0,Maize,9158816.098582927,1,1243000.0,0
NMB-AGRI-03932,Arusha,0,2.6,Coffee,2847304.54014397,1,715000.0,0
NMB-AGRI-03933,Dodoma,0,7.2,Maize,7544983.994471875,0,3154000.0,1
NMB-AGRI-03934,Arusha,1,9.4,Cashew,13410434.494814385,1,4147000.0,0
NMB-AGRI-03935,Arusha,0,5.9,Cashew,6112547.2697646,0,2994000.0,0
NMB-AGRI-03936,Mbeya,1,6.3,Cashew,6394113.681400052,0,4822000.0,1
NMB-AGRI-03937,Arusha,1,1.2,Cashew,650422.3095196316,0,4019000.0,1
NMB-AGRI-03938,Mbeya,1,8.7,Rice,4953927.539734197,0,3564000.0,1
NMB-AGRI-03939,Morogoro,0,3.2,Cashew,1623744.9852180807,0,489000.0,1
NMB-AGRI-03940,Mbeya,1,6.3,Cashew,8903438.62243689,0,717000.0,0
NMB-AGRI-03941,Mwanza,1,9.8,Maize,8902189.268173467,0,3967000.0,1
NMB-AGRI-03942,Dodoma,1,6.2,Coffee,6005080.532027158,0,1152000.0,0
NMB-AGRI-03943,Morogoro,0,7.4,Maize,9955863.41218422,0,338000.0,1
NMB-AGRI-03944,Morogoro,0,4.7,Rice,5213457.658766157,1,4572000.0,1
NMB-AGRI-03945,Mwanza,0,1.1,Cashew,1220451.7560296394,0,4476000.0,0
NMB-AGRI-03946,Mbeya,1,8.1,Coffee,6451928.877773981,0,1249000.0,1
NMB-AGRI-03947,Dodoma,1,0.8,Coffee,1067126.6991396153,0,3945000.0,0
NMB-AGRI-03948,Mbeya,0,7.2,Cashew,4793975.827484355,0,430000.0,0
NMB-AGRI-03949,Arusha,1,0.7,Cashew,387204.71452106355,0,1568000.0,0
NMB-AGRI-03950,Mbeya,0,8.7,Rice,6016949.210411231,0,3194000.0,0
NMB-AGRI-03951,Morogoro,1,2.0,Rice,1535474.4375491294,0,3863000.0,0
NMB-AGRI-03952,Dodoma,1,5.4,Cashew,4224479.712412717,0,250000.0,0
NMB-AGRI-03953,Mbeya,0,6.2,Cashew,7257184.31143636,0,1766000.0,1
NMB-AGRI-03954,Dodoma,0,4.8,Cashew,3445558.019177489,1,1229000.0,0
NMB-AGRI-03955,Dodoma,0,3.7,Cashew,4353635.726631443,0,4994000.0,0
NMB-AGRI-03956,Arusha,1,4.9,Coffee,2896547.648845619,1,3421000.0,1
NMB-AGRI-03957,Arusha,1,3.5,Rice,2265208.6138426815,1,2147000.0,1
NMB-AGRI-03958,Morogoro,1,4.7,Cashew,4741460.807907676,0,563000.0,0
NMB-AGRI-03959,Mwanza,0,3.9,Cashew,5545393.6300489055,1,3074000.0,0
NMB-AGRI-03960,Dodoma,1,5.9,Coffee,8021448.773985573,1,3280000.0,1
NMB-AGRI-03961,Mwanza,0,2.8,Maize,4112509.638839849,0,4119000.0,0
NMB-AGRI-03962,Morogoro,1,9.9,Cashew,11389742.746253893,0,1585000.0,0
NMB-AGRI-03963,Dodoma,0,5.3,Coffee,6231818.7920052875,0,4911000.0,1
NMB-AGRI-03964,Dodoma,1,2.3,Coffee,2587552.897542432,0,2309000.0,1
NMB-AGRI-03965,Mwanza,1,5.0,Maize,5614094.614290986,0,1621000.0,1
NMB-AGRI-03966,Mbeya,1,8.7,Rice,5629947.002087986,1,1873000.0,0
NMB-AGRI-03967,Arusha,1,0.7,Rice,730617.26931475,1,2694000.0,0
NMB-AGRI-03968,Mbeya,0,7.0,Rice,6202475.53416208,0,4696000.0,1
NMB-AGRI-03969,Mwanza,0,5.7,Cashew,5372462.129930573,1,3729000.0,1
NMB-AGRI-03970,Arusha,1,2.1,Rice,2149561.2034243983,1,2970000.0,1
NMB-AGRI-03971,Mbeya,0,8.3,Cashew,5215688.225958689,0,981000.0,1
NMB-AGRI-03972,Arusha,0,4.0,Cashew,3437950.9354084795,0,917000.0,0
NMB-AGRI-03973,Dodoma,1,3.3,Coffee,1859383.5508927917,0,2611000.0,0
NMB-AGRI-03974,Mbeya,1,8.4,Rice,12429212.295548152,1,3698000.0,0
NMB-AGRI-03975,Arusha,0,6.6,Rice,4082284.990212832,1,3805000.0,1
NMB-AGRI-03976,Arusha,0,9.0,Rice,6826722.64690459,0,1284000.0,1
NMB-AGRI-03977,Arusha,0,6.5,Cashew,9043404.023572082,0,680000.0,1
NMB-AGRI-03978,Mbeya,1,7.5,Cashew,7370325.346793564,1,2045000.0,0
NMB-AGRI-03979,Morogoro,1,8.4,Rice,5339352.492773294,1,4607000.0,1
NMB-AGRI-03980,Mbeya,1,1.0,Cashew,884230.5380393489,0,2818000.0,0
NMB-AGRI-03981,Mwanza,1,7.9,Cashew,4865357.154111948,0,1736000.0,1
NMB-AGRI-03982,Mbeya,0,6.3,Maize,4411360.781632361,1,1753000.0,1
NMB-AGRI-03983,Arusha,1,1.2,Maize,662435.8163398141,0,834000.0,1
NMB-AGRI-03984,Dodoma,1,5.3,Rice,4972605.721110229,0,2471000.0,0
NMB-AGRI-03985,Mbeya,0,1.3,Rice,1698626.9582428378,1,3999000.0,1
NMB-AGRI-03986,Mbeya,1,7.5,Maize,8144768.840249216,0,4849000.0,1
NMB-AGRI-03987,Arusha,1,5.7,Cashew,6306168.241262287,1,2608000.0,0
NMB-AGRI-03988,Dodoma,1,9.6,Cashew,6725606.688799107,0,1003000.0,0
NMB-AGRI-03989,Dodoma,1,2.2,Coffee,1856566.4551552061,0,3478000.0,1
NMB-AGRI-03990,Mwanza,0,6.3,Rice,8475025.254197242,0,3833000.0,1
NMB-AGRI-03991,Mbeya,0,2.5,Rice,1469640.4608162865,0,544000.0,1
NMB-AGRI-03992,Dodoma,1,6.3,Rice,8554963.118111761,0,4281000.0,0
NMB-AGRI-03993,Dodoma,0,7.4,Coffee,7279306.194359413,0,4181000.0,0
NMB-AGRI-03994,Morogoro,1,7.4,Coffee,9894890.991805866,0,2468000.0,1
NMB-AGRI-03995,Morogoro,1,8.2,Cashew,6707652.639034082,1,2890000.0,0
NMB-AGRI-03996,Dodoma,1,8.6,Maize,7214049.383613979,0,3624000.0,1
NMB-AGRI-03997,Mwanza,1,1.2,Maize,1501925.8419877712,0,3448000.0,1
NMB-AGRI-03998,Dodoma,1,3.8,Maize,4882985.458890436,0,279000.0,0
NMB-AGRI-03999,Arusha,1,7.0,Cashew,5107512.745931027,0,788000.0,1
NMB-AGRI-04000,Mbeya,1,5.2,Maize,7658930.88907391,0,980000.0,0
NMB-AGRI-04001,Mwanza,0,2.3,Coffee,1344327.2397631065,0,3827000.0,0
NMB-AGRI-04002,Arusha,0,5.8,Coffee,3297317.185992359,1,2312000.0,1
NMB-AGRI-04003,Mwanza,0,4.4,Rice,4820218.547258852,0,2818000.0,1
NMB-AGRI-04004,Arusha,0,4.2,Maize,5135511.22464081,0,3909000.0,1
NMB-AGRI-04005,Mbeya,0,8.2,Coffee,11979266.259644784,0,1837000.0,0
NMB-AGRI-04006,Mbeya,0,4.4,Rice,3981761.435514991,0,3795000.0,1
NMB-AGRI-04007,Morogoro,1,0.8,Maize,420233.1271917065,0,2323000.0,1
NMB-AGRI-04008,Arusha,1,1.1,Maize,1213185.9733910477,1,2010000.0,1
NMB-AGRI-04009,Morogoro,0,8.6,Coffee,6791385.777149438,0,1799000.0,0
NMB-AGRI-04010,Arusha,1,9.6,Rice,8956292.363475861,0,4832000.0,1
NMB-AGRI-04011,Morogoro,1,7.0,Rice,6919286.375749547,0,3905000.0,1
NMB-AGRI-04012,Mbeya,0,4.0,Coffee,2258050.442952135,1,297000.0,0
NMB-AGRI-04013,Mwanza,1,9.4,Coffee,9268228.774902567,0,4796000.0,1
NMB-AGRI-04014,Morogoro,1,6.8,Coffee,6298973.7342693405,0,3922000.0,1
NMB-AGRI-04015,Arusha,0,8.5,Maize,10306626.254936043,0,916000.0,0
NMB-AGRI-04016,Arusha,1,7.8,Coffee,8936194.107456287,1,566000.0,0
NMB-AGRI-04017,Mbeya,0,4.1,Coffee,2809384.4444172997,0,1679000.0,1
NMB-AGRI-04018,Arusha,1,5.0,Cashew,3530694.591051985,0,3196000.0,1
NMB-AGRI-04019,Dodoma,0,2.3,Coffee,1727314.2111810583,1,3159000.0,1
NMB-AGRI-04020,Mwanza,1,3.3,Coffee,2240536.452980685,0,1524000.0,1
NMB-AGRI-04021,Morogoro,1,7.9,Maize,9141984.27738089,0,2339000.0,0
NMB-AGRI-04022,Mwanza,1,9.0,Rice,13449871.612802437,0,1217000.0,0
NMB-AGRI-04023,Mbeya,0,7.4,Maize,8525601.719817933,1,443000.0,0
NMB-AGRI-04024,Morogoro,1,4.9,Cashew,5422739.576337327,0,2681000.0,1
NMB-AGRI-04025,Morogoro,1,1.3,Coffee,1182906.3133563942,0,1866000.0,0
NMB-AGRI-04026,Dodoma,1,1.0,Coffee,812580.2588597607,1,2806000.0,0
NMB-AGRI-04027,Mbeya,1,4.1,Coffee,5785402.403316564,0,4743000.0,0
NMB-AGRI-04028,Arusha,1,4.9,Coffee,7198109.18329655,0,888000.0,1
NMB-AGRI-04029,Dodoma,1,6.3,Coffee,6279689.906202685,1,209000.0,0
NMB-AGRI-04030,Dodoma,1,0.6,Coffee,474120.2973039344,0,569000.0,1
NMB-AGRI-04031,Mwanza,1,9.9,Cashew,12574209.855930699,0,2421000.0,1
NMB-AGRI-04032,Mwanza,1,4.0,Coffee,2529827.163467514,0,3593000.0,0
NMB-AGRI-04033,Mwanza,1,8.6,Coffee,10884058.84373566,0,2988000.0,1
NMB-AGRI-04034,Dodoma,0,5.6,Coffee,7386110.896143496,1,2575000.0,1
NMB-AGRI-04035,Arusha,1,1.7,Cashew,1062336.7058661846,0,1899000.0,0
NMB-AGRI-04036,Morogoro,1,8.1,Coffee,11962577.897252167,0,1688000.0,0
NMB-AGRI-04037,Mwanza,0,7.2,Cashew,10695688.490797045,1,2006000.0,0
NMB-AGRI-04038,Arusha,1,5.5,Maize,7901957.1363004325,0,3136000.0,1
NMB-AGRI-04039,Mbeya,1,5.4,Coffee,5378587.970793827,0,1005000.0,1
NMB-AGRI-04040,Mwanza,0,1.3,Rice,969896.384959877,0,3903000.0,0
NMB-AGRI-04041,Morogoro,1,6.7,Cashew,7249462.181908817,0,2961000.0,1
NMB-AGRI-04042,Mbeya,0,9.2,Maize,8463391.313937208,0,1492000.0,0
NMB-AGRI-04043,Mbeya,0,1.4,Cashew,988328.1026040758,0,2606000.0,1
NMB-AGRI-04044,Morogoro,1,3.0,Cashew,2771029.2288535424,0,4821000.0,1
NMB-AGRI-04045,Mwanza,0,9.1,Maize,10591397.504666075,0,298000.0,1
NMB-AGRI-04046,Dodoma,0,3.2,Coffee,1826922.5945151714,0,1158000.0,0
NMB-AGRI-04047,Morogoro,1,6.7,Coffee,5583900.609688312,0,2352000.0,1
NMB-AGRI-04048,Morogoro,0,5.6,Cashew,2899651.384071821,0,3265000.0,1
NMB-AGRI-04049,Morogoro,1,6.2,Maize,7746872.133862389,0,1219000.0,1
NMB-AGRI-04050,Mbeya,1,4.4,Coffee,5019041.577513484,0,4671000.0,1
NMB-AGRI-04051,Arusha,0,3.3,Cashew,1856818.0445164873,0,3284000.0,1
NMB-AGRI-04052,Dodoma,0,1.0,Rice,1464737.5596019677,0,4412000.0,1
NMB-AGRI-04053,Mwanza,1,7.6,Maize,3971923.8341659647,0,1781000.0,0
NMB-AGRI-04054,Mwanza,1,7.6,Rice,8283700.913218273,0,4179000.0,1
NMB-AGRI-04055,Arusha,0,6.9,Rice,8806935.486413486,0,2015000.0,1
NMB-AGRI-04056,Morogoro,1,6.6,Cashew,8500115.666095173,0,1413000.0,0
NMB-AGRI-04057,Dodoma,0,2.8,Maize,1495998.3796609705,1,4576000.0,1
NMB-AGRI-04058,Mwanza,1,0.7,Coffee,984490.5928483075,1,643000.0,0
NMB-AGRI-04059,Mwanza,0,8.2,Coffee,11631303.7098024,0,4726000.0,1
NMB-AGRI-04060,Morogoro,0,5.2,Cashew,5519229.940402738,0,2401000.0,1
NMB-AGRI-04061,Arusha,0,3.4,Coffee,3339082.8762162966,0,4965000.0,1
NMB-AGRI-04062,Dodoma,1,1.5,Coffee,817301.1945938997,1,2790000.0,0
NMB-AGRI-04063,Arusha,1,1.1,Rice,1168149.5567608555,1,3836000.0,0
NMB-AGRI-04064,Arusha,1,3.8,Rice,3455640.510726877,0,234000.0,1
NMB-AGRI-04065,Dodoma,0,8.1,Maize,10309731.900010115,1,2584000.0,0
NMB-AGRI-04066,Dodoma,0,9.2,Rice,8315728.815352008,0,3740000.0,1
NMB-AGRI-04067,Mwanza,0,9.0,Coffee,10652227.49992239,0,3958000.0,1
NMB-AGRI-04068,Mwanza,1,9.2,Maize,5532954.945385283,1,959000.0,0
NMB-AGRI-04069,Dodoma,1,9.1,Maize,5759865.663970299,0,2211000.0,0
NMB-AGRI-04070,Mbeya,1,5.5,Cashew,3518406.048570371,1,2212000.0,1
NMB-AGRI-04071,Mwanza,0,2.6,Rice,1418366.2994793332,0,697000.0,1
NMB-AGRI-04072,Mbeya,1,8.1,Maize,8434763.76008541,0,2327000.0,0
NMB-AGRI-04073,Dodoma,0,2.5,Coffee,3234919.31510909,0,4074000.0,0
NMB-AGRI-04074,Mwanza,1,3.0,Maize,3331233.611080998,0,1641000.0,1
NMB-AGRI-04075,Arusha,0,2.7,Maize,2902378.1909927116,0,2276000.0,0
NMB-AGRI-04076,Dodoma,1,5.4,Cashew,6375369.213374777,0,4813000.0,1
NMB-AGRI-04077,Morogoro,0,3.6,Coffee,3022723.1630592537,0,352000.0,0
NMB-AGRI-04078,Mbeya,1,2.0,Coffee,1723908.1432964578,0,3039000.0,0
NMB-AGRI-04079,Dodoma,1,4.8,Rice,3908496.471460428,1,3768000.0,0
NMB-AGRI-04080,Dodoma,1,8.8,Coffee,10666558.609111466,0,3852000.0,0
NMB-AGRI-04081,Mwanza,1,5.9,Maize,3903677.980457569,0,3637000.0,1
NMB-AGRI-04082,Mwanza,1,8.8,Coffee,4514622.466753734,0,3687000.0,1
NMB-AGRI-04083,Mwanza,1,2.4,Coffee,2630871.4721339815,0,483000.0,1
NMB-AGRI-04084,Morogoro,1,2.1,Maize,3029000.8659418314,0,2764000.0,1
NMB-AGRI-04085,Mwanza,0,6.0,Cashew,6656447.501977827,0,3958000.0,1
NMB-AGRI-04086,Dodoma,1,4.9,Rice,6286316.099410386,0,652000.0,0
NMB-AGRI-04087,Mwanza,1,6.8,Rice,7974976.824369005,0,258000.0,1
NMB-AGRI-04088,Arusha,0,8.0,Cashew,7979493.22818413,0,4110000.0,1
NMB-AGRI-04089,Mwanza,1,7.6,Maize,9259782.253557228,1,3619000.0,1
NMB-AGRI-04090,Morogoro,0,9.5,Rice,12578989.176624607,0,2179000.0,0
NMB-AGRI-04091,Arusha,0,4.3,Cashew,3116346.0699383016,1,4714000.0,1
NMB-AGRI-04092,Dodoma,0,2.5,Cashew,2090326.2012078636,0,3880000.0,1
NMB-AGRI-04093,Dodoma,0,5.7,Cashew,4125236.6752687185,0,4846000.0,0
NMB-AGRI-04094,Mbeya,1,1.6,Rice,1523476.7289447058,0,4661000.0,0
NMB-AGRI-04095,Arusha,1,3.2,Rice,4432206.562933336,1,2510000.0,0
NMB-AGRI-04096,Mbeya,1,2.5,Rice,2113017.752088331,0,3823000.0,0
NMB-AGRI-04097,Arusha,1,4.3,Rice,3760207.623261379,0,3412000.0,1
NMB-AGRI-04098,Arusha,0,1.6,Coffee,2176587.5754750906,0,4095000.0,0
NMB-AGRI-04099,Morogoro,1,0.8,Cashew,812299.4645957402,0,3981000.0,1
NMB-AGRI-04100,Mbeya,1,6.7,Coffee,6937508.297637811,1,936000.0,1
NMB-AGRI-04101,Morogoro,1,6.3,Cashew,8573047.58099294,1,1322000.0,1
NMB-AGRI-04102,Arusha,1,7.2,Rice,7131792.5065834075,1,1476000.0,1
NMB-AGRI-04103,Dodoma,1,6.8,Rice,8034591.235479888,0,4129000.0,1
NMB-AGRI-04104,Arusha,1,1.6,Coffee,937031.4653984972,1,4092000.0,1
NMB-AGRI-04105,Morogoro,1,3.3,Maize,2239484.6533187213,0,2578000.0,0
NMB-AGRI-04106,Mbeya,0,1.7,Rice,1537439.5412176175,0,2988000.0,1
NMB-AGRI-04107,Mbeya,0,8.5,Maize,8456132.076468937,1,4169000.0,0
NMB-AGRI-04108,Morogoro,1,7.6,Cashew,11139576.129395343,0,1700000.0,1
NMB-AGRI-04109,Mbeya,1,2.4,Coffee,3529563.919314696,0,441000.0,0
NMB-AGRI-04110,Mwanza,1,3.7,Maize,4999429.223671418,0,2516000.0,1
NMB-AGRI-04111,Dodoma,1,9.7,Maize,7911308.702270073,0,4586000.0,0
NMB-AGRI-04112,Dodoma,0,6.1,Rice,8930572.574077882,0,3994000.0,0
NMB-AGRI-04113,Dodoma,0,8.1,Maize,9633661.00387732,0,1960000.0,0
NMB-AGRI-04114,Mbeya,1,3.0,Maize,2678820.3834522013,1,511000.0,1
NMB-AGRI-04115,Mbeya,1,2.5,Cashew,3004187.292461916,1,3257000.0,1
NMB-AGRI-04116,Arusha,0,7.9,Coffee,4080529.5653135604,1,4206000.0,1
NMB-AGRI-04117,Arusha,1,7.0,Rice,4523082.775919495,0,3392000.0,1
NMB-AGRI-04118,Dodoma,1,7.0,Rice,9307799.980894573,1,2240000.0,1
NMB-AGRI-04119,Mwanza,1,5.8,Maize,6644327.0938643925,1,792000.0,0
NMB-AGRI-04120,Arusha,1,5.9,Cashew,5098748.737622117,0,4572000.0,1
NMB-AGRI-04121,Arusha,0,7.5,Maize,7504999.80167039,0,1525000.0,1
NMB-AGRI-04122,Mbeya,1,3.1,Maize,4355940.6639018785,0,1277000.0,1
NMB-AGRI-04123,Mwanza,1,3.9,Rice,4413154.626968437,0,4117000.0,1
NMB-AGRI-04124,Dodoma,1,8.8,Maize,7903713.698622107,0,4910000.0,0
NMB-AGRI-04125,Arusha,0,3.4,Maize,2109110.635151619,0,3369000.0,0
NMB-AGRI-04126,Mwanza,1,5.7,Cashew,4524356.769265697,0,3199000.0,1
NMB-AGRI-04127,Mwanza,0,7.2,Rice,10644049.6761354,0,1733000.0,1
NMB-AGRI-04128,Dodoma,0,10.0,Coffee,9373630.628517775,0,298000.0,0
NMB-AGRI-04129,Mwanza,1,4.6,Cashew,4470461.533686359,1,1121000.0,1
NMB-AGRI-04130,Mwanza,0,4.6,Cashew,4593550.949026271,1,3005000.0,0
NMB-AGRI-04131,Mwanza,1,8.5,Cashew,11764884.195059795,0,926000.0,0
NMB-AGRI-04132,Arusha,0,8.2,Rice,9052211.931959542,0,4442000.0,1
NMB-AGRI-04133,Dodoma,1,7.4,Maize,8833210.069744226,0,1103000.0,1
NMB-AGRI-04134,Mwanza,0,4.9,Coffee,4358126.35849061,0,2706000.0,1
NMB-AGRI-04135,Mwanza,0,3.6,Rice,1904715.4269203078,0,2658000.0,0
NMB-AGRI-04136,Arusha,0,6.3,Maize,9015129.35972992,1,3099000.0,1
NMB-AGRI-04137,Dodoma,1,8.8,Cashew,12752323.592064377,0,1772000.0,1
NMB-AGRI-04138,Mbeya,1,8.9,Rice,12897462.174797656,1,4393000.0,0
NMB-AGRI-04139,Arusha,0,1.5,Maize,2165530.6299700746,1,2333000.0,0
NMB-AGRI-04140,Dodoma,1,4.6,Coffee,6050112.92891998,0,3561000.0,1
NMB-AGRI-04141,Mwanza,1,4.9,Coffee,5804520.6455700025,0,3252000.0,1
NMB-AGRI-04142,Dodoma,1,9.8,Maize,13176197.199019399,0,762000.0,0
NMB-AGRI-04143,Dodoma,0,6.9,Rice,7593769.04910715,0,3189000.0,1
NMB-AGRI-04144,Dodoma,1,4.4,Cashew,2791226.3011249043,0,2843000.0,1
NMB-AGRI-04145,Mbeya,0,0.7,Maize,623852.7155289947,1,4513000.0,0
NMB-AGRI-04146,Dodoma,0,5.9,Cashew,8680639.980640333,1,4428000.0,1
NMB-AGRI-04147,Mbeya,1,1.4,Coffee,1191592.9390339188,1,925000.0,1
NMB-AGRI-04148,Mwanza,1,8.4,Maize,11489754.475343503,0,592000.0,1
NMB-AGRI-04149,Mbeya,0,7.6,Coffee,4508407.177889008,0,1614000.0,1
NMB-AGRI-04150,Mwanza,0,4.9,Cashew,4087500.8276398014,0,4936000.0,0
NMB-AGRI-04151,Mwanza,1,4.6,Cashew,3914385.2937459457,0,304000.0,0
NMB-AGRI-04152,Mbeya,1,9.0,Maize,4964422.887980822,0,3430000.0,0
NMB-AGRI-04153,Arusha,0,3.2,Maize,1981101.8565976159,0,3121000.0,0
NMB-AGRI-04154,Morogoro,1,2.9,Maize,2010179.112253136,0,3304000.0,0
NMB-AGRI-04155,Dodoma,0,9.4,Coffee,12575466.553615062,1,1248000.0,1
NMB-AGRI-04156,Morogoro,0,8.2,Cashew,4619896.317506412,1,1288000.0,1
NMB-AGRI-04157,Dodoma,1,8.3,Cashew,6629217.481158415,0,2267000.0,0
NMB-AGRI-04158,Dodoma,0,2.4,Coffee,1224420.006214242,1,660000.0,1
NMB-AGRI-04159,Mwanza,0,1.9,Maize,2271692.716265747,0,558000.0,1
NMB-AGRI-04160,Dodoma,1,0.7,Rice,784212.163030366,0,624000.0,1
NMB-AGRI-04161,Dodoma,1,2.8,Maize,3205950.333748797,1,2950000.0,1
NMB-AGRI-04162,Mbeya,0,7.9,Rice,6907623.999245488,0,2109000.0,1
NMB-AGRI-04163,Morogoro,1,2.8,Rice,1983149.899549193,1,1609000.0,0
NMB-AGRI-04164,Mbeya,1,7.4,Coffee,9030369.578316648,0,1716000.0,1
NMB-AGRI-04165,Dodoma,0,2.9,Cashew,3802241.830948016,1,1195000.0,0
NMB-AGRI-04166,Mwanza,1,4.3,Cashew,2745986.4418222676,1,2175000.0,1
NMB-AGRI-04167,Mbeya,0,9.8,Cashew,9670928.39378673,0,1175000.0,1
NMB-AGRI-04168,Mbeya,1,2.8,Cashew,2096403.9095408148,0,3551000.0,1
NMB-AGRI-04169,Arusha,1,4.1,Coffee,2739238.130945148,0,795000.0,1
NMB-AGRI-04170,Dodoma,1,3.4,Rice,4196706.065882997,0,4752000.0,0
NMB-AGRI-04171,Mwanza,0,1.5,Cashew,1557145.4032092555,0,631000.0,1
NMB-AGRI-04172,Mbeya,1,5.2,Rice,3724163.7283690725,1,4729000.0,1
NMB-AGRI-04173,Mbeya,1,4.1,Coffee,3321000.0459673344,0,4200000.0,1
NMB-AGRI-04174,Mwanza,0,7.1,Maize,10413241.06642697,1,3467000.0,1
NMB-AGRI-04175,Dodoma,0,8.3,Coffee,11194040.38708102,1,4579000.0,1
NMB-AGRI-04176,Arusha,0,5.7,Cashew,7865696.434376833,0,868000.0,1
NMB-AGRI-04177,Mbeya,1,0.8,Maize,768009.6776645664,0,1046000.0,1
NMB-AGRI-04178,Arusha,1,6.4,Coffee,7192366.489093601,0,1410000.0,0
NMB-AGRI-04179,Morogoro,0,1.0,Coffee,876767.7402044116,0,1375000.0,0
NMB-AGRI-04180,Dodoma,1,6.4,Rice,3697356.6444089,0,1692000.0,1
NMB-AGRI-04181,Morogoro,1,7.0,Coffee,6307485.174597478,0,2963000.0,0
NMB-AGRI-04182,Morogoro,1,2.4,Maize,2625553.8076971476,0,335000.0,0
NMB-AGRI-04183,Morogoro,0,8.3,Coffee,6533297.447375491,0,2035000.0,0
NMB-AGRI-04184,Dodoma,1,9.2,Cashew,12401145.287492225,1,1383000.0,1
NMB-AGRI-04185,Dodoma,0,8.2,Rice,5339021.305231708,1,3112000.0,1
NMB-AGRI-04186,Mwanza,0,3.4,Maize,2948238.9040855276,0,4929000.0,1
NMB-AGRI-04187,Arusha,1,6.1,Maize,3811913.822477638,0,2685000.0,1
NMB-AGRI-04188,Arusha,0,9.2,Coffee,8324455.632664072,1,2243000.0,1
NMB-AGRI-04189,Mwanza,0,3.5,Cashew,1888814.5674099464,1,1968000.0,1
NMB-AGRI-04190,Mwanza,0,8.3,Rice,6412159.979011658,0,3968000.0,0
NMB-AGRI-04191,Morogoro,0,0.6,Maize,540441.1530682101,0,546000.0,1
NMB-AGRI-04192,Mwanza,0,0.5,Rice,489082.6816383458,0,4807000.0,1
NMB-AGRI-04193,Mbeya,1,7.7,Coffee,8036461.960258592,0,2206000.0,0
NMB-AGRI-04194,Arusha,0,7.7,Cashew,5967431.699382376,0,1706000.0,0
NMB-AGRI-04195,Mwanza,0,8.0,Coffee,8184330.676918979,0,4876000.0,1
NMB-AGRI-04196,Mbeya,0,9.3,Rice,9383742.980527157,0,4692000.0,1
NMB-AGRI-04197,Mbeya,1,1.6,Coffee,1305884.8814019335,0,3281000.0,1
NMB-AGRI-04198,Mbeya,1,2.7,Rice,3591540.8927724916,0,289000.0,0
NMB-AGRI-04199,Mbeya,0,9.1,Maize,9515334.252001442,0,3793000.0,1
NMB-AGRI-04200,Morogoro,1,2.2,Maize,1830993.381242399,1,1811000.0,1
NMB-AGRI-04201,Mbeya,0,7.0,Coffee,10131369.584565435,0,2064000.0,1
NMB-AGRI-04202,Morogoro,0,5.5,Maize,7398118.271891386,1,962000.0,0
NMB-AGRI-04203,Morogoro,0,1.3,Rice,1927364.1550173413,0,2713000.0,1
NMB-AGRI-04204,Mbeya,0,3.2,Maize,3815148.398865347,0,3774000.0,1
NMB-AGRI-04205,Arusha,0,5.4,Cashew,4742403.689732654,0,1510000.0,1
NMB-AGRI-04206,Mbeya,1,8.6,Cashew,6715401.733439506,0,4706000.0,0
NMB-AGRI-04207,Mbeya,0,7.2,Coffee,8375888.474456263,0,1135000.0,0
NMB-AGRI-04208,Mbeya,1,6.4,Coffee,9477226.127969945,0,518000.0,0
NMB-AGRI-04209,Arusha,0,5.2,Coffee,5858918.416540015,1,3293000.0,0
NMB-AGRI-04210,Dodoma,0,3.3,Coffee,4559329.305266466,1,4277000.0,1
NMB-AGRI-04211,Dodoma,1,1.6,Rice,1326565.48967643,0,4775000.0,1
NMB-AGRI-04212,Morogoro,1,4.4,Rice,3990596.6428867253,1,3882000.0,1
NMB-AGRI-04213,Morogoro,0,0.8,Cashew,1125020.1916714828,0,1158000.0,1
NMB-AGRI-04214,Arusha,1,2.5,Rice,3142166.754894547,0,4893000.0,1
NMB-AGRI-04215,Mwanza,0,4.6,Maize,6814487.473692366,0,4613000.0,1
NMB-AGRI-04216,Dodoma,0,4.5,Cashew,5736438.943795089,0,983000.0,1
NMB-AGRI-04217,Morogoro,0,0.9,Coffee,853664.1364964086,0,2882000.0,1
NMB-AGRI-04218,Dodoma,0,6.1,Coffee,6289514.920916414,0,2866000.0,0
NMB-AGRI-04219,Arusha,0,5.7,Rice,7982938.307039878,0,2324000.0,1
NMB-AGRI-04220,Arusha,0,1.2,Cashew,1261976.0833176572,0,4925000.0,1
NMB-AGRI-04221,Mwanza,1,9.5,Rice,7176275.05456223,0,486000.0,1
NMB-AGRI-04222,Mwanza,0,1.4,Rice,1309867.7378779291,0,3211000.0,0
NMB-AGRI-04223,Arusha,1,8.6,Rice,8740317.504102413,0,1185000.0,0
NMB-AGRI-04224,Morogoro,0,0.5,Cashew,298359.9167755648,0,2731000.0,1
NMB-AGRI-04225,Dodoma,1,8.9,Coffee,11069487.800850721,1,3943000.0,1
NMB-AGRI-04226,Mbeya,1,0.7,Maize,426547.7533484811,0,1384000.0,0
NMB-AGRI-04227,Mwanza,0,7.7,Coffee,6967866.392939803,0,2088000.0,1
NMB-AGRI-04228,Mbeya,0,3.9,Cashew,5088027.522007578,0,4764000.0,0
NMB-AGRI-04229,Morogoro,1,7.5,Coffee,7256777.712099727,1,3855000.0,1
NMB-AGRI-04230,Mwanza,1,4.3,Coffee,5770666.734789584,0,2949000.0,1
NMB-AGRI-04231,Mbeya,0,1.2,Maize,1010257.5864673378,0,1266000.0,0
NMB-AGRI-04232,Morogoro,0,7.8,Coffee,11369563.093187796,0,2241000.0,1
NMB-AGRI-04233,Dodoma,1,1.2,Coffee,851362.1181662827,1,3915000.0,1
NMB-AGRI-04234,Morogoro,0,9.3,Coffee,5005856.548400503,0,4139000.0,1
NMB-AGRI-04235,Mwanza,1,1.0,Rice,1372426.5429904186,0,1374000.0,0
NMB-AGRI-04236,Arusha,0,5.1,Cashew,6386233.851347081,0,3378000.0,1
NMB-AGRI-04237,Dodoma,0,7.4,Cashew,5416680.394298559,0,656000.0,1
NMB-AGRI-04238,Mbeya,1,4.2,Maize,6235914.74997403,0,311000.0,1
NMB-AGRI-04239,Mwanza,1,2.6,Rice,2605928.3360981727,1,2834000.0,0
NMB-AGRI-04240,Arusha,0,7.7,Rice,11173203.88911006,0,1277000.0,1
NMB-AGRI-04241,Morogoro,1,8.0,Coffee,8040230.171095994,0,579000.0,1
NMB-AGRI-04242,Arusha,1,9.3,Cashew,9038433.656973006,0,3703000.0,0
NMB-AGRI-04243,Mwanza,1,4.1,Maize,3891468.0022923066,0,2590000.0,0
NMB-AGRI-04244,Mwanza,0,5.3,Rice,4424838.963504636,0,4022000.0,0
NMB-AGRI-04245,Arusha,1,3.9,Coffee,4031435.838988552,0,3387000.0,1
NMB-AGRI-04246,Morogoro,1,2.9,Maize,2762408.5196508467,0,3703000.0,0
NMB-AGRI-04247,Arusha,1,7.6,Rice,4079276.2623390113,0,1675000.0,1
NMB-AGRI-04248,Mwanza,1,3.7,Maize,2813610.3636669596,0,1464000.0,1
NMB-AGRI-04249,Mwanza,0,4.6,Rice,3280364.880485568,1,3084000.0,0
NMB-AGRI-04250,Mbeya,1,4.3,Maize,5879973.0899805855,0,1160000.0,0
NMB-AGRI-04251,Mbeya,1,7.3,Rice,8021750.833755941,1,4114000.0,0
NMB-AGRI-04252,Dodoma,0,9.2,Rice,11625884.524137491,0,2710000.0,0
NMB-AGRI-04253,Mwanza,1,6.8,Maize,9906417.05669511,0,1290000.0,0
NMB-AGRI-04254,Mbeya,0,5.0,Rice,5720196.362632049,0,3201000.0,1
NMB-AGRI-04255,Arusha,1,7.9,Rice,11712618.932097482,0,4736000.0,0
NMB-AGRI-04256,Morogoro,0,6.6,Rice,5357642.740904056,0,594000.0,1
NMB-AGRI-04257,Arusha,1,1.1,Maize,754893.9005441833,1,725000.0,1
NMB-AGRI-04258,Morogoro,1,1.4,Maize,1264633.843190076,1,4250000.0,1
NMB-AGRI-04259,Mbeya,1,0.9,Rice,873719.4734422271,0,726000.0,1
NMB-AGRI-04260,Dodoma,1,4.8,Rice,6697735.405692409,1,389000.0,0
NMB-AGRI-04261,Arusha,1,8.3,Maize,8797505.644004414,0,1870000.0,1
NMB-AGRI-04262,Arusha,0,3.5,Coffee,2772633.4979630597,1,2440000.0,0
NMB-AGRI-04263,Arusha,1,4.1,Rice,5094800.559756835,0,2933000.0,0
NMB-AGRI-04264,Morogoro,1,9.1,Coffee,9153070.627965545,1,2635000.0,1
NMB-AGRI-04265,Mbeya,1,8.5,Maize,5628121.534838947,0,4583000.0,1
NMB-AGRI-04266,Arusha,0,6.8,Rice,7322374.555620515,1,3890000.0,0
NMB-AGRI-04267,Arusha,1,3.0,Coffee,4234183.610421851,0,4922000.0,0
NMB-AGRI-04268,Dodoma,1,1.6,Maize,2148196.1879613125,0,2487000.0,1
NMB-AGRI-04269,Dodoma,1,0.7,Coffee,760766.9808447317,0,605000.0,1
NMB-AGRI-04270,Mbeya,0,1.5,Cashew,1315624.7608274822,1,4787000.0,1
NMB-AGRI-04271,Mbeya,0,3.3,Maize,1937029.8785118966,0,220000.0,1
NMB-AGRI-04272,Mwanza,1,5.7,Cashew,5526998.8629902555,0,3925000.0,1
NMB-AGRI-04273,Dodoma,0,1.1,Maize,1377287.3812825372,0,350000.0,0
NMB-AGRI-04274,Mwanza,1,1.8,Maize,1548492.695519419,1,3854000.0,1
NMB-AGRI-04275,Morogoro,0,2.2,Rice,1617983.016213662,0,4702000.0,0
NMB-AGRI-04276,Mwanza,1,6.5,Cashew,9303968.175261198,0,2068000.0,0
NMB-AGRI-04277,Arusha,0,6.4,Cashew,8457956.482931152,1,1357000.0,1
NMB-AGRI-04278,Mwanza,1,5.7,Cashew,6488171.030694825,0,1286000.0,1
NMB-AGRI-04279,Mbeya,1,2.9,Maize,1846671.6973695061,0,2560000.0,0
NMB-AGRI-04280,Morogoro,0,4.0,Cashew,2579635.361624692,0,1020000.0,0
NMB-AGRI-04281,Arusha,0,1.4,Cashew,844507.4280380905,1,3430000.0,0
NMB-AGRI-04282,Mwanza,0,2.7,Rice,3014001.000610407,0,1968000.0,1
NMB-AGRI-04283,Morogoro,1,9.0,Coffee,5540065.168260023,0,1751000.0,1
NMB-AGRI-04284,Morogoro,1,9.8,Coffee,13157746.548853807,1,2414000.0,0
NMB-AGRI-04285,Arusha,1,6.7,Cashew,10002865.512189459,0,2804000.0,1
NMB-AGRI-04286,Mwanza,1,9.2,Cashew,7970403.29931972,1,881000.0,0
NMB-AGRI-04287,Morogoro,1,6.6,Cashew,6294220.9899828425,0,3597000.0,1
NMB-AGRI-04288,Morogoro,0,0.8,Cashew,969333.741588543,0,4438000.0,0
NMB-AGRI-04289,Dodoma,0,10.0,Coffee,14371530.06325766,0,1534000.0,1
NMB-AGRI-04290,Morogoro,0,1.4,Rice,1951731.2829789391,0,1066000.0,0
NMB-AGRI-04291,Dodoma,1,7.0,Maize,3903142.8012489397,0,3850000.0,1
NMB-AGRI-04292,Mwanza,1,2.9,Cashew,1940308.2274146185,0,1081000.0,0
NMB-AGRI-04293,Mwanza,0,4.2,Cashew,5269308.233942728,1,398000.0,1
NMB-AGRI-04294,Mwanza,1,6.6,Coffee,7846694.513014152,0,3172000.0,1
NMB-AGRI-04295,Mbeya,1,4.6,Cashew,2912805.532584567,1,1351000.0,1
NMB-AGRI-04296,Mwanza,1,2.9,Rice,2905987.287804546,0,1025000.0,0
NMB-AGRI-04297,Morogoro,0,3.7,Rice,4739014.135015594,0,4912000.0,1
NMB-AGRI-04298,Arusha,0,3.7,Cashew,2659488.5243719667,1,1601000.0,1
NMB-AGRI-04299,Dodoma,1,9.6,Coffee,13164361.303052794,0,4537000.0,1
NMB-AGRI-04300,Mbeya,1,8.1,Cashew,4479071.37604498,1,1055000.0,1
NMB-AGRI-04301,Mwanza,1,4.9,Cashew,6282755.916833564,0,4131000.0,1
NMB-AGRI-04302,Mwanza,0,2.4,Coffee,2677965.3594956887,0,2610000.0,1
NMB-AGRI-04303,Arusha,0,8.2,Rice,6684634.642565662,0,577000.0,0
NMB-AGRI-04304,Arusha,1,2.0,Maize,2441865.0966838226,0,3721000.0,1
NMB-AGRI-04305,Mbeya,1,2.5,Cashew,3205914.487877899,0,4482000.0,0
NMB-AGRI-04306,Dodoma,1,4.0,Rice,5735595.885215877,1,982000.0,0
NMB-AGRI-04307,Mwanza,1,8.9,Cashew,7723194.582172946,0,3683000.0,0
NMB-AGRI-04308,Mbeya,0,1.8,Maize,2134830.124763919,0,2336000.0,0
NMB-AGRI-04309,Morogoro,1,1.7,Coffee,1874447.6707889743,1,3819000.0,1
NMB-AGRI-04310,Morogoro,1,5.2,Rice,5331071.561176861,1,3627000.0,0
NMB-AGRI-04311,Mbeya,0,3.1,Maize,4310291.069880618,0,328000.0,1
NMB-AGRI-04312,Mwanza,1,5.9,Cashew,2968687.153416562,0,1058000.0,1
NMB-AGRI-04313,Mbeya,0,4.8,Maize,3754135.7092972687,0,2461000.0,0
NMB-AGRI-04314,Mwanza,0,4.6,Rice,4776075.301906218,0,4681000.0,0
NMB-AGRI-04315,Arusha,0,1.6,Coffee,1085269.218618484,0,1842000.0,1
NMB-AGRI-04316,Mbeya,0,1.8,Cashew,2534159.760718965,1,3219000.0,1
NMB-AGRI-04317,Mwanza,0,8.3,Coffee,9525039.476188026,0,258000.0,0
NMB-AGRI-04318,Mbeya,1,8.9,Coffee,8703158.65222471,0,3613000.0,1
NMB-AGRI-04319,Mbeya,1,2.7,Maize,3549694.749479967,1,3095000.0,0
NMB-AGRI-04320,Mwanza,1,1.6,Maize,1521417.906344166,0,3634000.0,1
NMB-AGRI-04321,Mwanza,0,1.0,Rice,1058653.0119300094,1,4542000.0,1
NMB-AGRI-04322,Dodoma,0,6.3,Rice,3167331.2719897022,0,903000.0,1
NMB-AGRI-04323,Mbeya,1,7.3,Coffee,6319613.870424036,0,1456000.0,0
NMB-AGRI-04324,Morogoro,0,4.0,Rice,2555161.889403879,1,4980000.0,0
NMB-AGRI-04325,Mbeya,0,7.0,Coffee,8327820.764636038,0,950000.0,0
NMB-AGRI-04326,Mbeya,1,7.3,Cashew,7146896.800522856,1,3659000.0,1
NMB-AGRI-04327,Mwanza,1,9.4,Coffee,7536521.038152169,0,3680000.0,0
NMB-AGRI-04328,Mbeya,1,1.1,Rice,1064615.5733089168,1,3478000.0,1
NMB-AGRI-04329,Mbeya,1,2.3,Rice,1632148.7422880959,0,1292000.0,0
NMB-AGRI-04330,Morogoro,0,1.2,Coffee,1710103.9589833687,0,1233000.0,1
NMB-AGRI-04331,Mwanza,1,8.7,Maize,4819561.903192943,0,3398000.0,1
NMB-AGRI-04332,Mbeya,0,8.0,Coffee,10923336.282368962,0,1094000.0,1
NMB-AGRI-04333,Arusha,1,6.0,Coffee,6068152.732400105,0,3376000.0,0
NMB-AGRI-04334,Dodoma,0,1.3,Maize,1454630.4449804623,0,2564000.0,1
NMB-AGRI-04335,Morogoro,1,3.1,Cashew,2488077.424816982,0,2056000.0,0
NMB-AGRI-04336,Mbeya,0,3.3,Maize,4840102.135421259,0,1641000.0,1
NMB-AGRI-04337,Arusha,1,5.8,Rice,4534735.559413041,1,4748000.0,1
NMB-AGRI-04338,Mbeya,1,3.0,Maize,3266633.9914209126,0,2639000.0,1
NMB-AGRI-04339,Mbeya,1,1.2,Rice,1792100.0461285545,0,2894000.0,1
NMB-AGRI-04340,Mwanza,1,7.4,Rice,10220098.533237498,0,4756000.0,0
NMB-AGRI-04341,Mwanza,1,3.3,Coffee,3419888.42344415,0,3339000.0,0
NMB-AGRI-04342,Mwanza,1,4.8,Coffee,7153797.710242617,1,4798000.0,0
NMB-AGRI-04343,Arusha,1,1.7,Cashew,2042328.764945445,0,711000.0,1
NMB-AGRI-04344,Mbeya,1,8.1,Rice,5740473.370748655,0,4264000.0,0
NMB-AGRI-04345,Dodoma,1,5.9,Coffee,5343017.641571258,0,1810000.0,1
NMB-AGRI-04346,Morogoro,1,9.1,Rice,7593889.339505114,1,4090000.0,0
NMB-AGRI-04347,Mwanza,1,5.2,Cashew,4388871.283010184,0,4307000.0,1
NMB-AGRI-04348,Mwanza,1,9.4,Rice,11848290.529982744,1,1503000.0,0
NMB-AGRI-04349,Mbeya,1,9.0,Cashew,9758366.345455142,0,2162000.0,0
NMB-AGRI-04350,Mbeya,1,6.0,Cashew,3228556.269537171,1,3685000.0,1
NMB-AGRI-04351,Arusha,1,9.4,Cashew,12948015.746319177,0,675000.0,1
NMB-AGRI-04352,Arusha,0,3.6,Coffee,2868466.1057285923,1,3827000.0,0
NMB-AGRI-04353,Mwanza,1,4.0,Maize,5988299.507652575,0,730000.0,1
NMB-AGRI-04354,Mbeya,1,0.9,Maize,1308771.6573013072,0,4589000.0,1
NMB-AGRI-04355,Dodoma,1,6.1,Coffee,8787237.371759987,1,1526000.0,0
NMB-AGRI-04356,Morogoro,1,7.4,Rice,9702344.270073406,0,2963000.0,0
NMB-AGRI-04357,Mbeya,0,7.8,Coffee,5620783.987131632,0,762000.0,0
NMB-AGRI-04358,Mbeya,1,1.9,Rice,1962002.2136546858,1,1494000.0,1
NMB-AGRI-04359,Arusha,1,4.7,Cashew,3404222.3460773807,0,2139000.0,1
NMB-AGRI-04360,Morogoro,1,2.2,Coffee,1671286.0022956885,0,2538000.0,1
NMB-AGRI-04361,Mwanza,0,6.8,Maize,7554472.032166687,0,200000.0,0
NMB-AGRI-04362,Mbeya,1,2.0,Rice,1081667.0907061268,0,4466000.0,0
NMB-AGRI-04363,Mwanza,1,9.1,Coffee,13372072.95806844,1,237000.0,1
NMB-AGRI-04364,Mbeya,0,2.7,Coffee,3830417.5659605046,0,3914000.0,0
NMB-AGRI-04365,Mwanza,0,3.3,Rice,2906532.9881204753,0,2459000.0,0
NMB-AGRI-04366,Morogoro,0,8.6,Cashew,8732633.052859452,0,2715000.0,0
NMB-AGRI-04367,Arusha,1,4.9,Cashew,4733985.154412019,0,1200000.0,1
NMB-AGRI-04368,Morogoro,0,0.7,Cashew,967539.8450322289,1,3115000.0,0
NMB-AGRI-04369,Dodoma,0,5.2,Cashew,6180729.756843777,1,2779000.0,0
NMB-AGRI-04370,Arusha,1,1.3,Rice,1011544.6216516633,0,988000.0,1
NMB-AGRI-04371,Morogoro,0,9.9,Maize,9373728.419206439,0,1343000.0,1
NMB-AGRI-04372,Dodoma,0,6.1,Coffee,5666692.451689258,1,521000.0,1
NMB-AGRI-04373,Mbeya,1,2.9,Coffee,4232071.988023364,0,518000.0,0
NMB-AGRI-04374,Mbeya,1,5.9,Cashew,3984334.3720363746,0,266000.0,0
NMB-AGRI-04375,Mwanza,1,1.2,Rice,707491.6047533149,0,1258000.0,1
NMB-AGRI-04376,Arusha,1,8.1,Maize,11183012.54050969,0,3462000.0,0
NMB-AGRI-04377,Mbeya,1,9.3,Maize,12989179.7024046,1,1718000.0,1
NMB-AGRI-04378,Arusha,1,8.8,Coffee,12071303.97362705,0,1845000.0,0
NMB-AGRI-04379,Mbeya,0,3.7,Cashew,3740614.5878145588,1,833000.0,0
NMB-AGRI-04380,Mwanza,0,3.6,Coffee,4175079.941770057,0,2962000.0,0
NMB-AGRI-04381,Morogoro,1,0.8,Coffee,850690.4380487871,0,1842000.0,1
NMB-AGRI-04382,Mwanza,0,6.7,Maize,3815300.434564486,1,3446000.0,0
NMB-AGRI-04383,Dodoma,1,5.6,Rice,6136675.422644044,1,3759000.0,1
NMB-AGRI-04384,Mbeya,1,4.9,Maize,2516709.3215548946,1,3007000.0,1
NMB-AGRI-04385,Dodoma,0,9.1,Coffee,7507385.426969484,0,1525000.0,1
NMB-AGRI-04386,Dodoma,0,2.1,Cashew,3007814.409333651,1,2641000.0,0
NMB-AGRI-04387,Arusha,0,0.6,Cashew,482427.16178148455,0,1409000.0,0
NMB-AGRI-04388,Mbeya,1,1.2,Rice,1727791.9711730976,0,4534000.0,0
NMB-AGRI-04389,Dodoma,1,2.6,Rice,1950348.2885880352,0,3879000.0,0
NMB-AGRI-04390,Morogoro,1,0.8,Rice,651649.792369226,0,2566000.0,1
NMB-AGRI-04391,Dodoma,0,5.3,Coffee,5980559.731124334,1,4834000.0,1
NMB-AGRI-04392,Morogoro,1,3.5,Coffee,4415694.404762532,0,2824000.0,1
NMB-AGRI-04393,Arusha,1,2.2,Rice,2203053.089610745,0,1777000.0,1
NMB-AGRI-04394,Dodoma,0,7.6,Cashew,10504079.222675582,0,658000.0,0
NMB-AGRI-04395,Mwanza,1,2.4,Cashew,1296577.0118654862,0,2810000.0,0
NMB-AGRI-04396,Arusha,1,7.0,Cashew,9955363.870440595,0,4330000.0,1
NMB-AGRI-04397,Morogoro,0,3.8,Coffee,2645969.639602551,0,4360000.0,0
NMB-AGRI-04398,Arusha,1,5.4,Maize,7474889.223457143,0,3102000.0,1
NMB-AGRI-04399,Dodoma,0,9.4,Cashew,8468113.887171976,0,2089000.0,1
NMB-AGRI-04400,Mbeya,1,0.9,Cashew,1199481.350283934,1,3321000.0,1
NMB-AGRI-04401,Mbeya,0,5.3,Cashew,6209827.413959584,0,3858000.0,0
NMB-AGRI-04402,Morogoro,1,8.6,Rice,5813098.039313054,0,2176000.0,0
NMB-AGRI-04403,Morogoro,1,6.1,Coffee,8650090.176276835,1,2486000.0,1
NMB-AGRI-04404,Mbeya,1,3.1,Rice,2311103.9105142253,0,3467000.0,1
NMB-AGRI-04405,Morogoro,1,4.3,Rice,3199802.510388496,1,4408000.0,1
NMB-AGRI-04406,Arusha,1,7.0,Maize,9199252.276461665,0,3997000.0,1
NMB-AGRI-04407,Mwanza,1,9.0,Rice,5452859.300152689,1,307000.0,0
NMB-AGRI-04408,Mwanza,1,0.9,Maize,649832.3157334143,0,797000.0,1
NMB-AGRI-04409,Arusha,1,1.2,Rice,1204413.0881052748,0,4293000.0,0
NMB-AGRI-04410,Mwanza,1,3.6,Cashew,4789717.303271849,0,4202000.0,1
NMB-AGRI-04411,Dodoma,1,2.7,Coffee,1748206.7317906222,0,2066000.0,1
NMB-AGRI-04412,Arusha,1,3.0,Rice,3143004.703537039,1,3005000.0,1
NMB-AGRI-04413,Morogoro,1,2.6,Maize,3149225.538687643,0,4548000.0,1
NMB-AGRI-04414,Arusha,1,2.4,Coffee,3265428.539318283,0,4575000.0,0
NMB-AGRI-04415,Mbeya,0,1.7,Maize,2440461.452343773,0,3959000.0,1
NMB-AGRI-04416,Morogoro,0,9.4,Cashew,12075615.196007965,1,1206000.0,1
NMB-AGRI-04417,Mbeya,0,1.9,Rice,2190373.9566218033,1,3705000.0,0
NMB-AGRI-04418,Morogoro,1,2.4,Coffee,2240688.204750638,0,685000.0,0
NMB-AGRI-04419,Mwanza,0,2.8,Cashew,1713908.4317275751,0,4491000.0,0
NMB-AGRI-04420,Arusha,1,9.4,Rice,11371529.609739901,0,916000.0,1
NMB-AGRI-04421,Dodoma,1,7.7,Rice,11494077.244461248,0,3379000.0,1
NMB-AGRI-04422,Morogoro,0,8.0,Maize,9894084.7578568,0,3129000.0,0
NMB-AGRI-04423,Morogoro,1,1.5,Maize,775066.6406065894,0,3929000.0,0
NMB-AGRI-04424,Mbeya,0,8.4,Cashew,8368583.815551446,1,2848000.0,1
NMB-AGRI-04425,Mwanza,0,4.4,Maize,4904445.182924778,1,486000.0,1
NMB-AGRI-04426,Mbeya,1,3.0,Cashew,3569022.603308529,0,3588000.0,1
NMB-AGRI-04427,Mbeya,1,6.0,Cashew,7318355.013604252,0,2039000.0,1
NMB-AGRI-04428,Mwanza,1,8.3,Cashew,8782300.062097149,1,1737000.0,0
NMB-AGRI-04429,Dodoma,0,7.9,Maize,5714546.628600498,0,4960000.0,1
NMB-AGRI-04430,Mbeya,1,9.0,Coffee,12979805.95328892,0,3034000.0,1
NMB-AGRI-04431,Mbeya,0,9.3,Cashew,11128998.149272058,1,3611000.0,1
NMB-AGRI-04432,Morogoro,0,2.8,Coffee,2063152.1032343465,0,2726000.0,1
NMB-AGRI-04433,Mwanza,0,4.5,Rice,3700448.245216228,0,3896000.0,1
NMB-AGRI-04434,Arusha,0,0.6,Maize,853156.6023782218,0,3810000.0,1
NMB-AGRI-04435,Dodoma,0,8.9,Maize,12348618.161695288,0,3354000.0,0
NMB-AGRI-04436,Dodoma,0,2.0,Coffee,1810292.8767161793,0,4989000.0,1
NMB-AGRI-04437,Mwanza,1,8.7,Rice,4683272.831325623,0,2407000.0,0
NMB-AGRI-04438,Morogoro,0,3.6,Rice,1974590.5280181773,0,3590000.0,0
NMB-AGRI-04439,Morogoro,0,4.0,Cashew,3135673.1636735564,1,4029000.0,1
NMB-AGRI-04440,Mwanza,0,0.9,Maize,1016209.9974050997,0,2005000.0,1
NMB-AGRI-04441,Morogoro,1,3.6,Rice,3903100.6872044224,0,2394000.0,1
NMB-AGRI-04442,Dodoma,0,8.9,Rice,10091067.303801091,0,4852000.0,0
NMB-AGRI-04443,Dodoma,1,0.7,Cashew,852098.0803524746,0,355000.0,0
NMB-AGRI-04444,Arusha,1,4.4,Cashew,2283741.915808049,1,1809000.0,1
NMB-AGRI-04445,Mwanza,0,0.8,Coffee,484068.4761379543,0,2534000.0,0
NMB-AGRI-04446,Mbeya,1,4.0,Maize,3437933.807308851,0,207000.0,0
NMB-AGRI-04447,Mbeya,0,2.1,Rice,1375205.9947953217,0,4516000.0,1
NMB-AGRI-04448,Arusha,1,2.9,Coffee,1668428.1233792072,0,1574000.0,0
NMB-AGRI-04449,Arusha,1,8.8,Maize,10040486.684776522,0,1437000.0,1
NMB-AGRI-04450,Morogoro,0,4.6,Coffee,6050547.796459055,0,4138000.0,0
NMB-AGRI-04451,Arusha,0,3.1,Maize,3883142.6380462754,0,1534000.0,1
NMB-AGRI-04452,Arusha,1,6.1,Maize,8033942.649515993,1,3357000.0,0
NMB-AGRI-04453,Mbeya,1,1.9,Rice,2215127.4337099665,1,4143000.0,1
NMB-AGRI-04454,Morogoro,0,3.0,Maize,3706035.9654426067,1,4004000.0,1
NMB-AGRI-04455,Arusha,1,5.7,Cashew,4399139.0129873175,1,3953000.0,1
NMB-AGRI-04456,Arusha,1,2.8,Rice,4180422.5015956596,1,625000.0,0
NMB-AGRI-04457,Morogoro,1,7.0,Cashew,4782159.58145721,1,583000.0,1
NMB-AGRI-04458,Mwanza,0,5.2,Coffee,3715368.1468247892,0,1672000.0,1
NMB-AGRI-04459,Morogoro,1,7.8,Coffee,6153590.288163605,0,373000.0,1
NMB-AGRI-04460,Mbeya,1,9.5,Maize,14015658.0860125,1,2602000.0,1
NMB-AGRI-04461,Mwanza,0,1.6,Maize,2381261.7429662496,0,2095000.0,0
NMB-AGRI-04462,Dodoma,1,3.7,Cashew,4791106.873914041,0,2874000.0,0
NMB-AGRI-04463,Morogoro,1,3.5,Cashew,3951701.5949587184,0,1634000.0,0
NMB-AGRI-04464,Mbeya,1,1.9,Cashew,1938118.8928507655,0,2532000.0,0
NMB-AGRI-04465,Mwanza,0,8.2,Coffee,12059090.934632134,0,1807000.0,1
NMB-AGRI-04466,Morogoro,1,7.7,Cashew,9206295.582008505,0,1137000.0,1
NMB-AGRI-04467,Arusha,0,5.1,Rice,7368123.654462754,0,3317000.0,1
NMB-AGRI-04468,Morogoro,1,5.6,Rice,4572684.477074694,1,3432000.0,0
NMB-AGRI-04469,Dodoma,0,1.1,Coffee,917152.2714965222,1,4180000.0,0
NMB-AGRI-04470,Morogoro,1,5.8,Cashew,7857402.645886926,1,4399000.0,1
NMB-AGRI-04471,Mwanza,1,8.0,Cashew,5198839.364682355,1,3581000.0,1
NMB-AGRI-04472,Mwanza,0,6.0,Maize,8675567.167776454,0,3500000.0,1
NMB-AGRI-04473,Morogoro,1,3.0,Rice,3022423.0639902223,0,472000.0,1
NMB-AGRI-04474,Mwanza,1,6.8,Coffee,9699614.374369143,0,727000.0,0
NMB-AGRI-04475,Arusha,0,3.9,Cashew,3263491.8760306714,1,4100000.0,1
NMB-AGRI-04476,Morogoro,1,5.7,Maize,6930965.753594563,0,1318000.0,0
NMB-AGRI-04477,Arusha,1,5.1,Coffee,5012663.122060717,1,1907000.0,0
NMB-AGRI-04478,Arusha,0,4.1,Coffee,4619894.884006439,0,897000.0,0
NMB-AGRI-04479,Mbeya,0,7.3,Rice,7331919.1999158105,1,1137000.0,0
NMB-AGRI-04480,Morogoro,0,8.9,Cashew,13057328.994605118,0,3922000.0,1
NMB-AGRI-04481,Mwanza,0,0.5,Coffee,596052.6989069586,1,1457000.0,0
NMB-AGRI-04482,Arusha,1,9.4,Maize,7062398.305087366,0,2355000.0,1
NMB-AGRI-04483,Mbeya,0,5.4,Maize,7612255.378287457,0,928000.0,0
NMB-AGRI-04484,Morogoro,1,7.2,Coffee,5717014.1147167515,0,3454000.0,1
NMB-AGRI-04485,Morogoro,1,8.6,Maize,7495803.853987363,1,3696000.0,1
NMB-AGRI-04486,Dodoma,0,4.9,Coffee,2950406.120299046,0,1936000.0,1
NMB-AGRI-04487,Dodoma,1,8.4,Maize,11759718.766288003,1,3967000.0,1
NMB-AGRI-04488,Arusha,1,2.2,Coffee,1729446.4511012987,1,1352000.0,0
NMB-AGRI-04489,Dodoma,1,2.0,Coffee,1517835.2358627648,1,3521000.0,0
NMB-AGRI-04490,Arusha,0,6.7,Coffee,9515759.406566191,0,3704000.0,1
NMB-AGRI-04491,Mwanza,0,8.8,Maize,11488636.389164293,0,4850000.0,1
NMB-AGRI-04492,Arusha,1,9.0,Coffee,5769710.293674369,0,1315000.0,0
NMB-AGRI-04493,Dodoma,1,6.6,Rice,8377541.725764292,1,650000.0,1
NMB-AGRI-04494,Mwanza,1,5.5,Coffee,7771682.039295848,1,1463000.0,0
NMB-AGRI-04495,Dodoma,1,3.6,Cashew,2082640.3855586783,1,790000.0,1
NMB-AGRI-04496,Arusha,0,9.8,Cashew,12987106.950064817,0,1015000.0,0
NMB-AGRI-04497,Mbeya,1,3.5,Rice,3665970.181555696,0,1804000.0,0
NMB-AGRI-04498,Morogoro,0,7.6,Coffee,8885900.615278885,1,2187000.0,1
NMB-AGRI-04499,Dodoma,0,5.6,Cashew,5559984.297867646,0,4538000.0,1
NMB-AGRI-04500,Arusha,1,6.3,Coffee,7546159.434903255,1,1139000.0,0
NMB-AGRI-04501,Mwanza,0,4.2,Cashew,2243211.0190003635,0,4864000.0,0
NMB-AGRI-04502,Dodoma,1,9.7,Maize,12248255.215265851,0,4089000.0,0
NMB-AGRI-04503,Dodoma,1,5.9,Maize,3146727.8173678545,1,4431000.0,1
NMB-AGRI-04504,Morogoro,0,9.4,Rice,8979818.568825029,0,4661000.0,1
NMB-AGRI-04505,Arusha,1,0.6,Rice,390578.9958781769,0,3816000.0,1
NMB-AGRI-04506,Mbeya,1,5.9,Coffee,7809088.236372713,1,3986000.0,1
NMB-AGRI-04507,Mwanza,1,7.3,Rice,5939724.63698238,0,2302000.0,0
NMB-AGRI-04508,Arusha,0,7.6,Coffee,7251110.938992926,1,2650000.0,1
NMB-AGRI-04509,Mwanza,0,9.1,Maize,8451631.745814636,1,4676000.0,0
NMB-AGRI-04510,Dodoma,1,0.5,Maize,636250.9828423533,0,2016000.0,0
NMB-AGRI-04511,Morogoro,0,0.5,Cashew,490572.17989798775,0,401000.0,0
NMB-AGRI-04512,Morogoro,0,5.0,Coffee,6444791.67505173,0,3861000.0,1
NMB-AGRI-04513,Mbeya,1,0.8,Maize,458806.6214421402,0,2951000.0,1
NMB-AGRI-04514,Morogoro,0,9.8,Maize,6777620.885449352,0,4111000.0,0
NMB-AGRI-04515,Dodoma,1,2.6,Coffee,2733989.0490805376,1,563000.0,0
NMB-AGRI-04516,Mbeya,0,5.0,Cashew,7235441.623763475,0,3182000.0,0
NMB-AGRI-04517,Arusha,1,1.1,Cashew,632233.6313939583,0,1389000.0,0
NMB-AGRI-04518,Morogoro,1,5.5,Cashew,2986963.1888627536,0,4536000.0,1
NMB-AGRI-04519,Mbeya,0,4.1,Cashew,2691857.7672042083,0,728000.0,1
NMB-AGRI-04520,Dodoma,0,0.9,Maize,1027037.8159741409,0,4247000.0,1
NMB-AGRI-04521,Mwanza,1,3.7,Coffee,3326273.791679915,1,625000.0,0
NMB-AGRI-04522,Mwanza,1,4.2,Coffee,5567319.993554283,0,320000.0,1
NMB-AGRI-04523,Dodoma,1,9.9,Maize,5662138.199665521,0,1328000.0,0
NMB-AGRI-04524,Dodoma,0,2.5,Maize,1741035.2170367527,0,1799000.0,0
NMB-AGRI-04525,Mwanza,0,5.7,Maize,4560150.511149906,0,3207000.0,1
NMB-AGRI-04526,Mbeya,1,9.9,Rice,11154627.858218975,0,832000.0,0
NMB-AGRI-04527,Mwanza,1,8.0,Coffee,9481381.522412378,1,2299000.0,0
NMB-AGRI-04528,Dodoma,1,9.9,Coffee,6179612.610241362,0,1180000.0,0
NMB-AGRI-04529,Morogoro,1,9.7,Coffee,14004905.677219871,0,4305000.0,1
NMB-AGRI-04530,Arusha,1,5.2,Cashew,4373429.502989087,0,416000.0,1
NMB-AGRI-04531,Morogoro,1,7.1,Maize,8613498.217302008,0,1909000.0,1
NMB-AGRI-04532,Morogoro,0,1.5,Maize,1536311.5784215482,0,3231000.0,1
NMB-AGRI-04533,Dodoma,1,4.7,Maize,3396963.133671401,0,4583000.0,1
NMB-AGRI-04534,Mwanza,1,8.2,Rice,11039072.249546371,0,4366000.0,0
NMB-AGRI-04535,Mbeya,0,5.3,Coffee,6986661.549417228,0,4497000.0,1
NMB-AGRI-04536,Morogoro,1,7.2,Maize,6451717.348200168,0,502000.0,0
NMB-AGRI-04537,Mwanza,1,7.6,Rice,8273417.6512733,0,4236000.0,0
NMB-AGRI-04538,Mbeya,1,2.9,Maize,2197694.518214225,0,3944000.0,1
NMB-AGRI-04539,Morogoro,1,8.8,Cashew,10470694.332967453,1,4532000.0,1
NMB-AGRI-04540,Mbeya,1,4.9,Coffee,3964231.381840114,0,1696000.0,0
NMB-AGRI-04541,Mwanza,0,2.5,Rice,3360196.835955587,1,4576000.0,1
NMB-AGRI-04542,Arusha,1,8.7,Maize,6241250.407212286,0,2133000.0,1
NMB-AGRI-04543,Mwanza,1,4.5,Coffee,2316615.4026830886,0,3244000.0,0
NMB-AGRI-04544,Dodoma,1,7.6,Rice,5840661.118956179,0,2236000.0,1
NMB-AGRI-04545,Mbeya,0,5.7,Coffee,3938999.1728190742,1,2253000.0,0
NMB-AGRI-04546,Arusha,0,4.1,Coffee,4133974.402872189,0,2824000.0,1
NMB-AGRI-04547,Mbeya,1,8.2,Cashew,5770366.991583926,0,1908000.0,1
NMB-AGRI-04548,Mbeya,1,6.1,Coffee,7705458.211388918,0,4005000.0,1
NMB-AGRI-04549,Morogoro,1,4.2,Rice,3113756.6796168163,0,3241000.0,0
NMB-AGRI-04550,Dodoma,1,1.5,Coffee,1810452.2698689834,0,3511000.0,0
NMB-AGRI-04551,Mbeya,1,9.0,Rice,9706238.307123516,0,1309000.0,1
NMB-AGRI-04552,Mwanza,1,0.8,Coffee,1188999.8851775075,0,4854000.0,1
NMB-AGRI-04553,Mwanza,1,8.7,Maize,13049138.499980316,0,3369000.0,1
NMB-AGRI-04554,Morogoro,0,3.9,Cashew,5341151.724937587,0,1147000.0,1
NMB-AGRI-04555,Dodoma,1,6.6,Maize,8315890.237371756,0,3802000.0,1
NMB-AGRI-04556,Dodoma,1,9.3,Cashew,8244044.650205337,0,1034000.0,1
NMB-AGRI-04557,Mwanza,0,1.9,Rice,2381225.7815494766,0,504000.0,1
NMB-AGRI-04558,Arusha,0,5.9,Cashew,8594385.668768996,0,2732000.0,1
NMB-AGRI-04559,Morogoro,0,7.8,Coffee,4082345.0880844644,0,2857000.0,0
NMB-AGRI-04560,Morogoro,1,7.7,Coffee,7991943.191522589,0,1107000.0,0
NMB-AGRI-04561,Mwanza,0,5.5,Maize,3948990.6741363904,0,1872000.0,0
NMB-AGRI-04562,Mwanza,1,6.4,Cashew,6770408.421560642,0,4740000.0,0
NMB-AGRI-04563,Arusha,1,7.7,Rice,7441642.591143462,0,1568000.0,1
NMB-AGRI-04564,Arusha,1,8.5,Rice,9144032.943194417,0,947000.0,1
NMB-AGRI-04565,Dodoma,1,7.7,Coffee,8092409.104924176,0,4964000.0,0
NMB-AGRI-04566,Morogoro,0,3.9,Rice,5694417.452757392,0,1651000.0,0
NMB-AGRI-04567,Morogoro,1,10.0,Coffee,10521861.08934736,0,3465000.0,1
NMB-AGRI-04568,Mwanza,1,4.6,Coffee,6192667.605374389,1,1311000.0,0
NMB-AGRI-04569,Dodoma,1,0.7,Coffee,573874.2007605925,0,2841000.0,0
NMB-AGRI-04570,Morogoro,0,3.9,Maize,3658592.6862850906,0,2054000.0,0
NMB-AGRI-04571,Dodoma,1,1.7,Maize,1649702.9092761767,0,4816000.0,0
NMB-AGRI-04572,Dodoma,1,1.7,Coffee,1323837.6736701455,0,2277000.0,0
NMB-AGRI-04573,Mwanza,1,3.2,Coffee,2815328.836729457,1,3004000.0,1
NMB-AGRI-04574,Dodoma,1,1.0,Coffee,1098513.079466775,1,4735000.0,1
NMB-AGRI-04575,Arusha,1,7.0,Rice,7561314.343131728,1,4948000.0,0
NMB-AGRI-04576,Arusha,1,1.2,Coffee,1363722.4134881767,1,688000.0,1
NMB-AGRI-04577,Mbeya,1,2.4,Coffee,2044362.9970083386,0,4205000.0,1
NMB-AGRI-04578,Mwanza,1,1.4,Cashew,1142164.09321428,0,2034000.0,0
NMB-AGRI-04579,Mbeya,0,1.1,Cashew,1222779.6710295796,1,3055000.0,1
NMB-AGRI-04580,Arusha,0,3.0,Cashew,1898585.2452825748,0,2000000.0,1
NMB-AGRI-04581,Mbeya,0,5.9,Cashew,4442886.106839626,1,2125000.0,1
NMB-AGRI-04582,Mwanza,0,9.7,Coffee,5258639.048444053,0,963000.0,0
NMB-AGRI-04583,Mwanza,0,8.8,Cashew,5038975.502845506,0,2949000.0,0
NMB-AGRI-04584,Dodoma,1,8.8,Rice,6541772.857493359,1,2824000.0,1
NMB-AGRI-04585,Morogoro,0,2.2,Rice,1142964.416653222,0,1109000.0,1
NMB-AGRI-04586,Dodoma,1,3.0,Cashew,2236231.7762623844,1,2800000.0,1
NMB-AGRI-04587,Mwanza,0,1.2,Maize,1385971.587674431,0,4871000.0,1
NMB-AGRI-04588,Arusha,0,7.9,Rice,4432745.919904571,0,3629000.0,1
NMB-AGRI-04589,Arusha,0,1.2,Rice,1124084.0133535692,1,2509000.0,1
NMB-AGRI-04590,Dodoma,0,5.8,Cashew,8196030.964133387,0,4597000.0,0
NMB-AGRI-04591,Mwanza,1,2.9,Cashew,3744726.0038836626,0,2962000.0,0
NMB-AGRI-04592,Arusha,1,2.8,Coffee,2255225.0064256,0,848000.0,1
NMB-AGRI-04593,Mwanza,0,9.9,Rice,14105574.243997306,1,2828000.0,1
NMB-AGRI-04594,Arusha,1,7.7,Cashew,6388278.024957482,1,1069000.0,1
NMB-AGRI-04595,Mwanza,1,8.5,Cashew,4866381.718869281,0,3884000.0,0
NMB-AGRI-04596,Mbeya,1,5.9,Coffee,8814930.144931871,0,4842000.0,1
NMB-AGRI-04597,Mwanza,1,8.8,Rice,12056198.239264714,1,1932000.0,1
NMB-AGRI-04598,Mwanza,1,6.6,Cashew,6375156.369787209,1,2288000.0,1
NMB-AGRI-04599,Dodoma,1,9.5,Coffee,11080576.979827838,0,2223000.0,0
NMB-AGRI-04600,Mbeya,1,3.2,Cashew,3747929.8491413444,0,1569000.0,0
NMB-AGRI-04601,Morogoro,0,6.2,Maize,4305789.830528854,1,4012000.0,0
NMB-AGRI-04602,Dodoma,1,7.1,Maize,4970345.295390789,0,3165000.0,1
NMB-AGRI-04603,Morogoro,1,4.2,Cashew,4072238.954077668,1,507000.0,1
NMB-AGRI-04604,Arusha,1,8.9,Rice,12563000.947225513,0,4226000.0,1
NMB-AGRI-04605,Morogoro,1,9.8,Maize,4997938.993613994,0,1098000.0,0
NMB-AGRI-04606,Mwanza,1,5.2,Coffee,6669029.306936668,0,4900000.0,1
NMB-AGRI-04607,Morogoro,0,4.2,Cashew,2341612.4916015477,1,2008000.0,1
NMB-AGRI-04608,Dodoma,1,5.0,Coffee,4891110.574415589,0,3159000.0,1
NMB-AGRI-04609,Dodoma,1,8.6,Maize,9785706.364431895,0,574000.0,0
NMB-AGRI-04610,Morogoro,1,6.6,Rice,7832611.162744268,0,1854000.0,1
NMB-AGRI-04611,Dodoma,1,0.9,Coffee,502631.3372543202,1,4051000.0,1
NMB-AGRI-04612,Dodoma,1,5.7,Maize,5236040.619088619,0,2491000.0,0
NMB-AGRI-04613,Morogoro,0,0.7,Maize,758686.0823516272,0,4542000.0,1
NMB-AGRI-04614,Mbeya,1,7.9,Maize,4471759.744717455,0,2961000.0,1
NMB-AGRI-04615,Mbeya,1,3.6,Coffee,2286340.4037431153,0,4657000.0,1
NMB-AGRI-04616,Arusha,1,5.0,Maize,5818244.947520192,0,4917000.0,0
NMB-AGRI-04617,Dodoma,0,8.1,Cashew,8275269.392384279,0,2379000.0,1
NMB-AGRI-04618,Morogoro,1,0.9,Maize,595645.7951414615,0,2913000.0,1
NMB-AGRI-04619,Dodoma,1,2.0,Cashew,2070478.673829467,1,4208000.0,0
NMB-AGRI-04620,Mwanza,1,4.3,Rice,6074577.205810987,1,1263000.0,1
NMB-AGRI-04621,Dodoma,1,2.7,Cashew,1392086.4788934826,1,4336000.0,0
NMB-AGRI-04622,Dodoma,1,3.7,Rice,4227744.961897663,0,3041000.0,0
NMB-AGRI-04623,Mbeya,0,10.0,Rice,5736504.346053419,1,3682000.0,1
NMB-AGRI-04624,Morogoro,0,8.3,Cashew,4203530.376607018,0,583000.0,1
NMB-AGRI-04625,Dodoma,1,8.9,Rice,5790824.949079641,0,3878000.0,0
NMB-AGRI-04626,Mbeya,1,9.4,Cashew,8675322.339426842,0,1692000.0,0
NMB-AGRI-04627,Arusha,0,3.7,Coffee,4818672.796233227,0,4065000.0,0
NMB-AGRI-04628,Mbeya,0,3.3,Rice,2579892.1387950433,0,2644000.0,1
NMB-AGRI-04629,Mbeya,0,2.7,Cashew,3039317.673449648,0,1518000.0,0
NMB-AGRI-04630,Mbeya,1,8.4,Rice,7653715.758824577,0,4773000.0,1
NMB-AGRI-04631,Dodoma,0,7.0,Maize,5140322.543762056,0,3872000.0,1
NMB-AGRI-04632,Dodoma,1,2.7,Cashew,2738467.2085637185,0,4931000.0,0
NMB-AGRI-04633,Arusha,1,4.1,Maize,5319604.4105277555,0,1949000.0,0
NMB-AGRI-04634,Mwanza,0,5.3,Rice,7062209.561297564,0,3316000.0,1
NMB-AGRI-04635,Mwanza,1,5.5,Rice,7405857.425324801,0,3136000.0,0
NMB-AGRI-04636,Mwanza,0,8.9,Coffee,7463164.531739318,0,3500000.0,1
NMB-AGRI-04637,Arusha,1,4.1,Cashew,5303169.865334587,0,384000.0,1
NMB-AGRI-04638,Mwanza,0,9.1,Maize,6480823.941491062,0,1600000.0,0
NMB-AGRI-04639,Mwanza,1,4.7,Coffee,5820597.975841551,1,4565000.0,1
NMB-AGRI-04640,Mbeya,1,7.6,Rice,11007721.639671886,0,2234000.0,0
NMB-AGRI-04641,Dodoma,0,9.3,Rice,4777817.662625902,0,4811000.0,0
NMB-AGRI-04642,Dodoma,0,9.1,Coffee,8557311.773727061,1,1225000.0,1
NMB-AGRI-04643,Mbeya,1,1.0,Maize,1147770.9884140044,0,4988000.0,0
NMB-AGRI-04644,Mbeya,0,2.5,Rice,3004439.426218882,0,3548000.0,1
NMB-AGRI-04645,Mbeya,1,5.0,Rice,3380438.7913460108,0,3927000.0,1
NMB-AGRI-04646,Dodoma,1,4.6,Cashew,6772043.066097527,0,2105000.0,0
NMB-AGRI-04647,Mwanza,1,6.6,Coffee,7360751.428608421,0,4554000.0,0
NMB-AGRI-04648,Mbeya,1,9.5,Rice,6311235.7116685435,1,2818000.0,1
NMB-AGRI-04649,Arusha,1,1.6,Maize,832836.0187400244,0,3469000.0,1
NMB-AGRI-04650,Mbeya,1,4.8,Cashew,6159668.154190924,0,655000.0,1
NMB-AGRI-04651,Morogoro,1,2.3,Coffee,1333320.9007245558,0,3232000.0,1
NMB-AGRI-04652,Mbeya,0,9.0,Maize,5769458.289632129,1,4420000.0,0
NMB-AGRI-04653,Dodoma,0,9.7,Rice,10425851.260500198,1,1056000.0,1
NMB-AGRI-04654,Mbeya,1,5.0,Coffee,5517527.517248099,0,3741000.0,1
NMB-AGRI-04655,Morogoro,1,1.5,Coffee,1780330.6778885978,0,322000.0,0
NMB-AGRI-04656,Arusha,1,8.0,Maize,7148112.101308966,0,4646000.0,1
NMB-AGRI-04657,Mwanza,0,7.1,Coffee,9044680.549664441,0,4918000.0,1
NMB-AGRI-04658,Mbeya,1,3.9,Maize,5749998.538501966,0,1900000.0,0
NMB-AGRI-04659,Morogoro,0,8.9,Rice,6862744.993410959,0,714000.0,1
NMB-AGRI-04660,Morogoro,0,9.8,Cashew,11789680.44207187,1,3361000.0,0
NMB-AGRI-04661,Arusha,1,5.8,Maize,8285118.18389191,0,343000.0,1
NMB-AGRI-04662,Dodoma,0,5.9,Cashew,6999091.899440553,0,2516000.0,1
NMB-AGRI-04663,Mbeya,1,3.3,Coffee,3897661.3455260564,0,1505000.0,1
NMB-AGRI-04664,Morogoro,0,6.1,Maize,4415012.67141976,0,2472000.0,1
NMB-AGRI-04665,Arusha,1,4.7,Rice,4865111.941502557,0,288000.0,1
NMB-AGRI-04666,Mwanza,1,3.4,Maize,3612577.668255572,1,448000.0,1
NMB-AGRI-04667,Morogoro,0,1.1,Maize,1320142.5187015482,0,277000.0,1
NMB-AGRI-04668,Arusha,0,2.9,Maize,4340782.20469893,1,3172000.0,1
NMB-AGRI-04669,Dodoma,1,2.4,Cashew,1280745.1741050289,0,2888000.0,1
NMB-AGRI-04670,Dodoma,1,5.6,Cashew,3165302.903097926,0,1319000.0,0
NMB-AGRI-04671,Morogoro,1,6.2,Coffee,3583290.4304716964,0,3304000.0,0
NMB-AGRI-04672,Morogoro,0,6.3,Coffee,7830768.547280427,0,4444000.0,0
NMB-AGRI-04673,Mbeya,1,4.2,Coffee,2672685.9394651814,0,1531000.0,0
NMB-AGRI-04674,Arusha,1,4.5,Coffee,5051033.435206554,0,4194000.0,1
NMB-AGRI-04675,Morogoro,1,8.4,Maize,6927218.574305051,0,3380000.0,0
NMB-AGRI-04676,Mbeya,1,5.0,Cashew,4786599.781053555,1,362000.0,0
NMB-AGRI-04677,Mbeya,0,9.9,Cashew,7085065.282192398,0,2001000.0,1
NMB-AGRI-04678,Morogoro,0,4.7,Cashew,6420700.838131349,0,2637000.0,1
NMB-AGRI-04679,Dodoma,1,6.7,Cashew,7277207.171892277,0,3712000.0,1
NMB-AGRI-04680,Arusha,1,1.0,Coffee,1444563.2635822527,0,1578000.0,1
NMB-AGRI-04681,Arusha,0,6.7,Maize,7199794.873019008,0,4917000.0,1
NMB-AGRI-04682,Dodoma,1,8.6,Cashew,5365609.063133741,0,3486000.0,0
NMB-AGRI-04683,Morogoro,0,9.5,Rice,6373269.121465517,0,1990000.0,0
NMB-AGRI-04684,Arusha,0,10.0,Maize,14890739.76367847,0,666000.0,1
NMB-AGRI-04685,Morogoro,0,3.2,Rice,3921808.6314587775,1,1071000.0,0
NMB-AGRI-04686,Morogoro,0,6.0,Maize,3295672.5001745378,1,2541000.0,1
NMB-AGRI-04687,Mbeya,1,4.8,Maize,5778148.82416639,0,2575000.0,0
NMB-AGRI-04688,Dodoma,1,5.9,Maize,5381820.976176709,0,3885000.0,0
NMB-AGRI-04689,Morogoro,0,2.0,Rice,1614416.773646381,1,3686000.0,1
NMB-AGRI-04690,Mwanza,0,8.6,Cashew,5624922.826082595,0,1166000.0,0
NMB-AGRI-04691,Dodoma,1,9.1,Cashew,12193125.986464748,0,3056000.0,1
NMB-AGRI-04692,Arusha,0,4.8,Rice,2706438.619147683,1,299000.0,1
NMB-AGRI-04693,Mbeya,1,3.2,Cashew,2527473.479614849,0,2113000.0,0
NMB-AGRI-04694,Arusha,0,1.8,Coffee,1451489.208886268,1,3868000.0,0
NMB-AGRI-04695,Arusha,1,7.0,Cashew,4626336.987744502,0,2118000.0,0
NMB-AGRI-04696,Dodoma,0,3.5,Coffee,3528647.091504046,0,4211000.0,0
NMB-AGRI-04697,Arusha,0,9.1,Coffee,4656493.903979123,0,4886000.0,0
NMB-AGRI-04698,Morogoro,0,6.9,Coffee,5526731.056331823,1,3115000.0,0
NMB-AGRI-04699,Arusha,0,6.6,Rice,9461954.330618221,0,896000.0,0
NMB-AGRI-04700,Mbeya,1,5.8,Cashew,4701071.502183633,0,2022000.0,1
NMB-AGRI-04701,Mbeya,1,0.9,Cashew,774413.4483960764,1,246000.0,1
NMB-AGRI-04702,Mwanza,0,9.4,Rice,9147751.453400273,1,3093000.0,1
NMB-AGRI-04703,Mbeya,0,6.5,Rice,6901006.936534586,1,4144000.0,1
NMB-AGRI-04704,Arusha,1,9.9,Cashew,12956215.583725369,0,3224000.0,0
NMB-AGRI-04705,Mbeya,1,5.6,Rice,3865798.849673698,1,3973000.0,1
NMB-AGRI-04706,Dodoma,1,7.2,Rice,9876573.915786413,0,4040000.0,1
NMB-AGRI-04707,Mbeya,1,1.0,Coffee,1257549.3571438894,0,4285000.0,0
NMB-AGRI-04708,Morogoro,1,6.5,Rice,7947227.175300109,1,1480000.0,1
NMB-AGRI-04709,Dodoma,1,7.8,Coffee,4577075.674974155,0,4382000.0,1
NMB-AGRI-04710,Mwanza,1,7.9,Maize,4120961.4507992193,0,3340000.0,1
NMB-AGRI-04711,Morogoro,1,7.8,Coffee,8533299.067083055,0,1591000.0,0
NMB-AGRI-04712,Arusha,0,2.6,Coffee,3544148.302560219,1,4939000.0,1
NMB-AGRI-04713,Arusha,0,9.8,Rice,10627526.348578233,0,4761000.0,0
NMB-AGRI-04714,Arusha,0,10.0,Cashew,7132348.654455309,0,2957000.0,1
NMB-AGRI-04715,Morogoro,1,1.2,Maize,708623.8775390558,0,4247000.0,0
NMB-AGRI-04716,Morogoro,1,9.4,Maize,11276206.656486707,0,1455000.0,1
NMB-AGRI-04717,Morogoro,1,3.2,Maize,3909664.8874169905,1,2197000.0,1
NMB-AGRI-04718,Dodoma,0,7.0,Cashew,4707721.904809761,0,1083000.0,1
NMB-AGRI-04719,Dodoma,1,3.7,Maize,1954304.1673371845,0,2696000.0,1
NMB-AGRI-04720,Arusha,1,9.7,Maize,8810350.078265011,1,2581000.0,1
NMB-AGRI-04721,Mbeya,0,1.5,Cashew,1624078.0531995334,0,1222000.0,1
NMB-AGRI-04722,Arusha,1,5.2,Maize,6271212.529749394,0,3429000.0,1
NMB-AGRI-04723,Mwanza,1,4.6,Rice,6025747.042103352,0,765000.0,0
NMB-AGRI-04724,Dodoma,1,3.6,Rice,3997934.738304236,1,496000.0,1
NMB-AGRI-04725,Morogoro,1,6.6,Coffee,4031812.016750001,0,2048000.0,0
NMB-AGRI-04726,Dodoma,1,1.7,Coffee,2010388.8426421052,0,2167000.0,0
NMB-AGRI-04727,Morogoro,1,7.3,Coffee,10834489.493132638,0,1735000.0,1
NMB-AGRI-04728,Mwanza,1,9.8,Rice,13774728.929054558,0,1438000.0,1
NMB-AGRI-04729,Mwanza,1,8.1,Rice,11110518.165083053,1,1826000.0,0
NMB-AGRI-04730,Dodoma,0,8.7,Rice,6978880.334217565,1,984000.0,0
NMB-AGRI-04731,Morogoro,1,3.9,Coffee,4878073.888170603,0,2137000.0,0
NMB-AGRI-04732,Mwanza,0,3.6,Coffee,4863972.405474524,0,4542000.0,0
NMB-AGRI-04733,Arusha,0,5.4,Coffee,6362961.505008821,1,1277000.0,1
NMB-AGRI-04734,Arusha,1,0.9,Coffee,675505.5809111824,0,3485000.0,1
NMB-AGRI-04735,Morogoro,1,9.5,Coffee,13811422.732812105,0,881000.0,0
NMB-AGRI-04736,Dodoma,1,1.9,Coffee,1806556.8817714842,1,1899000.0,0
NMB-AGRI-04737,Mwanza,0,9.1,Rice,5731230.583859502,0,1742000.0,0
NMB-AGRI-04738,Dodoma,0,1.3,Cashew,792711.2635746095,0,4698000.0,0
NMB-AGRI-04739,Arusha,0,8.3,Cashew,9524407.59458208,0,2254000.0,1
NMB-AGRI-04740,Mwanza,0,1.9,Coffee,1781648.3281918042,1,3514000.0,0
NMB-AGRI-04741,Dodoma,1,0.9,Cashew,535035.4876610673,0,3092000.0,0
NMB-AGRI-04742,Mbeya,0,7.3,Cashew,9054661.376739489,1,877000.0,1
NMB-AGRI-04743,Morogoro,1,3.2,Rice,4157840.5352275837,1,4710000.0,1
NMB-AGRI-04744,Morogoro,0,7.3,Coffee,8945534.104741095,1,1860000.0,1
NMB-AGRI-04745,Mbeya,1,5.8,Coffee,4073113.0905672745,1,415000.0,0
NMB-AGRI-04746,Arusha,0,1.5,Cashew,1784663.1839941042,0,1642000.0,1
NMB-AGRI-04747,Mwanza,0,9.4,Coffee,4800794.34720722,1,1811000.0,1
NMB-AGRI-04748,Morogoro,0,4.8,Coffee,3864538.270456364,0,645000.0,1
NMB-AGRI-04749,Mbeya,1,7.5,Coffee,6741161.485556577,1,3176000.0,1
NMB-AGRI-04750,Mbeya,1,5.3,Coffee,7076808.829093158,0,1864000.0,1
NMB-AGRI-04751,Arusha,1,6.2,Cashew,5520445.113030307,0,3220000.0,0
NMB-AGRI-04752,Arusha,1,3.4,Maize,1738316.117043954,0,232000.0,0
NMB-AGRI-04753,Dodoma,0,2.4,Cashew,2045631.3883872225,1,4914000.0,1
NMB-AGRI-04754,Morogoro,1,5.7,Rice,5693867.360647937,0,1018000.0,0
NMB-AGRI-04755,Dodoma,1,4.7,Maize,6810322.497362034,0,3365000.0,0
NMB-AGRI-04756,Mbeya,0,4.2,Maize,6052344.075916088,1,3636000.0,1
NMB-AGRI-04757,Mwanza,0,6.9,Maize,4698030.863727741,0,1024000.0,1
NMB-AGRI-04758,Mwanza,0,7.1,Cashew,4864540.446350106,0,736000.0,1
NMB-AGRI-04759,Arusha,0,0.9,Rice,597043.3108180955,0,932000.0,1
NMB-AGRI-04760,Mwanza,1,3.7,Cashew,4769011.149932182,0,1385000.0,0
NMB-AGRI-04761,Mwanza,0,4.4,Rice,2226496.977620988,0,1008000.0,0
NMB-AGRI-04762,Mwanza,0,1.4,Cashew,878048.0774686282,1,3435000.0,1
NMB-AGRI-04763,Mbeya,0,2.7,Cashew,2802491.0054390677,0,2220000.0,0
NMB-AGRI-04764,Mwanza,1,1.0,Cashew,747562.0668867655,0,2781000.0,0
NMB-AGRI-04765,Mwanza,1,10.0,Maize,5923564.582392621,0,427000.0,0
NMB-AGRI-04766,Mwanza,0,7.5,Cashew,6449085.092503757,1,4334000.0,1
NMB-AGRI-04767,Dodoma,0,1.3,Rice,1006469.8865783183,0,1019000.0,0
NMB-AGRI-04768,Mbeya,0,0.7,Rice,707773.0145599991,0,1929000.0,0
NMB-AGRI-04769,Arusha,1,7.3,Rice,10798405.23496043,0,545000.0,0
NMB-AGRI-04770,Dodoma,0,4.7,Maize,2934231.7930301162,1,857000.0,1
NMB-AGRI-04771,Morogoro,1,8.0,Cashew,6981813.638672754,1,3396000.0,0
NMB-AGRI-04772,Mbeya,1,9.3,Cashew,13317460.666214015,0,3524000.0,1
NMB-AGRI-04773,Mbeya,1,6.2,Coffee,8536612.8696617,0,3449000.0,0
NMB-AGRI-04774,Morogoro,0,2.3,Maize,2056823.380003845,0,2850000.0,0
NMB-AGRI-04775,Morogoro,1,7.9,Rice,9471730.78970592,0,4772000.0,1
NMB-AGRI-04776,Morogoro,1,9.6,Rice,5643427.3303809175,0,2634000.0,1
NMB-AGRI-04777,Arusha,0,6.0,Cashew,7275246.33326169,0,2357000.0,0
NMB-AGRI-04778,Mwanza,0,7.0,Rice,10310004.106393192,0,1388000.0,1
NMB-AGRI-04779,Mbeya,0,3.7,Cashew,3838706.165486509,1,674000.0,0
NMB-AGRI-04780,Mwanza,0,4.1,Cashew,4093809.9308410976,0,2831000.0,0
NMB-AGRI-04781,Mwanza,0,7.5,Coffee,5154889.647764327,0,1711000.0,0
NMB-AGRI-04782,Morogoro,1,9.3,Maize,10544230.249837816,0,2715000.0,1
NMB-AGRI-04783,Arusha,1,6.5,Cashew,7087842.325062947,0,1189000.0,0
NMB-AGRI-04784,Dodoma,1,8.0,Cashew,9215464.475806005,0,4223000.0,0
NMB-AGRI-04785,Arusha,0,2.1,Cashew,1104774.9020379158,0,4999000.0,0
NMB-AGRI-04786,Mwanza,1,2.5,Coffee,2621808.720872684,1,1748000.0,1
NMB-AGRI-04787,Arusha,0,5.6,Cashew,6131635.123585289,1,4243000.0,1
NMB-AGRI-04788,Morogoro,1,2.2,Maize,1556566.297908165,1,4390000.0,1
NMB-AGRI-04789,Dodoma,0,6.5,Maize,4604163.573675484,0,4981000.0,0
NMB-AGRI-04790,Morogoro,0,3.3,Rice,2561519.956086134,1,1845000.0,1
NMB-AGRI-04791,Dodoma,1,8.0,Maize,9693772.733817901,0,3829000.0,1
NMB-AGRI-04792,Mwanza,0,8.2,Rice,9071381.720965445,0,1298000.0,1
NMB-AGRI-04793,Dodoma,1,4.9,Maize,6594236.965977243,0,3199000.0,1
NMB-AGRI-04794,Dodoma,1,2.2,Rice,1750448.858054816,0,3583000.0,0
NMB-AGRI-04795,Dodoma,1,6.6,Cashew,9319649.1952629,1,3757000.0,0
NMB-AGRI-04796,Arusha,1,9.9,Coffee,12312691.003635246,0,1194000.0,0
NMB-AGRI-04797,Arusha,1,6.4,Coffee,5728074.688087661,0,4274000.0,1
NMB-AGRI-04798,Mwanza,0,0.8,Coffee,476209.65250036475,0,2221000.0,1
NMB-AGRI-04799,Dodoma,1,0.7,Cashew,529888.5637412377,1,1239000.0,0
NMB-AGRI-04800,Mbeya,1,3.5,Coffee,5098688.760251976,1,2804000.0,1
NMB-AGRI-04801,Mwanza,0,2.4,Maize,1944872.1021217904,0,4344000.0,0
NMB-AGRI-04802,Dodoma,0,8.2,Rice,6805187.873222328,0,4842000.0,1
NMB-AGRI-04803,Dodoma,1,8.5,Cashew,5861505.914330594,1,3791000.0,1
NMB-AGRI-04804,Arusha,1,3.0,Coffee,3920551.8034162964,0,227000.0,1
NMB-AGRI-04805,Mwanza,1,3.6,Maize,2792319.2288721986,0,847000.0,0
NMB-AGRI-04806,Dodoma,0,2.7,Maize,2241697.27059591,0,566000.0,1
NMB-AGRI-04807,Dodoma,1,9.1,Cashew,8320567.786727802,0,686000.0,0
NMB-AGRI-04808,Mwanza,0,5.3,Cashew,4948759.882805431,0,2039000.0,0
NMB-AGRI-04809,Mbeya,1,6.7,Coffee,6105983.295780646,0,1825000.0,1
NMB-AGRI-04810,Mwanza,1,4.4,Rice,4416472.259648806,0,746000.0,1
NMB-AGRI-04811,Mwanza,0,6.5,Coffee,8544333.717506621,1,4435000.0,0
NMB-AGRI-04812,Mbeya,1,4.2,Coffee,5540997.171116493,0,3154000.0,1
NMB-AGRI-04813,Mwanza,1,3.7,Cashew,4803758.594924384,0,4023000.0,0
NMB-AGRI-04814,Dodoma,1,6.5,Coffee,3907311.454257169,0,1983000.0,0
NMB-AGRI-04815,Mwanza,1,6.1,Coffee,7928040.699976365,0,2169000.0,1
NMB-AGRI-04816,Mbeya,1,3.3,Rice,2046830.8525057032,0,1725000.0,1
NMB-AGRI-04817,Morogoro,1,1.9,Maize,1186975.16309929,1,2304000.0,1
NMB-AGRI-04818,Mwanza,0,4.0,Maize,5791451.086539843,0,3130000.0,1
NMB-AGRI-04819,Arusha,0,4.4,Rice,5805350.516704382,0,2566000.0,1
NMB-AGRI-04820,Dodoma,0,6.5,Maize,6840668.034642056,0,4222000.0,0
NMB-AGRI-04821,Dodoma,1,9.2,Coffee,12649725.88119633,0,4521000.0,0
NMB-AGRI-04822,Arusha,1,0.8,Rice,1191491.7140414903,1,2454000.0,0
NMB-AGRI-04823,Arusha,0,2.8,Rice,3109797.7865689774,0,1351000.0,0
NMB-AGRI-04824,Mwanza,1,2.3,Cashew,2559666.4050574913,1,4737000.0,1
NMB-AGRI-04825,Arusha,1,5.3,Maize,6648463.254547618,1,3728000.0,1
NMB-AGRI-04826,Morogoro,1,4.6,Cashew,3367839.1808805303,0,3273000.0,1
NMB-AGRI-04827,Mbeya,0,7.4,Coffee,4936723.975239115,0,3778000.0,1
NMB-AGRI-04828,Arusha,1,2.8,Rice,3526826.100042203,0,565000.0,1
NMB-AGRI-04829,Arusha,0,6.1,Coffee,5153919.249464024,1,525000.0,1
NMB-AGRI-04830,Morogoro,0,8.9,Maize,5652126.171122813,0,935000.0,0
NMB-AGRI-04831,Dodoma,1,9.2,Cashew,7496875.078443297,0,908000.0,0
NMB-AGRI-04832,Dodoma,0,9.6,Maize,8242913.931595922,0,2219000.0,1
NMB-AGRI-04833,Mwanza,0,7.8,Coffee,11428775.744144388,0,956000.0,0
NMB-AGRI-04834,Morogoro,1,9.1,Cashew,10901433.370900102,1,4302000.0,0
NMB-AGRI-04835,Mbeya,0,2.7,Maize,2783312.056979282,0,2975000.0,1
NMB-AGRI-04836,Mbeya,1,2.4,Coffee,3525295.5328382514,0,1968000.0,1
NMB-AGRI-04837,Morogoro,0,0.6,Maize,841883.8442845085,0,534000.0,0
NMB-AGRI-04838,Mbeya,0,7.2,Rice,7286406.16762195,0,3037000.0,0
NMB-AGRI-04839,Dodoma,0,9.4,Cashew,13213388.57254362,0,759000.0,0
NMB-AGRI-04840,Mbeya,0,2.3,Cashew,2079900.71354411,0,3767000.0,1
NMB-AGRI-04841,Mbeya,1,6.6,Cashew,4820776.391353723,0,4053000.0,1
NMB-AGRI-04842,Morogoro,1,7.6,Rice,5568354.143847847,0,2811000.0,1
NMB-AGRI-04843,Morogoro,1,9.3,Cashew,10809534.37731178,0,918000.0,0
NMB-AGRI-04844,Mbeya,1,6.6,Rice,6607064.116668029,0,3977000.0,1
NMB-AGRI-04845,Arusha,0,9.7,Cashew,11241823.215952832,1,1678000.0,1
NMB-AGRI-04846,Morogoro,1,3.8,Maize,4507088.664196245,1,1269000.0,1
NMB-AGRI-04847,Mwanza,1,3.8,Maize,1984826.9170113269,0,2459000.0,1
NMB-AGRI-04848,Mwanza,1,5.7,Maize,3158025.6763830436,0,4629000.0,1
NMB-AGRI-04849,Dodoma,0,4.1,Maize,4233978.6790241245,1,1627000.0,0
NMB-AGRI-04850,Mbeya,1,0.5,Rice,345517.73888003844,0,4547000.0,1
NMB-AGRI-04851,Arusha,1,7.5,Coffee,8494003.2660333,1,458000.0,1
NMB-AGRI-04852,Dodoma,0,7.6,Coffee,7996611.617696926,1,601000.0,1
NMB-AGRI-04853,Mbeya,1,7.6,Maize,8251778.723618774,0,3553000.0,0
NMB-AGRI-04854,Morogoro,0,3.8,Coffee,3049330.4433578406,0,1115000.0,1
NMB-AGRI-04855,Mwanza,1,5.5,Coffee,6269139.2845284315,0,1720000.0,1
NMB-AGRI-04856,Arusha,1,3.9,Cashew,5185021.282291589,0,855000.0,0
NMB-AGRI-04857,Mwanza,1,0.7,Rice,1048649.8775145658,1,1795000.0,1
NMB-AGRI-04858,Morogoro,1,5.8,Maize,7762977.439798842,1,1546000.0,1
NMB-AGRI-04859,Mbeya,0,1.7,Coffee,1797747.8914559106,0,3734000.0,1
NMB-AGRI-04860,Morogoro,1,1.3,Coffee,901458.4691839435,0,3570000.0,1
NMB-AGRI-04861,Morogoro,1,7.7,Maize,9097133.246122621,0,4784000.0,1
NMB-AGRI-04862,Mwanza,0,0.6,Cashew,862592.271334787,0,3677000.0,0
NMB-AGRI-04863,Arusha,1,9.6,Maize,6833918.781430103,0,3535000.0,0
NMB-AGRI-04864,Morogoro,1,5.4,Cashew,4082376.3508435166,1,3532000.0,0
NMB-AGRI-04865,Mwanza,0,9.8,Coffee,6360283.725434182,0,4438000.0,1
NMB-AGRI-04866,Arusha,0,1.1,Rice,1360393.807989042,0,1622000.0,1
NMB-AGRI-04867,Mbeya,0,6.0,Cashew,5439369.020541956,0,1640000.0,0
NMB-AGRI-04868,Mbeya,1,3.8,Cashew,2138243.4277682593,0,3758000.0,1
NMB-AGRI-04869,Dodoma,1,8.5,Maize,11687074.927667383,0,1298000.0,1
NMB-AGRI-04870,Mwanza,1,3.9,Coffee,4124920.4283400094,0,4578000.0,0
NMB-AGRI-04871,Arusha,1,3.0,Rice,2493282.8760010675,0,2767000.0,1
NMB-AGRI-04872,Morogoro,1,8.6,Maize,7258253.594125433,1,1641000.0,0
NMB-AGRI-04873,Mbeya,1,4.1,Maize,3240030.0027827173,0,3925000.0,1
NMB-AGRI-04874,Arusha,0,0.7,Rice,668836.1206748493,0,1699000.0,1
NMB-AGRI-04875,Mwanza,1,4.2,Coffee,3515575.091650209,1,4824000.0,0
NMB-AGRI-04876,Dodoma,1,6.7,Rice,7021240.237273083,1,4918000.0,1
NMB-AGRI-04877,Mbeya,1,2.9,Maize,3693200.0315867527,0,3401000.0,0
NMB-AGRI-04878,Arusha,1,4.6,Maize,5402521.903844117,0,745000.0,1
NMB-AGRI-04879,Arusha,0,1.0,Cashew,794456.8927541171,1,1463000.0,1
NMB-AGRI-04880,Arusha,1,6.1,Rice,6275320.170392653,0,2674000.0,1
NMB-AGRI-04881,Mwanza,0,7.7,Rice,10318971.431324333,0,4287000.0,1
NMB-AGRI-04882,Mwanza,1,4.4,Rice,2500107.432867992,0,1087000.0,0
NMB-AGRI-04883,Mwanza,0,4.5,Maize,2602337.7014410715,0,701000.0,0
NMB-AGRI-04884,Morogoro,1,1.3,Coffee,1373021.0884646797,0,557000.0,0
NMB-AGRI-04885,Arusha,0,2.4,Maize,2733876.3081355277,0,2633000.0,0
NMB-AGRI-04886,Mbeya,0,2.0,Cashew,1422826.0315518081,1,4447000.0,0
NMB-AGRI-04887,Mwanza,0,5.1,Maize,6350622.646126741,1,403000.0,1
NMB-AGRI-04888,Mwanza,0,5.5,Maize,6304448.573724002,1,1219000.0,1
NMB-AGRI-04889,Arusha,0,9.5,Maize,13521248.048244722,0,3528000.0,0
NMB-AGRI-04890,Mwanza,1,1.2,Cashew,802745.042230244,0,4164000.0,1
NMB-AGRI-04891,Morogoro,1,6.2,Rice,7758520.445219667,1,4076000.0,1
NMB-AGRI-04892,Morogoro,0,5.5,Coffee,3210036.9982079687,0,3968000.0,0
NMB-AGRI-04893,Mwanza,0,5.4,Coffee,5752579.011396647,0,823000.0,1
NMB-AGRI-04894,Arusha,1,8.8,Cashew,9256677.227592483,0,2107000.0,1
NMB-AGRI-04895,Arusha,1,2.5,Rice,2220962.6116168518,0,4927000.0,1
NMB-AGRI-04896,Arusha,1,0.9,Rice,1210114.0329017106,0,4947000.0,1
NMB-AGRI-04897,Dodoma,1,6.9,Cashew,3480157.4490234847,0,3092000.0,1
NMB-AGRI-04898,Mwanza,0,3.8,Maize,3876681.727214379,1,3604000.0,1
NMB-AGRI-04899,Arusha,0,0.7,Rice,502007.4848846311,0,4766000.0,1
NMB-AGRI-04900,Morogoro,0,2.9,Coffee,3606145.9954376556,1,2360000.0,1
NMB-AGRI-04901,Mbeya,1,3.4,Cashew,1846429.2494407303,1,857000.0,1
NMB-AGRI-04902,Mbeya,1,6.4,Coffee,8521950.004362097,0,3411000.0,0
NMB-AGRI-04903,Arusha,1,2.1,Maize,2809993.676084598,1,4808000.0,1
NMB-AGRI-04904,Mbeya,0,4.4,Cashew,5864610.454575414,0,3547000.0,0
NMB-AGRI-04905,Mbeya,0,5.1,Coffee,3328099.4863366163,0,4056000.0,0
NMB-AGRI-04906,Dodoma,0,4.9,Coffee,5538991.940949121,0,2229000.0,1
NMB-AGRI-04907,Morogoro,1,9.8,Maize,5040800.119997218,0,663000.0,1
NMB-AGRI-04908,Morogoro,0,0.9,Cashew,1213166.3321602799,0,1011000.0,1
NMB-AGRI-04909,Dodoma,1,9.5,Rice,11618264.338331893,0,4917000.0,0
NMB-AGRI-04910,Dodoma,0,6.0,Rice,6186922.385395516,0,2567000.0,1
NMB-AGRI-04911,Mbeya,1,8.1,Coffee,9967790.608082598,0,258000.0,1
NMB-AGRI-04912,Mwanza,1,4.6,Maize,2733890.844598152,0,4786000.0,1
NMB-AGRI-04913,Mbeya,1,4.8,Coffee,4937547.9944489105,0,2589000.0,1
NMB-AGRI-04914,Dodoma,1,8.9,Maize,7042360.777166365,0,4214000.0,1
NMB-AGRI-04915,Morogoro,1,9.0,Rice,13253575.169006757,1,2833000.0,0
NMB-AGRI-04916,Mbeya,1,2.8,Coffee,3799930.261746924,0,688000.0,1
NMB-AGRI-04917,Mwanza,1,2.4,Coffee,2959861.6700015445,1,3155000.0,1
NMB-AGRI-04918,Mbeya,1,5.2,Maize,7455487.703298607,0,4988000.0,0
NMB-AGRI-04919,Arusha,1,9.1,Cashew,7706274.07154581,0,367000.0,0
NMB-AGRI-04920,Mbeya,1,3.6,Maize,5043167.636357453,0,4241000.0,1
NMB-AGRI-04921,Dodoma,1,6.7,Cashew,5529096.155114959,0,1330000.0,1
NMB-AGRI-04922,Morogoro,1,7.2,Rice,8876136.381776303,1,2091000.0,1
NMB-AGRI-04923,Morogoro,0,7.9,Coffee,9767693.603033949,0,1989000.0,1
NMB-AGRI-04924,Dodoma,0,5.9,Coffee,3058264.271079152,0,4514000.0,1
NMB-AGRI-04925,Arusha,1,4.3,Maize,3702556.7025962393,0,2622000.0,1
NMB-AGRI-04926,Dodoma,1,9.7,Maize,5038496.922362429,0,2346000.0,1
NMB-AGRI-04927,Mbeya,1,6.3,Rice,9431679.710944567,1,4127000.0,0
NMB-AGRI-04928,Dodoma,1,7.4,Rice,4604256.037536361,0,435000.0,1
NMB-AGRI-04929,Dodoma,1,3.8,Cashew,3962681.4034628156,1,615000.0,1
NMB-AGRI-04930,Arusha,1,6.9,Rice,8904838.047462197,0,304000.0,0
NMB-AGRI-04931,Mbeya,0,2.9,Rice,2033664.4465565882,0,3502000.0,0
NMB-AGRI-04932,Mwanza,1,2.8,Rice,2758147.4706673236,0,2723000.0,1
NMB-AGRI-04933,Mwanza,1,7.3,Rice,8084229.954724401,0,4405000.0,1
NMB-AGRI-04934,Morogoro,0,5.5,Cashew,3631126.1491754996,1,2593000.0,0
NMB-AGRI-04935,Dodoma,1,7.0,Rice,8949888.21938077,0,1265000.0,1
NMB-AGRI-04936,Morogoro,1,3.1,Cashew,2477943.0172870327,0,4065000.0,0
NMB-AGRI-04937,Arusha,0,6.2,Maize,4408343.07330081,1,1613000.0,0
NMB-AGRI-04938,Mwanza,0,4.7,Coffee,4973957.108255859,0,4691000.0,1
NMB-AGRI-04939,Dodoma,1,6.2,Maize,5643944.491386215,0,1402000.0,0
NMB-AGRI-04940,Arusha,0,3.3,Rice,4686943.617300179,0,1005000.0,0
NMB-AGRI-04941,Arusha,0,7.3,Coffee,10074457.696846524,0,2568000.0,0
NMB-AGRI-04942,Dodoma,0,8.2,Rice,8063475.439788842,0,442000.0,1
NMB-AGRI-04943,Arusha,1,3.0,Rice,2577791.324176793,0,375000.0,0
NMB-AGRI-04944,Dodoma,1,3.4,Maize,2806761.137546302,1,2581000.0,0
NMB-AGRI-04945,Dodoma,1,6.8,Rice,5219432.63695425,0,1233000.0,0
NMB-AGRI-04946,Mbeya,0,7.1,Maize,7416289.761358588,1,245000.0,0
NMB-AGRI-04947,Morogoro,1,7.2,Rice,9395845.954088714,0,1621000.0,1
NMB-AGRI-04948,Arusha,0,7.0,Cashew,5675296.257424904,0,2491000.0,1
NMB-AGRI-04949,Arusha,0,4.2,Coffee,2898395.1766899424,1,2093000.0,1
NMB-AGRI-04950,Mbeya,1,4.3,Maize,4194580.366588132,1,850000.0,1
NMB-AGRI-04951,Mbeya,0,2.9,Maize,1650199.808713233,0,2982000.0,1
NMB-AGRI-04952,Mbeya,1,2.0,Coffee,2402558.0122594135,0,3610000.0,1
NMB-AGRI-04953,Mwanza,1,7.1,Maize,7230343.690743729,1,3443000.0,1
NMB-AGRI-04954,Mwanza,0,1.4,Coffee,1394924.7311619958,1,2090000.0,0
NMB-AGRI-04955,Mwanza,1,9.4,Cashew,7524186.567770212,1,860000.0,0
NMB-AGRI-04956,Dodoma,1,8.4,Rice,11799256.87526659,0,2598000.0,0
NMB-AGRI-04957,Arusha,1,8.6,Cashew,5078182.109906153,0,4474000.0,1
NMB-AGRI-04958,Morogoro,0,9.1,Rice,12465398.480871985,0,2450000.0,1
NMB-AGRI-04959,Dodoma,1,4.4,Coffee,3857502.89063006,1,1139000.0,1
NMB-AGRI-04960,Arusha,0,8.5,Cashew,11735299.885787688,0,647000.0,0
NMB-AGRI-04961,Arusha,1,2.0,Rice,2457522.916664767,0,4731000.0,0
NMB-AGRI-04962,Mbeya,0,0.7,Coffee,422919.50866342685,1,3766000.0,1
NMB-AGRI-04963,Mbeya,1,8.0,Rice,10652290.29207483,0,1702000.0,0
NMB-AGRI-04964,Dodoma,0,1.2,Maize,1418612.200439406,1,1618000.0,0
NMB-AGRI-04965,Mbeya,0,9.9,Maize,5269788.937861949,0,4497000.0,1
NMB-AGRI-04966,Arusha,1,6.9,Coffee,4372548.506556723,0,1052000.0,1
NMB-AGRI-04967,Mbeya,1,7.7,Rice,8744336.029934851,0,2768000.0,1
NMB-AGRI-04968,Mwanza,1,2.8,Maize,3255281.408064798,0,3625000.0,1
NMB-AGRI-04969,Mbeya,1,6.9,Cashew,8601894.886579406,0,2103000.0,1
NMB-AGRI-04970,Arusha,0,0.9,Rice,1098220.8606974836,0,392000.0,1
NMB-AGRI-04971,Dodoma,1,8.5,Rice,9855919.614694618,0,1293000.0,1
NMB-AGRI-04972,Morogoro,1,2.1,Maize,2659101.6936674872,1,4529000.0,1
NMB-AGRI-04973,Mbeya,0,7.1,Maize,7633108.511835847,0,2711000.0,1
NMB-AGRI-04974,Arusha,1,2.6,Coffee,1978057.6023635827,0,4114000.0,1
NMB-AGRI-04975,Morogoro,1,1.2,Rice,1694851.936476862,0,2867000.0,1
NMB-AGRI-04976,Morogoro,1,5.1,Cashew,2642891.557753087,0,4729000.0,1
NMB-AGRI-04977,Mwanza,1,2.1,Maize,1819779.6117301297,1,4564000.0,1
NMB-AGRI-04978,Morogoro,1,7.4,Rice,9093640.168919008,0,2518000.0,0
NMB-AGRI-04979,Arusha,0,2.8,Maize,2596036.915219088,0,1728000.0,0
NMB-AGRI-04980,Arusha,0,3.8,Coffee,1994370.7484240541,1,3088000.0,1
NMB-AGRI-04981,Mbeya,1,5.9,Rice,3339287.3283856576,0,3439000.0,1
NMB-AGRI-04982,Mbeya,0,3.2,Rice,3675639.581242524,0,2592000.0,0
NMB-AGRI-04983,Mbeya,0,4.1,Coffee,6005944.857561728,1,4147000.0,0
NMB-AGRI-04984,Morogoro,1,8.2,Cashew,8625281.813842889,1,1080000.0,1
NMB-AGRI-04985,Morogoro,1,2.2,Maize,2214867.1996522923,0,1805000.0,0
NMB-AGRI-04986,Mwanza,0,1.3,Coffee,1063822.7769731474,0,3495000.0,1
NMB-AGRI-04987,Mbeya,1,3.6,Rice,2724086.4259178275,1,1384000.0,0
NMB-AGRI-04988,Dodoma,1,4.5,Coffee,2344432.4179032813,0,2311000.0,0
NMB-AGRI-04989,Mwanza,0,5.7,Rice,4405842.745550686,1,4826000.0,1
NMB-AGRI-04990,Dodoma,1,4.0,Coffee,3796441.7634610096,1,3204000.0,0
NMB-AGRI-04991,Morogoro,1,8.0,Cashew,5583598.264391601,0,4755000.0,1
NMB-AGRI-04992,Mwanza,1,0.9,Rice,528613.1896332863,0,3668000.0,1
NMB-AGRI-04993,Mwanza,1,4.6,Coffee,5601548.189371172,0,3678000.0,1
NMB-AGRI-04994,Arusha,0,4.1,Cashew,5717943.103179074,0,3041000.0,0
NMB-AGRI-04995,Morogoro,1,6.7,Cashew,9626372.866903475,0,883000.0,1
NMB-AGRI-04996,Morogoro,0,9.7,Maize,10844587.666420795,1,2695000.0,0
NMB-AGRI-04997,Mwanza,1,5.3,Rice,2929705.2877761936,0,1413000.0,0
NMB-AGRI-04998,Morogoro,1,9.9,Maize,12284540.036621556,0,4994000.0,1
NMB-AGRI-04999,Mwanza,1,3.4,Cashew,2074324.0378904135,1,1481000.0,1
